{"type": "FeatureCollection", "name": "buffer_ring_5km", "crs": {"type": "name", "properties": {"name": "EPSG:32642"}}, "features": [{"type": "Feature", "properties": {"buffer_distance_m": 5000, "excludes_connected_basin": true}, "geometry": {"type": "Polygon", "coordinates": [[[284799.5468, 4338193.11058], [284837.00902, 4338804.0269], [284898.50457, 4339134.95094], [284897.57718, 4339135.10551], [284927.57718, 4339315.10551], [284989.80022, 4339600.18071], [285035.28826, 4339925.0992], [285038.22275, 4339937.52989], [284973.62317, 4340373.02488], [284970.84982, 4340429.47771], [284943.62317, 4340613.02488], [284919.5468, 4341103.11058], [284919.5468, 4341253.11058], [284943.62317, 4341743.19628], [285015.6204, 4342228.56219], [285072.06215, 4342453.8903], [285033.62317, 4342713.02488], [285009.5468, 4343203.11058], [285009.5468, 4343293.11058], [285033.62317, 4343783.19628], [285105.6204, 4344268.56219], [285224.84512, 4344744.53396], [285348.75161, 4345090.82939], [285434.84512, 4345434.53396], [285600.14914, 4345896.52774], [285809.94048, 4346340.09426], [285840.70516, 4346391.42203], [285929.94048, 4346580.09426], [286129.03244, 4346912.25913], [286218.48973, 4347294.62809], [286363.79064, 4347730.53081], [286423.75015, 4347867.10894], [286496.13031, 4348084.24941], [286662.91767, 4348516.681], [286869.0302, 4348931.81078], [287112.69685, 4349326.07171], [287214.2033, 4349460.62631], [287412.19874, 4349790.96174], [287704.49453, 4350185.077], [288034.01289, 4350548.64448], [288397.58038, 4350878.16284], [288791.69563, 4351170.45864], [289212.56311, 4351422.7169], [289656.12964, 4351632.50824], [290118.12341, 4351797.81226], [290594.09519, 4351917.03698], [291079.4611, 4351989.03421], [291091.05839, 4351989.60395], [291173.05803, 4352001.76745], [291194.09519, 4352007.03698], [291679.4611, 4352079.03421], [292100.44045, 4352099.7156], [292159.57201, 4352275.46676], [292347.41084, 4352699.17856], [292407.41084, 4352819.17856], [292627.86004, 4353206.64795], [292634.84512, 4353234.53396], [292800.14914, 4353696.52774], [293009.94048, 4354140.09426], [293262.19874, 4354560.96174], [293554.49453, 4354955.077], [293884.01289, 4355318.64448], [293914.01289, 4355348.64448], [294277.58038, 4355678.16284], [294671.69563, 4355970.45864], [295092.56311, 4356222.7169], [295536.12964, 4356432.50824], [295998.12341, 4356597.81226], [296474.09519, 4356717.03698], [296622.36677, 4356739.03099], [296774.09519, 4356777.03698], [297259.4611, 4356849.03421], [297749.5468, 4356873.11058], [297779.5468, 4356873.11058], [298254.46276, 4356850.50496], [298682.34098, 4356789.0333], [298747.58038, 4356848.16284], [299141.69563, 4357140.45864], [299562.56311, 4357392.7169], [300006.12964, 4357602.50824], [300468.12341, 4357767.81226], [300944.09519, 4357887.03698], [301429.4611, 4357959.03421], [301919.5468, 4357983.11058], [302009.5468, 4357983.11058], [302499.6325, 4357959.03421], [302815.66859, 4357912.15469], [302929.4611, 4357929.03421], [302945.91835, 4357929.8427], [303254.09519, 4358007.03698], [303711.57889, 4358074.89827], [303847.58038, 4358198.16284], [304241.69563, 4358490.45864], [304323.09714, 4358539.24883], [304593.74285, 4358827.38198], [304954.58198, 4359144.24777], [305344.15463, 4359425.03586], [305758.86727, 4359667.15615], [306194.89443, 4359868.37524], [306648.21404, 4360026.83702], [306652.2953, 4360027.83664], [306708.12341, 4360047.81226], [306739.26827, 4360055.61364], [306801.54788, 4360112.06058], [306899.94048, 4360320.09426], [307152.19874, 4360740.96174], [307444.49453, 4361135.077], [307774.01289, 4361498.64448], [307864.01289, 4361588.64448], [307901.50774, 4361622.62783], [307921.36509, 4361644.54855], [308040.14914, 4361976.52774], [308136.72387, 4362180.71786], [308161.48457, 4362249.74859], [308371.17381, 4362692.40021], [308399.75028, 4362740.03007], [308384.84512, 4362781.68719], [308265.6204, 4363257.65897], [308193.62317, 4363743.02488], [308192.81468, 4363759.48213], [308115.6204, 4364067.65897], [308043.62317, 4364553.02488], [308019.5468, 4365043.11058], [308019.5468, 4365283.11058], [308041.02831, 4365746.09401], [308105.28826, 4366205.0992], [308211.77449, 4366656.18211], [308359.57201, 4367095.46676], [308423.56807, 4367239.82396], [308509.69067, 4367462.0056], [308725.405, 4367891.04655], [308981.28347, 4368297.41463], [309274.96576, 4368677.36136], [309603.74285, 4369027.38198], [309964.58198, 4369344.24777], [310162.10962, 4369486.61764], [310417.58038, 4369718.16284], [310811.69563, 4370010.45864], [311232.56311, 4370262.7169], [311676.12964, 4370472.50824], [312138.12341, 4370637.81226], [312294.38639, 4370676.9541], [312306.12964, 4370682.50824], [312387.08378, 4370711.4741], [312516.12964, 4370772.50824], [312978.12341, 4370937.81226], [313454.09519, 4371057.03698], [313939.4611, 4371129.03421], [314429.5468, 4371153.11058], [314459.5468, 4371153.11058], [314467.16495, 4371152.76017], [314509.4611, 4371159.03421], [314999.5468, 4371183.11058], [315089.5468, 4371183.11058], [315579.6325, 4371159.03421], [316064.99841, 4371087.03698], [316540.97019, 4370967.81226], [317002.96396, 4370802.50824], [317446.53048, 4370592.7169], [317867.39796, 4370340.45864], [318261.51322, 4370048.16284], [318281.49312, 4370030.05412], [318624.6354, 4369787.85686], [319004.38544, 4369457.9536], [319349.06489, 4369091.56266], [319532.46849, 4368852.41067], [319720.68399, 4368638.0754], [320001.47208, 4368248.50274], [320243.59237, 4367833.7901], [320254.52516, 4367810.09953], [320387.39796, 4367730.45864], [320781.51322, 4367438.16284], [320819.06669, 4367404.12636], [321054.6354, 4367237.85686], [321434.38544, 4366907.9536], [321535.45558, 4366800.51701], [321603.79758, 4366747.69162], [321953.8182, 4366418.91453], [322270.68399, 4366058.0754], [322551.47208, 4365668.50274], [322793.59237, 4365253.7901], [322994.81146, 4364817.76295], [323018.82425, 4364749.06835], [323038.94446, 4364706.52774], [323204.24848, 4364244.53396], [323323.4732, 4363768.56219], [323395.47043, 4363283.19628], [323416.84522, 4362848.10255], [323529.07665, 4362410.41053], [323604.36585, 4361914.28456], [323629.5468, 4361413.11058], [323629.5468, 4361203.11058], [323600.81785, 4360667.88711], [323578.24901, 4360528.81169], [323575.5558, 4360473.89237], [323503.81302, 4359989.36889], [323391.27721, 4359539.26856], [323523.33936, 4359180.02166], [323648.58443, 4358692.82568], [323724.24217, 4358195.51074], [323749.5468, 4357693.11058], [323749.5468, 4357603.11058], [323728.06529, 4357140.12715], [323663.80534, 4356681.12195], [323557.31911, 4356230.03904], [323520.36195, 4356120.19474], [323486.24054, 4355981.82422], [323342.27365, 4355562.2275], [323258.82593, 4355374.99905], [323188.94446, 4355179.69342], [323124.79155, 4355044.05349], [323107.31911, 4354970.03904], [322959.52159, 4354530.75439], [322771.68275, 4354107.0426], [322681.68275, 4353927.0426], [322434.36943, 4353488.99881], [322189.5468, 4353142.13692], [322189.5468, 4353133.11058], [322168.06529, 4352670.12715], [322103.80534, 4352211.12195], [322083.3757, 4352124.58062], [322078.06529, 4352010.12715], [322034.80243, 4351701.10297], [322029.80969, 4351621.21915], [321984.24875, 4351191.54292], [321901.76128, 4350767.40465], [321853.27018, 4350597.83277], [321838.06529, 4350270.12715], [321773.80534, 4349811.12195], [321667.31911, 4349360.03904], [321519.52159, 4348920.75439], [321331.68275, 4348497.0426], [321301.68275, 4348437.0426], [321054.36943, 4347998.99881], [320764.29308, 4347588.02197], [320434.38982, 4347208.27194], [320067.99888, 4346863.59249], [319668.82882, 4346557.4724], [319240.91997, 4346293.01019], [319161.39692, 4346254.30894], [318976.53048, 4346143.50426], [318532.96396, 4345933.71292], [318070.97019, 4345768.4089], [317768.31185, 4345692.59694], [317560.97019, 4345618.4089], [317402.00804, 4345578.59096], [317362.61833, 4345565.33827], [317127.7835, 4345509.90129], [317084.99841, 4345499.18418], [317077.96657, 4345498.14111], [316911.53542, 4345458.85204], [316452.53023, 4345394.59209], [315989.5468, 4345373.11058], [315899.5468, 4345373.11058], [315436.56337, 4345394.59209], [314977.55818, 4345458.85204], [314526.47526, 4345565.33827], [314383.60947, 4345613.40553], [314377.11619, 4345614.31458], [313864.32333, 4345641.83953], [313335.25043, 4345727.69624], [313316.58762, 4345732.82368], [313037.39796, 4345525.76252], [312896.22577, 4345441.14716], [312811.08982, 4345358.13872], [312518.53514, 4345126.49758], [312508.94446, 4345099.69342], [312299.15312, 4344656.12689], [312046.89486, 4344235.25941], [311984.97962, 4344151.77637], [311914.36971, 4344026.7114], [311896.17592, 4343979.54015], [311690.06339, 4343564.41037], [311446.39674, 4343170.14945], [311167.2697, 4342800.14512], [310989.31686, 4342604.8755], [310975.47043, 4342323.02488], [310903.4732, 4341837.65897], [310854.55506, 4341642.3668], [310843.4732, 4341567.65897], [310724.24848, 4341091.68719], [310558.94446, 4340629.69342], [310349.15312, 4340186.12689], [310096.89486, 4339765.25941], [310064.58367, 4339721.69281], [310035.15063, 4339672.65076], [309742.27547, 4339278.31496], [309412.12088, 4338914.61932], [309047.87319, 4338585.07388], [308653.04778, 4338292.85911], [308563.04778, 4338232.85911], [308142.68581, 4337981.45139], [307948.25609, 4337889.67956], [307765.08071, 4337687.57667], [307401.51322, 4337358.05831], [307329.24443, 4337304.46013], [307257.21449, 4337152.50356], [307004.81821, 4336732.154], [306712.46523, 4336338.54586], [306480.60956, 4336083.05881], [306446.56837, 4336011.29753], [306194.12628, 4335591.1204], [305901.75439, 4335197.68107], [305572.26269, 4334834.7609], [305208.81795, 4334505.84793], [304814.91323, 4334214.10335], [304394.33438, 4333962.33112], [304061.10689, 4333804.90896], [304069.5468, 4333633.11058], [304069.5468, 4333603.11058], [304045.47043, 4333113.02488], [303973.4732, 4332627.65897], [303854.24848, 4332151.68719], [303688.94446, 4331689.69342], [303554.68443, 4331405.82444], [303553.4732, 4331397.65897], [303434.24848, 4330921.68719], [303268.94446, 4330459.69342], [303059.84789, 4330017.59586], [302938.94446, 4329679.69342], [302729.15312, 4329236.12689], [302612.83567, 4329042.06294], [302559.40292, 4328904.21556], [302453.50006, 4328693.58207], [302432.96329, 4328631.97175], [302266.17592, 4328199.54015], [302060.06339, 4327784.41037], [301816.39674, 4327390.14945], [301537.2697, 4327020.14512], [301225.08071, 4326677.57667], [301195.08071, 4326647.57667], [300831.51322, 4326318.05831], [300575.05959, 4326127.85934], [300471.97557, 4326034.42944], [300408.1083, 4325915.85112], [300129.5468, 4325503.11058], [300099.2566, 4325462.72364], [299986.89486, 4325275.25941], [299694.59907, 4324881.14416], [299365.08071, 4324517.57667], [299335.08071, 4324487.57667], [298971.51322, 4324158.05831], [298577.39796, 4323865.76252], [298156.53048, 4323613.50426], [298109.36242, 4323591.19543], [298096.53048, 4323583.50426], [297652.96396, 4323373.71292], [297190.97019, 4323208.4089], [297157.52357, 4323200.03096], [297046.53048, 4323133.50426], [296930.65223, 4323078.69793], [296908.76408, 4323049.923], [296605.08071, 4322717.57667], [296545.08071, 4322657.57667], [296319.69282, 4322453.297], [296184.59907, 4322271.14416], [295855.08071, 4321907.57667], [295823.6069, 4321879.05048], [295795.08071, 4321847.57667], [295431.51322, 4321518.05831], [295037.39796, 4321225.76252], [294616.53048, 4320973.50426], [294172.96396, 4320763.71292], [293737.4865, 4320607.89659], [293446.53048, 4320433.50426], [293002.96396, 4320223.71292], [292540.97019, 4320058.4089], [292064.99841, 4319939.18418], [291579.6325, 4319867.18694], [291089.5468, 4319843.11058], [291059.5468, 4319843.11058], [290596.56337, 4319864.59209], [290431.21467, 4319887.74063], [290240.32859, 4319897.10158], [289755.80512, 4319968.84436], [289280.62606, 4320087.65045], [288819.35142, 4320252.37972], [288376.40779, 4320461.45139], [287956.04582, 4320712.85911], [287866.04582, 4320772.85911], [287471.22041, 4321065.07388], [287106.97272, 4321394.61932], [286776.81812, 4321758.31496], [286483.94297, 4322152.65076], [286231.17381, 4322573.82095], [286020.95013, 4323017.76079], [285855.30082, 4323480.1858], [285735.82457, 4323956.63307], [285663.67446, 4324442.50439], [285660.88383, 4324499.24845], [285633.62317, 4324683.02488], [285609.5468, 4325173.11058], [285609.5468, 4325323.11058], [285633.62317, 4325813.19628], [285705.6204, 4326298.56219], [285824.84512, 4326774.53396], [285925.97453, 4327057.17173], [285931.02831, 4327166.09401], [285995.28826, 4327625.0992], [286101.77449, 4328076.18211], [286231.02082, 4328460.3288], [286265.28826, 4328705.0992], [286365.53398, 4329129.74688], [286139.94048, 4329506.12689], [286028.39634, 4329741.96716], [285989.94048, 4329806.12689], [285780.14914, 4330249.69342], [285614.84512, 4330711.68719], [285495.6204, 4331187.65897], [285423.62317, 4331673.02488], [285399.5468, 4332163.11058], [285399.5468, 4332223.11058], [285401.67644, 4332269.00992], [285314.84512, 4332511.68719], [285195.6204, 4332987.65897], [285123.62317, 4333473.02488], [285099.5468, 4333963.11058], [285099.5468, 4334083.11058], [285121.02831, 4334546.09401], [285137.9123, 4334666.69539], [285123.62317, 4334763.02488], [285099.5468, 4335253.11058], [285099.5468, 4335313.11058], [285106.20601, 4335448.66186], [284954.84512, 4335871.68719], [284835.6204, 4336347.65897], [284763.62317, 4336833.02488], [284739.5468, 4337323.11058], [284739.5468, 4337353.11058], [284777.00902, 4337964.0269], [284799.5468, 4338085.30873], [284799.5468, 4338193.11058]], [[314999.546799107, 4366093.110577661], [314879.546799107, 4366093.110577661], [314879.546799107, 4366063.110577661], [314849.546799107, 4366063.110577661], [314849.546799107, 4366033.110577661], [314789.546799107, 4366033.110577661], [314789.546799107, 4366063.110577661], [314699.546799107, 4366063.110577661], [314699.546799107, 4366033.110577661], [314579.546799107, 4366033.110577661], [314579.546799107, 4366063.110577661], [314519.546799107, 4366063.110577661], [314519.546799107, 4366093.110577661], [314489.546799107, 4366093.110577661], [314489.546799107, 4366123.110577661], [314459.546799107, 4366123.110577661], [314459.546799107, 4366153.110577661], [314429.546799107, 4366153.110577661], [314429.546799107, 4366123.110577661], [314369.546799107, 4366123.110577661], [314369.546799107, 4366093.110577661], [314339.546799107, 4366093.110577661], [314339.546799107, 4366063.110577661], [314219.546799107, 4366063.110577661], [314219.546799107, 4366003.110577661], [314159.546799107, 4366003.110577661], [314159.546799107, 4365973.110577661], [314129.546799107, 4365973.110577661], [314129.546799107, 4365943.110577661], [314069.546799107, 4365943.110577661], [314069.546799107, 4365913.110577661], [313949.546799107, 4365913.110577661], [313949.546799107, 4365883.110577661], [313889.546799107, 4365883.110577661], [313889.546799107, 4365853.110577661], [313829.546799107, 4365853.110577661], [313829.546799107, 4365883.110577661], [313799.546799107, 4365883.110577661], [313799.546799107, 4365823.110577661], [313709.546799107, 4365823.110577661], [313709.546799107, 4365853.110577661], [313589.546799107, 4365853.110577661], [313589.546799107, 4365763.110577661], [313619.546799107, 4365763.110577661], [313619.546799107, 4365733.110577661], [313649.546799107, 4365733.110577661], [313649.546799107, 4365673.110577661], [313619.546799107, 4365673.110577661], [313619.546799107, 4365643.110577661], [313439.546799107, 4365643.110577661], [313439.546799107, 4365583.110577661], [313379.546799107, 4365583.110577661], [313379.546799107, 4365553.110577661], [313319.546799107, 4365553.110577661], [313319.546799107, 4365463.110577661], [313289.546799107, 4365463.110577661], [313289.546799107, 4365433.110577661], [313259.546799107, 4365433.110577661], [313259.546799107, 4365403.110577661], [313199.546799107, 4365403.110577661], [313199.546799107, 4365433.110577661], [313079.546799107, 4365433.110577661], [313079.546799107, 4365343.110577661], [313049.546799107, 4365343.110577661], [313049.546799107, 4365283.110577661], [313019.546799107, 4365283.110577661], [313019.546799107, 4365043.110577661], [313049.546799107, 4365043.110577661], [313049.546799107, 4364983.110577661], [313079.546799107, 4364983.110577661], [313079.546799107, 4364953.110577661], [313109.546799107, 4364953.110577661], [313109.546799107, 4364923.110577661], [313139.546799107, 4364923.110577661], [313139.546799107, 4364743.110577661], [313109.546799107, 4364743.110577661], [313109.546799107, 4364713.110577661], [313139.546799107, 4364713.110577661], [313139.546799107, 4364683.110577661], [313169.546799107, 4364683.110577661], [313169.546799107, 4364653.110577661], [313229.546799107, 4364653.110577661], [313229.546799107, 4364623.110577661], [313199.546799107, 4364623.110577661], [313199.546799107, 4364533.110577661], [313229.546799107, 4364533.110577661], [313229.546799107, 4364473.110577661], [313199.546799107, 4364473.110577661], [313199.546799107, 4364323.110577661], [313169.546799107, 4364323.110577661], [313169.546799107, 4364233.110577661], [313199.546799107, 4364233.110577661], [313199.546799107, 4364203.110577661], [313229.546799107, 4364203.110577661], [313229.546799107, 4364173.110577661], [313289.546799107, 4364173.110577661], [313289.546799107, 4364143.110577661], [313259.546799107, 4364143.110577661], [313259.546799107, 4364113.110577661], [313289.546799107, 4364113.110577661], [313289.546799107, 4364053.110577661], [313469.546799107, 4364053.110577661], [313469.546799107, 4364023.110577661], [313499.546799107, 4364023.110577661], [313499.546799107, 4363963.110577661], [313589.546799107, 4363963.110577661], [313589.546799107, 4363903.110577661], [313649.546799107, 4363903.110577661], [313649.546799107, 4363873.110577661], [313679.546799107, 4363873.110577661], [313679.546799107, 4363843.110577661], [313709.546799107, 4363843.110577661], [313709.546799107, 4363753.110577661], [313739.546799107, 4363753.110577661], [313739.546799107, 4363693.110577661], [313769.546799107, 4363693.110577661], [313769.546799107, 4363663.110577661], [313799.546799107, 4363663.110577661], [313799.546799107, 4363603.110577661], [313829.546799107, 4363603.110577661], [313829.546799107, 4363423.110577661], [313799.546799107, 4363423.110577661], [313799.546799107, 4363393.110577661], [313769.546799107, 4363393.110577661], [313769.546799107, 4363303.110577661], [313739.546799107, 4363303.110577661], [313739.546799107, 4363273.110577661], [313709.546799107, 4363273.110577661], [313709.546799107, 4363063.110577661], [313679.546799107, 4363063.110577661], [313679.546799107, 4362883.110577661], [313649.546799107, 4362883.110577661], [313649.546799107, 4362733.110577661], [313619.546799107, 4362733.110577661], [313619.546799107, 4362703.110577661], [313589.546799107, 4362703.110577661], [313589.546799107, 4362613.110577661], [313649.546799107, 4362613.110577661], [313649.546799107, 4362583.110577661], [313679.546799107, 4362583.110577661], [313679.546799107, 4362493.110577661], [313649.546799107, 4362493.110577661], [313649.546799107, 4362463.110577661], [313589.546799107, 4362463.110577661], [313589.546799107, 4362403.110577661], [313529.546799107, 4362403.110577661], [313529.546799107, 4362283.110577661], [313559.546799107, 4362283.110577661], [313559.546799107, 4362253.110577661], [313589.546799107, 4362253.110577661], [313589.546799107, 4362223.110577661], [313559.546799107, 4362223.110577661], [313559.546799107, 4362103.110577661], [313619.546799107, 4362103.110577661], [313619.546799107, 4362013.110577661], [313589.546799107, 4362013.110577661], [313589.546799107, 4361953.110577661], [313559.546799107, 4361953.110577661], [313559.546799107, 4361833.110577661], [313469.546799107, 4361833.110577661], [313469.546799107, 4361743.110577661], [313499.546799107, 4361743.110577661], [313499.546799107, 4361653.110577661], [313469.546799107, 4361653.110577661], [313469.546799107, 4361623.110577661], [313439.546799107, 4361623.110577661], [313439.546799107, 4361563.110577661], [313469.546799107, 4361563.110577661], [313469.546799107, 4361503.110577661], [313499.546799107, 4361503.110577661], [313499.546799107, 4361413.110577661], [313469.546799107, 4361413.110577661], [313469.546799107, 4361233.110577661], [313439.546799107, 4361233.110577661], [313439.546799107, 4361113.110577661], [313409.546799107, 4361113.110577661], [313409.546799107, 4361083.110577661], [313439.546799107, 4361083.110577661], [313439.546799107, 4361053.110577661], [313469.546799107, 4361053.110577661], [313469.546799107, 4361023.110577661], [313499.546799107, 4361023.110577661], [313499.546799107, 4360933.110577661], [313469.546799107, 4360933.110577661], [313469.546799107, 4360873.110577661], [313439.546799107, 4360873.110577661], [313439.546799107, 4360843.110577661], [313349.546799107, 4360843.110577661], [313349.546799107, 4360783.110577661], [313319.546799107, 4360783.110577661], [313319.546799107, 4360753.110577661], [313289.546799107, 4360753.110577661], [313289.546799107, 4360723.110577661], [313229.546799107, 4360723.110577661], [313229.546799107, 4360693.110577661], [313199.546799107, 4360693.110577661], [313199.546799107, 4360663.110577661], [313049.546799107, 4360663.110577661], [313049.546799107, 4360633.110577661], [313019.546799107, 4360633.110577661], [313019.546799107, 4360603.110577661], [312989.546799107, 4360603.110577661], [312989.546799107, 4360513.110577661], [312959.546799107, 4360513.110577661], [312959.546799107, 4360453.110577661], [312929.546799107, 4360453.110577661], [312929.546799107, 4360423.110577661], [312899.546799107, 4360423.110577661], [312899.546799107, 4360393.110577661], [312839.546799107, 4360393.110577661], [312839.546799107, 4360363.110577661], [312809.546799107, 4360363.110577661], [312809.546799107, 4360333.110577661], [312779.546799107, 4360333.110577661], [312779.546799107, 4360183.110577661], [312749.546799107, 4360183.110577661], [312749.546799107, 4360123.110577661], [312719.546799107, 4360123.110577661], [312719.546799107, 4360063.110577661], [312659.546799107, 4360063.110577661], [312659.546799107, 4360033.110577661], [312689.546799107, 4360033.110577661], [312689.546799107, 4359943.110577661], [312719.546799107, 4359943.110577661], [312719.546799107, 4359913.110577661], [312779.546799107, 4359913.110577661], [312779.546799107, 4359883.110577661], [312809.546799107, 4359883.110577661], [312809.546799107, 4359793.110577661], [312779.546799107, 4359793.110577661], [312779.546799107, 4359763.110577661], [312749.546799107, 4359763.110577661], [312749.546799107, 4359703.110577661], [312719.546799107, 4359703.110577661], [312719.546799107, 4359673.110577661], [312689.546799107, 4359673.110577661], [312689.546799107, 4359553.110577661], [312659.546799107, 4359553.110577661], [312659.546799107, 4359523.110577661], [312689.546799107, 4359523.110577661], [312689.546799107, 4359403.110577661], [312719.546799107, 4359403.110577661], [312719.546799107, 4359343.110577661], [312689.546799107, 4359343.110577661], [312689.546799107, 4359283.110577661], [312659.546799107, 4359283.110577661], [312659.546799107, 4359253.110577661], [312599.546799107, 4359253.110577661], [312599.546799107, 4359193.110577661], [312569.546799107, 4359193.110577661], [312569.546799107, 4359073.110577661], [312539.546799107, 4359073.110577661], [312539.546799107, 4359043.110577661], [312479.546799107, 4359043.110577661], [312479.546799107, 4359013.110577661], [312449.546799107, 4359013.110577661], [312449.546799107, 4358983.110577661], [312419.546799107, 4358983.110577661], [312419.546799107, 4358893.110577661], [312389.546799107, 4358893.110577661], [312389.546799107, 4358863.110577661], [312239.546799107, 4358863.110577661], [312239.546799107, 4358833.110577661], [312209.546799107, 4358833.110577661], [312209.546799107, 4358773.110577661], [312149.546799107, 4358773.110577661], [312149.546799107, 4358713.110577661], [312089.546799107, 4358713.110577661], [312089.546799107, 4358683.110577661], [312029.546799107, 4358683.110577661], [312029.546799107, 4358623.110577661], [311939.546799107, 4358623.110577661], [311939.546799107, 4358593.110577661], [311909.546799107, 4358593.110577661], [311909.546799107, 4358533.110577661], [311879.546799107, 4358533.110577661], [311879.546799107, 4358503.110577661], [311819.546799107, 4358503.110577661], [311819.546799107, 4358473.110577661], [311789.546799107, 4358473.110577661], [311789.546799107, 4358443.110577661], [311759.546799107, 4358443.110577661], [311759.546799107, 4358383.110577661], [311729.546799107, 4358383.110577661], [311729.546799107, 4358353.110577661], [311699.546799107, 4358353.110577661], [311699.546799107, 4358293.110577661], [311669.546799107, 4358293.110577661], [311669.546799107, 4358203.110577661], [311639.546799107, 4358203.110577661], [311639.546799107, 4358173.110577661], [311549.546799107, 4358173.110577661], [311549.546799107, 4358143.110577661], [311489.546799107, 4358143.110577661], [311489.546799107, 4358053.110577661], [311399.546799107, 4358053.110577661], [311399.546799107, 4358023.110577661], [311369.546799107, 4358023.110577661], [311369.546799107, 4357993.110577661], [311339.546799107, 4357993.110577661], [311339.546799107, 4357963.110577661], [311309.546799107, 4357963.110577661], [311309.546799107, 4357903.110577661], [311339.546799107, 4357903.110577661], [311339.546799107, 4357813.110577661], [311309.546799107, 4357813.110577661], [311309.546799107, 4357753.110577661], [311279.546799107, 4357753.110577661], [311279.546799107, 4357723.110577661], [311249.546799107, 4357723.110577661], [311249.546799107, 4357633.110577661], [311279.546799107, 4357633.110577661], [311279.546799107, 4357573.110577661], [311249.546799107, 4357573.110577661], [311249.546799107, 4357543.110577661], [311219.546799107, 4357543.110577661], [311219.546799107, 4357333.110577661], [311159.546799107, 4357333.110577661], [311159.546799107, 4357213.110577661], [311129.546799107, 4357213.110577661], [311129.546799107, 4357183.110577661], [311099.546799107, 4357183.110577661], [311099.546799107, 4357123.110577661], [311039.546799107, 4357123.110577661], [311039.546799107, 4357093.110577661], [310979.546799107, 4357093.110577661], [310979.546799107, 4357033.110577661], [310949.546799107, 4357033.110577661], [310949.546799107, 4356943.110577661], [310919.546799107, 4356943.110577661], [310919.546799107, 4356913.110577661], [310889.546799107, 4356913.110577661], [310889.546799107, 4356883.110577661], [310829.546799107, 4356883.110577661], [310829.546799107, 4356823.110577661], [310799.546799107, 4356823.110577661], [310799.546799107, 4356793.110577661], [310769.546799107, 4356793.110577661], [310769.546799107, 4356763.110577661], [310739.546799107, 4356763.110577661], [310739.546799107, 4356703.110577661], [310709.546799107, 4356703.110577661], [310709.546799107, 4356673.110577661], [310679.546799107, 4356673.110577661], [310679.546799107, 4356643.110577661], [310619.546799107, 4356643.110577661], [310619.546799107, 4356613.110577661], [310589.546799107, 4356613.110577661], [310589.546799107, 4356583.110577661], [310559.546799107, 4356583.110577661], [310559.546799107, 4356553.110577661], [310529.546799107, 4356553.110577661], [310529.546799107, 4356523.110577661], [310379.546799107, 4356523.110577661], [310379.546799107, 4356493.110577661], [310349.546799107, 4356493.110577661], [310349.546799107, 4356433.110577661], [310319.546799107, 4356433.110577661], [310319.546799107, 4356403.110577661], [310289.546799107, 4356403.110577661], [310289.546799107, 4356373.110577661], [310259.546799107, 4356373.110577661], [310259.546799107, 4356343.110577661], [310199.546799107, 4356343.110577661], [310199.546799107, 4356313.110577661], [310169.546799107, 4356313.110577661], [310169.546799107, 4356343.110577661], [310079.546799107, 4356343.110577661], [310079.546799107, 4356223.110577661], [310019.546799107, 4356223.110577661], [310019.546799107, 4356163.110577661], [309989.546799107, 4356163.110577661], [309989.546799107, 4356133.110577661], [309959.546799107, 4356133.110577661], [309959.546799107, 4356013.110577661], [309929.546799107, 4356013.110577661], [309929.546799107, 4355983.110577661], [309899.546799107, 4355983.110577661], [309899.546799107, 4355923.110577661], [309869.546799107, 4355923.110577661], [309869.546799107, 4355833.110577661], [309839.546799107, 4355833.110577661], [309839.546799107, 4355773.110577661], [309809.546799107, 4355773.110577661], [309809.546799107, 4355743.110577661], [309779.546799107, 4355743.110577661], [309779.546799107, 4355653.110577661], [309719.546799107, 4355653.110577661], [309719.546799107, 4355683.110577661], [309689.546799107, 4355683.110577661], [309689.546799107, 4355653.110577661], [309629.546799107, 4355653.110577661], [309629.546799107, 4355623.110577661], [309569.546799107, 4355623.110577661], [309569.546799107, 4355593.110577661], [309539.546799107, 4355593.110577661], [309539.546799107, 4355533.110577661], [309509.546799107, 4355533.110577661], [309509.546799107, 4355443.110577661], [309479.546799107, 4355443.110577661], [309479.546799107, 4355413.110577661], [309449.546799107, 4355413.110577661], [309449.546799107, 4355383.110577661], [309419.546799107, 4355383.110577661], [309419.546799107, 4355293.110577661], [309389.546799107, 4355293.110577661], [309389.546799107, 4355263.110577661], [309329.546799107, 4355263.110577661], [309329.546799107, 4355203.110577661], [309209.546799107, 4355203.110577661], [309209.546799107, 4355233.110577661], [309179.546799107, 4355233.110577661], [309179.546799107, 4355263.110577661], [309119.546799107, 4355263.110577661], [309119.546799107, 4355233.110577661], [309089.546799107, 4355233.110577661], [309089.546799107, 4355203.110577661], [309029.546799107, 4355203.110577661], [309029.546799107, 4355173.110577661], [308849.546799107, 4355173.110577661], [308849.546799107, 4355203.110577661], [308759.546799107, 4355203.110577661], [308759.546799107, 4355173.110577661], [308639.546799107, 4355173.110577661], [308639.546799107, 4355143.110577661], [308549.546799107, 4355143.110577661], [308549.546799107, 4355173.110577661], [308519.546799107, 4355173.110577661], [308519.546799107, 4355203.110577661], [308459.546799107, 4355203.110577661], [308459.546799107, 4355173.110577661], [308279.546799107, 4355173.110577661], [308279.546799107, 4355263.110577661], [308159.546799107, 4355263.110577661], [308159.546799107, 4355233.110577661], [308069.546799107, 4355233.110577661], [308069.546799107, 4355143.110577661], [308039.546799107, 4355143.110577661], [308039.546799107, 4355083.110577661], [307949.546799107, 4355083.110577661], [307949.546799107, 4355053.110577661], [307919.546799107, 4355053.110577661], [307919.546799107, 4354963.110577661], [307889.546799107, 4354963.110577661], [307889.546799107, 4354933.110577661], [307829.546799107, 4354933.110577661], [307829.546799107, 4354873.110577661], [307769.546799107, 4354873.110577661], [307769.546799107, 4354813.110577661], [307739.546799107, 4354813.110577661], [307739.546799107, 4354783.110577661], [307709.546799107, 4354783.110577661], [307709.546799107, 4354663.110577661], [307679.546799107, 4354663.110577661], [307679.546799107, 4354573.110577661], [307619.546799107, 4354573.110577661], [307619.546799107, 4354543.110577661], [307589.546799107, 4354543.110577661], [307589.546799107, 4354513.110577661], [307559.546799107, 4354513.110577661], [307559.546799107, 4354483.110577661], [307529.546799107, 4354483.110577661], [307529.546799107, 4354453.110577661], [307469.546799107, 4354453.110577661], [307469.546799107, 4354393.110577661], [307349.546799107, 4354393.110577661], [307349.546799107, 4354423.110577661], [307319.546799107, 4354423.110577661], [307319.546799107, 4354393.110577661], [307259.546799107, 4354393.110577661], [307259.546799107, 4354333.110577661], [307229.546799107, 4354333.110577661], [307229.546799107, 4354303.110577661], [307169.546799107, 4354303.110577661], [307169.546799107, 4354273.110577661], [307139.546799107, 4354273.110577661], [307139.546799107, 4354303.110577661], [307079.546799107, 4354303.110577661], [307079.546799107, 4354333.110577661], [307019.546799107, 4354333.110577661], [307019.546799107, 4354303.110577661], [306989.546799107, 4354303.110577661], [306989.546799107, 4354243.110577661], [306959.546799107, 4354243.110577661], [306959.546799107, 4354123.110577661], [306929.546799107, 4354123.110577661], [306929.546799107, 4354003.110577661], [306899.546799107, 4354003.110577661], [306899.546799107, 4353943.110577661], [306839.546799107, 4353943.110577661], [306839.546799107, 4353823.110577661], [306749.546799107, 4353823.110577661], [306749.546799107, 4353883.110577661], [306689.546799107, 4353883.110577661], [306689.546799107, 4353853.110577661], [306659.546799107, 4353853.110577661], [306659.546799107, 4353823.110577661], [306569.546799107, 4353823.110577661], [306569.546799107, 4353733.110577661], [306539.546799107, 4353733.110577661], [306539.546799107, 4353703.110577661], [306509.546799107, 4353703.110577661], [306509.546799107, 4353613.110577661], [306479.546799107, 4353613.110577661], [306479.546799107, 4353523.110577661], [306449.546799107, 4353523.110577661], [306449.546799107, 4353493.110577661], [306419.546799107, 4353493.110577661], [306419.546799107, 4353463.110577661], [306359.546799107, 4353463.110577661], [306359.546799107, 4353433.110577661], [306329.546799107, 4353433.110577661], [306329.546799107, 4353403.110577661], [306269.546799107, 4353403.110577661], [306269.546799107, 4353253.110577661], [306239.546799107, 4353253.110577661], [306239.546799107, 4353283.110577661], [306149.546799107, 4353283.110577661], [306149.546799107, 4353253.110577661], [306089.546799107, 4353253.110577661], [306089.546799107, 4353193.110577661], [306059.546799107, 4353193.110577661], [306059.546799107, 4353163.110577661], [306029.546799107, 4353163.110577661], [306029.546799107, 4353133.110577661], [305999.546799107, 4353133.110577661], [305999.546799107, 4353103.110577661], [305969.546799107, 4353103.110577661], [305969.546799107, 4353073.110577661], [305909.546799107, 4353073.110577661], [305909.546799107, 4353103.110577661], [305879.546799107, 4353103.110577661], [305879.546799107, 4353133.110577661], [305819.546799107, 4353133.110577661], [305819.546799107, 4353103.110577661], [305699.546799107, 4353103.110577661], [305699.546799107, 4353073.110577661], [305609.546799107, 4353073.110577661], [305609.546799107, 4353043.110577661], [305579.546799107, 4353043.110577661], [305579.546799107, 4353013.110577661], [305549.546799107, 4353013.110577661], [305549.546799107, 4352953.110577661], [305459.546799107, 4352953.110577661], [305459.546799107, 4352983.110577661], [305399.546799107, 4352983.110577661], [305399.546799107, 4353013.110577661], [305099.546799107, 4353013.110577661], [305099.546799107, 4353043.110577661], [305069.546799107, 4353043.110577661], [305069.546799107, 4353073.110577661], [305039.546799107, 4353073.110577661], [305039.546799107, 4352953.110577661], [304979.546799107, 4352953.110577661], [304979.546799107, 4352983.110577661], [304919.546799107, 4352983.110577661], [304919.546799107, 4352953.110577661], [304889.546799107, 4352953.110577661], [304889.546799107, 4352923.110577661], [304859.546799107, 4352923.110577661], [304859.546799107, 4352863.110577661], [304799.546799107, 4352863.110577661], [304799.546799107, 4352833.110577661], [304739.546799107, 4352833.110577661], [304739.546799107, 4352863.110577661], [304619.546799107, 4352863.110577661], [304619.546799107, 4352893.110577661], [304589.546799107, 4352893.110577661], [304589.546799107, 4352923.110577661], [304559.546799107, 4352923.110577661], [304559.546799107, 4352953.110577661], [304439.546799107, 4352953.110577661], [304439.546799107, 4353013.110577661], [304379.546799107, 4353013.110577661], [304379.546799107, 4353043.110577661], [304319.546799107, 4353043.110577661], [304319.546799107, 4353103.110577661], [304229.546799107, 4353103.110577661], [304229.546799107, 4353073.110577661], [304199.546799107, 4353073.110577661], [304199.546799107, 4353043.110577661], [304169.546799107, 4353043.110577661], [304169.546799107, 4353013.110577661], [303989.546799107, 4353013.110577661], [303989.546799107, 4352983.110577661], [303929.546799107, 4352983.110577661], [303929.546799107, 4352953.110577661], [303869.546799107, 4352953.110577661], [303869.546799107, 4352923.110577661], [303809.546799107, 4352923.110577661], [303809.546799107, 4352893.110577661], [303719.546799107, 4352893.110577661], [303719.546799107, 4352923.110577661], [303569.546799107, 4352923.110577661], [303569.546799107, 4352953.110577661], [303419.546799107, 4352953.110577661], [303419.546799107, 4352923.110577661], [303389.546799107, 4352923.110577661], [303389.546799107, 4352863.110577661], [303359.546799107, 4352863.110577661], [303359.546799107, 4352833.110577661], [303209.546799107, 4352833.110577661], [303209.546799107, 4352773.110577661], [303149.546799107, 4352773.110577661], [303149.546799107, 4352743.110577661], [303029.546799107, 4352743.110577661], [303029.546799107, 4352713.110577661], [302999.546799107, 4352713.110577661], [302999.546799107, 4352683.110577661], [302969.546799107, 4352683.110577661], [302969.546799107, 4352653.110577661], [302909.546799107, 4352653.110577661], [302909.546799107, 4352683.110577661], [302879.546799107, 4352683.110577661], [302879.546799107, 4352653.110577661], [302849.546799107, 4352653.110577661], [302849.546799107, 4352563.110577661], [302819.546799107, 4352563.110577661], [302819.546799107, 4352473.110577661], [302789.546799107, 4352473.110577661], [302789.546799107, 4352443.110577661], [302669.546799107, 4352443.110577661], [302669.546799107, 4352413.110577661], [302639.546799107, 4352413.110577661], [302639.546799107, 4352443.110577661], [302579.546799107, 4352443.110577661], [302579.546799107, 4352473.110577661], [302549.546799107, 4352473.110577661], [302549.546799107, 4352443.110577661], [302519.546799107, 4352443.110577661], [302519.546799107, 4352473.110577661], [302459.546799107, 4352473.110577661], [302459.546799107, 4352533.110577661], [302399.546799107, 4352533.110577661], [302399.546799107, 4352563.110577661], [302369.546799107, 4352563.110577661], [302369.546799107, 4352593.110577661], [302339.546799107, 4352593.110577661], [302339.546799107, 4352653.110577661], [302309.546799107, 4352653.110577661], [302309.546799107, 4352683.110577661], [302279.546799107, 4352683.110577661], [302279.546799107, 4352713.110577661], [302249.546799107, 4352713.110577661], [302249.546799107, 4352773.110577661], [302219.546799107, 4352773.110577661], [302219.546799107, 4352803.110577661], [302189.546799107, 4352803.110577661], [302189.546799107, 4352863.110577661], [302159.546799107, 4352863.110577661], [302159.546799107, 4352893.110577661], [302129.546799107, 4352893.110577661], [302129.546799107, 4352923.110577661], [302069.546799107, 4352923.110577661], [302069.546799107, 4352893.110577661], [302039.546799107, 4352893.110577661], [302039.546799107, 4352923.110577661], [302009.546799107, 4352923.110577661], [302009.546799107, 4352983.110577661], [301919.546799107, 4352983.110577661], [301919.546799107, 4352953.110577661], [301889.546799107, 4352953.110577661], [301889.546799107, 4352863.110577661], [301859.546799107, 4352863.110577661], [301859.546799107, 4352833.110577661], [301799.546799107, 4352833.110577661], [301799.546799107, 4352773.110577661], [301769.546799107, 4352773.110577661], [301769.546799107, 4352623.110577661], [301739.546799107, 4352623.110577661], [301739.546799107, 4352533.110577661], [301709.546799107, 4352533.110577661], [301709.546799107, 4352503.110577661], [301679.546799107, 4352503.110577661], [301679.546799107, 4352413.110577661], [301649.546799107, 4352413.110577661], [301649.546799107, 4352353.110577661], [301679.546799107, 4352353.110577661], [301679.546799107, 4352323.110577661], [301649.546799107, 4352323.110577661], [301649.546799107, 4352293.110577661], [301619.546799107, 4352293.110577661], [301619.546799107, 4352233.110577661], [301589.546799107, 4352233.110577661], [301589.546799107, 4352203.110577661], [301499.546799107, 4352203.110577661], [301499.546799107, 4352173.110577661], [301469.546799107, 4352173.110577661], [301469.546799107, 4352113.110577661], [301379.546799107, 4352113.110577661], [301379.546799107, 4352023.110577661], [301409.546799107, 4352023.110577661], [301409.546799107, 4351993.110577661], [301319.546799107, 4351993.110577661], [301319.546799107, 4351963.110577661], [301289.546799107, 4351963.110577661], [301289.546799107, 4351933.110577661], [301199.546799107, 4351933.110577661], [301199.546799107, 4351513.110577661], [301169.546799107, 4351513.110577661], [301169.546799107, 4351483.110577661], [301139.546799107, 4351483.110577661], [301139.546799107, 4351423.110577661], [300959.546799107, 4351423.110577661], [300959.546799107, 4351453.110577661], [300929.546799107, 4351453.110577661], [300929.546799107, 4351423.110577661], [300899.546799107, 4351423.110577661], [300899.546799107, 4351453.110577661], [300749.546799107, 4351453.110577661], [300749.546799107, 4351483.110577661], [300629.546799107, 4351483.110577661], [300629.546799107, 4351513.110577661], [300539.546799107, 4351513.110577661], [300539.546799107, 4351543.110577661], [300509.546799107, 4351543.110577661], [300509.546799107, 4351603.110577661], [300449.546799107, 4351603.110577661], [300449.546799107, 4351633.110577661], [300389.546799107, 4351633.110577661], [300389.546799107, 4351663.110577661], [300329.546799107, 4351663.110577661], [300329.546799107, 4351723.110577661], [300239.546799107, 4351723.110577661], [300239.546799107, 4351693.110577661], [300209.546799107, 4351693.110577661], [300209.546799107, 4351723.110577661], [300089.546799107, 4351723.110577661], [300089.546799107, 4351693.110577661], [300059.546799107, 4351693.110577661], [300059.546799107, 4351723.110577661], [299969.546799107, 4351723.110577661], [299969.546799107, 4351753.110577661], [299879.546799107, 4351753.110577661], [299879.546799107, 4351783.110577661], [299819.546799107, 4351783.110577661], [299819.546799107, 4351753.110577661], [299759.546799107, 4351753.110577661], [299759.546799107, 4351783.110577661], [299669.546799107, 4351783.110577661], [299669.546799107, 4351813.110577661], [299549.546799107, 4351813.110577661], [299549.546799107, 4351843.110577661], [299399.546799107, 4351843.110577661], [299399.546799107, 4351813.110577661], [299279.546799107, 4351813.110577661], [299279.546799107, 4351783.110577661], [299219.546799107, 4351783.110577661], [299219.546799107, 4351723.110577661], [299189.546799107, 4351723.110577661], [299189.546799107, 4351693.110577661], [299159.546799107, 4351693.110577661], [299159.546799107, 4351663.110577661], [299129.546799107, 4351663.110577661], [299129.546799107, 4351603.110577661], [299099.546799107, 4351603.110577661], [299099.546799107, 4351573.110577661], [299009.546799107, 4351573.110577661], [299009.546799107, 4351513.110577661], [298979.546799107, 4351513.110577661], [298979.546799107, 4351483.110577661], [298949.546799107, 4351483.110577661], [298949.546799107, 4351453.110577661], [298889.546799107, 4351453.110577661], [298889.546799107, 4351483.110577661], [298829.546799107, 4351483.110577661], [298829.546799107, 4351453.110577661], [298709.546799107, 4351453.110577661], [298709.546799107, 4351423.110577661], [298469.546799107, 4351423.110577661], [298469.546799107, 4351393.110577661], [298439.546799107, 4351393.110577661], [298439.546799107, 4351363.110577661], [298409.546799107, 4351363.110577661], [298409.546799107, 4351333.110577661], [298379.546799107, 4351333.110577661], [298379.546799107, 4351393.110577661], [298349.546799107, 4351393.110577661], [298349.546799107, 4351453.110577661], [298319.546799107, 4351453.110577661], [298319.546799107, 4351483.110577661], [298289.546799107, 4351483.110577661], [298289.546799107, 4351513.110577661], [298229.546799107, 4351513.110577661], [298229.546799107, 4351543.110577661], [298169.546799107, 4351543.110577661], [298169.546799107, 4351573.110577661], [298139.546799107, 4351573.110577661], [298139.546799107, 4351603.110577661], [298109.546799107, 4351603.110577661], [298109.546799107, 4351663.110577661], [298079.546799107, 4351663.110577661], [298079.546799107, 4351693.110577661], [298049.546799107, 4351693.110577661], [298049.546799107, 4351723.110577661], [297959.546799107, 4351723.110577661], [297959.546799107, 4351753.110577661], [297929.546799107, 4351753.110577661], [297929.546799107, 4351813.110577661], [297809.546799107, 4351813.110577661], [297809.546799107, 4351843.110577661], [297779.546799107, 4351843.110577661], [297779.546799107, 4351873.110577661], [297749.546799107, 4351873.110577661], [297749.546799107, 4351843.110577661], [297719.546799107, 4351843.110577661], [297719.546799107, 4351813.110577661], [297659.546799107, 4351813.110577661], [297659.546799107, 4351783.110577661], [297629.546799107, 4351783.110577661], [297629.546799107, 4351753.110577661], [297569.546799107, 4351753.110577661], [297569.546799107, 4351783.110577661], [297539.546799107, 4351783.110577661], [297539.546799107, 4351813.110577661], [297449.546799107, 4351813.110577661], [297449.546799107, 4351783.110577661], [297419.546799107, 4351783.110577661], [297419.546799107, 4351723.110577661], [297449.546799107, 4351723.110577661], [297449.546799107, 4351543.110577661], [297389.546799107, 4351543.110577661], [297389.546799107, 4351483.110577661], [297359.546799107, 4351483.110577661], [297359.546799107, 4351423.110577661], [297329.546799107, 4351423.110577661], [297329.546799107, 4351363.110577661], [297359.546799107, 4351363.110577661], [297359.546799107, 4351183.110577661], [297389.546799107, 4351183.110577661], [297389.546799107, 4351123.110577661], [297359.546799107, 4351123.110577661], [297359.546799107, 4351063.110577661], [297329.546799107, 4351063.110577661], [297329.546799107, 4350973.110577661], [297299.546799107, 4350973.110577661], [297299.546799107, 4350943.110577661], [297269.546799107, 4350943.110577661], [297269.546799107, 4350913.110577661], [297239.546799107, 4350913.110577661], [297239.546799107, 4350883.110577661], [297179.546799107, 4350883.110577661], [297179.546799107, 4350913.110577661], [297119.546799107, 4350913.110577661], [297119.546799107, 4350883.110577661], [297089.546799107, 4350883.110577661], [297089.546799107, 4350853.110577661], [297059.546799107, 4350853.110577661], [297059.546799107, 4350823.110577661], [297089.546799107, 4350823.110577661], [297089.546799107, 4350793.110577661], [297119.546799107, 4350793.110577661], [297119.546799107, 4350733.110577661], [297089.546799107, 4350733.110577661], [297089.546799107, 4350703.110577661], [296999.546799107, 4350703.110577661], [296999.546799107, 4350673.110577661], [296969.546799107, 4350673.110577661], [296969.546799107, 4350643.110577661], [296939.546799107, 4350643.110577661], [296939.546799107, 4350613.110577661], [296909.546799107, 4350613.110577661], [296909.546799107, 4350583.110577661], [296879.546799107, 4350583.110577661], [296879.546799107, 4350523.110577661], [296849.546799107, 4350523.110577661], [296849.546799107, 4350463.110577661], [296819.546799107, 4350463.110577661], [296819.546799107, 4350223.110577661], [296759.546799107, 4350223.110577661], [296759.546799107, 4350163.110577661], [296729.546799107, 4350163.110577661], [296729.546799107, 4350133.110577661], [296699.546799107, 4350133.110577661], [296699.546799107, 4350043.110577661], [296729.546799107, 4350043.110577661], [296729.546799107, 4349893.110577661], [296759.546799107, 4349893.110577661], [296759.546799107, 4349773.110577661], [296729.546799107, 4349773.110577661], [296729.546799107, 4349743.110577661], [296759.546799107, 4349743.110577661], [296759.546799107, 4349593.110577661], [296789.546799107, 4349593.110577661], [296789.546799107, 4349533.110577661], [296819.546799107, 4349533.110577661], [296819.546799107, 4349293.110577661], [296789.546799107, 4349293.110577661], [296789.546799107, 4349233.110577661], [296699.546799107, 4349233.110577661], [296699.546799107, 4349203.110577661], [296669.546799107, 4349203.110577661], [296669.546799107, 4349113.110577661], [296579.546799107, 4349113.110577661], [296579.546799107, 4349143.110577661], [296459.546799107, 4349143.110577661], [296459.546799107, 4349113.110577661], [296429.546799107, 4349113.110577661], [296429.546799107, 4349083.110577661], [296399.546799107, 4349083.110577661], [296399.546799107, 4349023.110577661], [296369.546799107, 4349023.110577661], [296369.546799107, 4348873.110577661], [296339.546799107, 4348873.110577661], [296339.546799107, 4348843.110577661], [296309.546799107, 4348843.110577661], [296309.546799107, 4348813.110577661], [296279.546799107, 4348813.110577661], [296279.546799107, 4348783.110577661], [296249.546799107, 4348783.110577661], [296249.546799107, 4348753.110577661], [296189.546799107, 4348753.110577661], [296189.546799107, 4348783.110577661], [296159.546799107, 4348783.110577661], [296159.546799107, 4348603.110577661], [296129.546799107, 4348603.110577661], [296129.546799107, 4348573.110577661], [296099.546799107, 4348573.110577661], [296099.546799107, 4348393.110577661], [296039.546799107, 4348393.110577661], [296039.546799107, 4348363.110577661], [296069.546799107, 4348363.110577661], [296069.546799107, 4348213.110577661], [295979.546799107, 4348213.110577661], [295979.546799107, 4348183.110577661], [295949.546799107, 4348183.110577661], [295949.546799107, 4348243.110577661], [295829.546799107, 4348243.110577661], [295829.546799107, 4348273.110577661], [295739.546799107, 4348273.110577661], [295739.546799107, 4348303.110577661], [295709.546799107, 4348303.110577661], [295709.546799107, 4348273.110577661], [295679.546799107, 4348273.110577661], [295679.546799107, 4348183.110577661], [295649.546799107, 4348183.110577661], [295649.546799107, 4348153.110577661], [295619.546799107, 4348153.110577661], [295619.546799107, 4348003.110577661], [295649.546799107, 4348003.110577661], [295649.546799107, 4347973.110577661], [295679.546799107, 4347973.110577661], [295679.546799107, 4347793.110577661], [295649.546799107, 4347793.110577661], [295649.546799107, 4347763.110577661], [295619.546799107, 4347763.110577661], [295619.546799107, 4347703.110577661], [295559.546799107, 4347703.110577661], [295559.546799107, 4347673.110577661], [295499.546799107, 4347673.110577661], [295499.546799107, 4347643.110577661], [295439.546799107, 4347643.110577661], [295439.546799107, 4347613.110577661], [295409.546799107, 4347613.110577661], [295409.546799107, 4347583.110577661], [295289.546799107, 4347583.110577661], [295289.546799107, 4347553.110577661], [295259.546799107, 4347553.110577661], [295259.546799107, 4347523.110577661], [295289.546799107, 4347523.110577661], [295289.546799107, 4347403.110577661], [295259.546799107, 4347403.110577661], [295259.546799107, 4347373.110577661], [295229.546799107, 4347373.110577661], [295229.546799107, 4347193.110577661], [295199.546799107, 4347193.110577661], [295199.546799107, 4347163.110577661], [295169.546799107, 4347163.110577661], [295169.546799107, 4347133.110577661], [295139.546799107, 4347133.110577661], [295139.546799107, 4347103.110577661], [295109.546799107, 4347103.110577661], [295109.546799107, 4347013.110577661], [295079.546799107, 4347013.110577661], [295079.546799107, 4346983.110577661], [295049.546799107, 4346983.110577661], [295049.546799107, 4346953.110577661], [294989.546799107, 4346953.110577661], [294989.546799107, 4346923.110577661], [294959.546799107, 4346923.110577661], [294959.546799107, 4346893.110577661], [294929.546799107, 4346893.110577661], [294929.546799107, 4346863.110577661], [294869.546799107, 4346863.110577661], [294869.546799107, 4346833.110577661], [294809.546799107, 4346833.110577661], [294809.546799107, 4346863.110577661], [294719.546799107, 4346863.110577661], [294719.546799107, 4346833.110577661], [294689.546799107, 4346833.110577661], [294689.546799107, 4346773.110577661], [294659.546799107, 4346773.110577661], [294659.546799107, 4346803.110577661], [294539.546799107, 4346803.110577661], [294539.546799107, 4346773.110577661], [294509.546799107, 4346773.110577661], [294509.546799107, 4346683.110577661], [294479.546799107, 4346683.110577661], [294479.546799107, 4346623.110577661], [294419.546799107, 4346623.110577661], [294419.546799107, 4346533.110577661], [294389.546799107, 4346533.110577661], [294389.546799107, 4346503.110577661], [294329.546799107, 4346503.110577661], [294329.546799107, 4346443.110577661], [294299.546799107, 4346443.110577661], [294299.546799107, 4346413.110577661], [294239.546799107, 4346413.110577661], [294239.546799107, 4346383.110577661], [294149.546799107, 4346383.110577661], [294149.546799107, 4346413.110577661], [294119.546799107, 4346413.110577661], [294119.546799107, 4346383.110577661], [294089.546799107, 4346383.110577661], [294089.546799107, 4346413.110577661], [293969.546799107, 4346413.110577661], [293969.546799107, 4346443.110577661], [293939.546799107, 4346443.110577661], [293939.546799107, 4346473.110577661], [293909.546799107, 4346473.110577661], [293909.546799107, 4346503.110577661], [293819.546799107, 4346503.110577661], [293819.546799107, 4346533.110577661], [293789.546799107, 4346533.110577661], [293789.546799107, 4346503.110577661], [293759.546799107, 4346503.110577661], [293759.546799107, 4346563.110577661], [293699.546799107, 4346563.110577661], [293699.546799107, 4346503.110577661], [293609.546799107, 4346503.110577661], [293609.546799107, 4346473.110577661], [293519.546799107, 4346473.110577661], [293519.546799107, 4346503.110577661], [293489.546799107, 4346503.110577661], [293489.546799107, 4346563.110577661], [293399.546799107, 4346563.110577661], [293399.546799107, 4346533.110577661], [293249.546799107, 4346533.110577661], [293249.546799107, 4346623.110577661], [293219.546799107, 4346623.110577661], [293219.546799107, 4346683.110577661], [293189.546799107, 4346683.110577661], [293189.546799107, 4346713.110577661], [293129.546799107, 4346713.110577661], [293129.546799107, 4346623.110577661], [293069.546799107, 4346623.110577661], [293069.546799107, 4346593.110577661], [293039.546799107, 4346593.110577661], [293039.546799107, 4346623.110577661], [293009.546799107, 4346623.110577661], [293009.546799107, 4346653.110577661], [292979.546799107, 4346653.110577661], [292979.546799107, 4346743.110577661], [292949.546799107, 4346743.110577661], [292949.546799107, 4346713.110577661], [292889.546799107, 4346713.110577661], [292889.546799107, 4346683.110577661], [292859.546799107, 4346683.110577661], [292859.546799107, 4346653.110577661], [292769.546799107, 4346653.110577661], [292769.546799107, 4346623.110577661], [292739.546799107, 4346623.110577661], [292739.546799107, 4346713.110577661], [292709.546799107, 4346713.110577661], [292709.546799107, 4346683.110577661], [292679.546799107, 4346683.110577661], [292679.546799107, 4346713.110577661], [292649.546799107, 4346713.110577661], [292649.546799107, 4346743.110577661], [292619.546799107, 4346743.110577661], [292619.546799107, 4346773.110577661], [292589.546799107, 4346773.110577661], [292589.546799107, 4346743.110577661], [292559.546799107, 4346743.110577661], [292559.546799107, 4346713.110577661], [292529.546799107, 4346713.110577661], [292529.546799107, 4346683.110577661], [292499.546799107, 4346683.110577661], [292499.546799107, 4346713.110577661], [292469.546799107, 4346713.110577661], [292469.546799107, 4346743.110577661], [292439.546799107, 4346743.110577661], [292439.546799107, 4346803.110577661], [292469.546799107, 4346803.110577661], [292469.546799107, 4346953.110577661], [292439.546799107, 4346953.110577661], [292439.546799107, 4346983.110577661], [292409.546799107, 4346983.110577661], [292409.546799107, 4347013.110577661], [292289.546799107, 4347013.110577661], [292289.546799107, 4347043.110577661], [292199.546799107, 4347043.110577661], [292199.546799107, 4347103.110577661], [292169.546799107, 4347103.110577661], [292169.546799107, 4347073.110577661], [292079.546799107, 4347073.110577661], [292079.546799107, 4347043.110577661], [292049.546799107, 4347043.110577661], [292049.546799107, 4346983.110577661], [291989.546799107, 4346983.110577661], [291989.546799107, 4347043.110577661], [291959.546799107, 4347043.110577661], [291959.546799107, 4347013.110577661], [291929.546799107, 4347013.110577661], [291929.546799107, 4347043.110577661], [291779.546799107, 4347043.110577661], [291779.546799107, 4347013.110577661], [291569.546799107, 4347013.110577661], [291569.546799107, 4346923.110577661], [291599.546799107, 4346923.110577661], [291599.546799107, 4346893.110577661], [291629.546799107, 4346893.110577661], [291629.546799107, 4346863.110577661], [291599.546799107, 4346863.110577661], [291599.546799107, 4346833.110577661], [291569.546799107, 4346833.110577661], [291569.546799107, 4346773.110577661], [291539.546799107, 4346773.110577661], [291539.546799107, 4346743.110577661], [291449.546799107, 4346743.110577661], [291449.546799107, 4346713.110577661], [291419.546799107, 4346713.110577661], [291419.546799107, 4346683.110577661], [291389.546799107, 4346683.110577661], [291389.546799107, 4346593.110577661], [291329.546799107, 4346593.110577661], [291329.546799107, 4346563.110577661], [291299.546799107, 4346563.110577661], [291299.546799107, 4346533.110577661], [291269.546799107, 4346533.110577661], [291269.546799107, 4346503.110577661], [291239.546799107, 4346503.110577661], [291239.546799107, 4346293.110577661], [291209.546799107, 4346293.110577661], [291209.546799107, 4346263.110577661], [291179.546799107, 4346263.110577661], [291179.546799107, 4346233.110577661], [291149.546799107, 4346233.110577661], [291149.546799107, 4346053.110577661], [291119.546799107, 4346053.110577661], [291119.546799107, 4345993.110577661], [291089.546799107, 4345993.110577661], [291089.546799107, 4345963.110577661], [291059.546799107, 4345963.110577661], [291059.546799107, 4345933.110577661], [291029.546799107, 4345933.110577661], [291029.546799107, 4345783.110577661], [291089.546799107, 4345783.110577661], [291089.546799107, 4345633.110577661], [291119.546799107, 4345633.110577661], [291119.546799107, 4345603.110577661], [291149.546799107, 4345603.110577661], [291149.546799107, 4345543.110577661], [291119.546799107, 4345543.110577661], [291119.546799107, 4345453.110577661], [291059.546799107, 4345453.110577661], [291059.546799107, 4345423.110577661], [291029.546799107, 4345423.110577661], [291029.546799107, 4345363.110577661], [290999.546799107, 4345363.110577661], [290999.546799107, 4345183.110577661], [291059.546799107, 4345183.110577661], [291059.546799107, 4345093.110577661], [291029.546799107, 4345093.110577661], [291029.546799107, 4345063.110577661], [290999.546799107, 4345063.110577661], [290999.546799107, 4345033.110577661], [290879.546799107, 4345033.110577661], [290879.546799107, 4345003.110577661], [290849.546799107, 4345003.110577661], [290849.546799107, 4344973.110577661], [290819.546799107, 4344973.110577661], [290819.546799107, 4344913.110577661], [290789.546799107, 4344913.110577661], [290789.546799107, 4344883.110577661], [290819.546799107, 4344883.110577661], [290819.546799107, 4344793.110577661], [290789.546799107, 4344793.110577661], [290789.546799107, 4344763.110577661], [290729.546799107, 4344763.110577661], [290729.546799107, 4344733.110577661], [290699.546799107, 4344733.110577661], [290699.546799107, 4344763.110577661], [290669.546799107, 4344763.110577661], [290669.546799107, 4344733.110577661], [290639.546799107, 4344733.110577661], [290639.546799107, 4344613.110577661], [290579.546799107, 4344613.110577661], [290579.546799107, 4344493.110577661], [290519.546799107, 4344493.110577661], [290519.546799107, 4344463.110577661], [290489.546799107, 4344463.110577661], [290489.546799107, 4344373.110577661], [290459.546799107, 4344373.110577661], [290459.546799107, 4344313.110577661], [290429.546799107, 4344313.110577661], [290429.546799107, 4344253.110577661], [290399.546799107, 4344253.110577661], [290399.546799107, 4344223.110577661], [290339.546799107, 4344223.110577661], [290339.546799107, 4344163.110577661], [290369.546799107, 4344163.110577661], [290369.546799107, 4344073.110577661], [290339.546799107, 4344073.110577661], [290339.546799107, 4344013.110577661], [290249.546799107, 4344013.110577661], [290249.546799107, 4343983.110577661], [290219.546799107, 4343983.110577661], [290219.546799107, 4343953.110577661], [290249.546799107, 4343953.110577661], [290249.546799107, 4343893.110577661], [290219.546799107, 4343893.110577661], [290219.546799107, 4343773.110577661], [290189.546799107, 4343773.110577661], [290189.546799107, 4343743.110577661], [290159.546799107, 4343743.110577661], [290159.546799107, 4343623.110577661], [290129.546799107, 4343623.110577661], [290129.546799107, 4343533.110577661], [290159.546799107, 4343533.110577661], [290159.546799107, 4343353.110577661], [290069.546799107, 4343353.110577661], [290069.546799107, 4343323.110577661], [290039.546799107, 4343323.110577661], [290039.546799107, 4343293.110577661], [290009.546799107, 4343293.110577661], [290009.546799107, 4343203.110577661], [290039.546799107, 4343203.110577661], [290039.546799107, 4343173.110577661], [290069.546799107, 4343173.110577661], [290069.546799107, 4343143.110577661], [290099.546799107, 4343143.110577661], [290099.546799107, 4343053.110577661], [290129.546799107, 4343053.110577661], [290129.546799107, 4343023.110577661], [290159.546799107, 4343023.110577661], [290159.546799107, 4342993.110577661], [290189.546799107, 4342993.110577661], [290189.546799107, 4342963.110577661], [290159.546799107, 4342963.110577661], [290159.546799107, 4342933.110577661], [290129.546799107, 4342933.110577661], [290129.546799107, 4342903.110577661], [290099.546799107, 4342903.110577661], [290099.546799107, 4342843.110577661], [290069.546799107, 4342843.110577661], [290069.546799107, 4342663.110577661], [290099.546799107, 4342663.110577661], [290099.546799107, 4342633.110577661], [290189.546799107, 4342633.110577661], [290189.546799107, 4342603.110577661], [290219.546799107, 4342603.110577661], [290219.546799107, 4342573.110577661], [290189.546799107, 4342573.110577661], [290189.546799107, 4342453.110577661], [290219.546799107, 4342453.110577661], [290219.546799107, 4342423.110577661], [290189.546799107, 4342423.110577661], [290189.546799107, 4342393.110577661], [290219.546799107, 4342393.110577661], [290219.546799107, 4342303.110577661], [290159.546799107, 4342303.110577661], [290159.546799107, 4342243.110577661], [290129.546799107, 4342243.110577661], [290129.546799107, 4342213.110577661], [290159.546799107, 4342213.110577661], [290159.546799107, 4342153.110577661], [290189.546799107, 4342153.110577661], [290189.546799107, 4342123.110577661], [290159.546799107, 4342123.110577661], [290159.546799107, 4342003.110577661], [290129.546799107, 4342003.110577661], [290129.546799107, 4341853.110577661], [290159.546799107, 4341853.110577661], [290159.546799107, 4341823.110577661], [290189.546799107, 4341823.110577661], [290189.546799107, 4341793.110577661], [290219.546799107, 4341793.110577661], [290219.546799107, 4341703.110577661], [290159.546799107, 4341703.110577661], [290159.546799107, 4341673.110577661], [290069.546799107, 4341673.110577661], [290069.546799107, 4341583.110577661], [290039.546799107, 4341583.110577661], [290039.546799107, 4341553.110577661], [290009.546799107, 4341553.110577661], [290009.546799107, 4341403.110577661], [290039.546799107, 4341403.110577661], [290039.546799107, 4341373.110577661], [290069.546799107, 4341373.110577661], [290069.546799107, 4341343.110577661], [290039.546799107, 4341343.110577661], [290039.546799107, 4341253.110577661], [289919.546799107, 4341253.110577661], [289919.546799107, 4341103.110577661], [289949.546799107, 4341103.110577661], [289949.546799107, 4340863.110577661], [289979.546799107, 4340863.110577661], [289979.546799107, 4340803.110577661], [290039.546799107, 4340803.110577661], [290039.546799107, 4340653.110577661], [290009.546799107, 4340653.110577661], [290009.546799107, 4340623.110577661], [290069.546799107, 4340623.110577661], [290069.546799107, 4340563.110577661], [290099.546799107, 4340563.110577661], [290099.546799107, 4340503.110577661], [290129.546799107, 4340503.110577661], [290129.546799107, 4340383.110577661], [290099.546799107, 4340383.110577661], [290099.546799107, 4340293.110577661], [290129.546799107, 4340293.110577661], [290129.546799107, 4340143.110577661], [290159.546799107, 4340143.110577661], [290159.546799107, 4340113.110577661], [290189.546799107, 4340113.110577661], [290189.546799107, 4340023.110577661], [290159.546799107, 4340023.110577661], [290159.546799107, 4339813.110577661], [290129.546799107, 4339813.110577661], [290129.546799107, 4339783.110577661], [290099.546799107, 4339783.110577661], [290099.546799107, 4339693.110577661], [290129.546799107, 4339693.110577661], [290129.546799107, 4339393.110577661], [290099.546799107, 4339393.110577661], [290099.546799107, 4339363.110577661], [290129.546799107, 4339363.110577661], [290129.546799107, 4339333.110577661], [290099.546799107, 4339333.110577661], [290099.546799107, 4339303.110577661], [290069.546799107, 4339303.110577661], [290069.546799107, 4339123.110577661], [290039.546799107, 4339123.110577661], [290039.546799107, 4339093.110577661], [290009.546799107, 4339093.110577661], [290009.546799107, 4339063.110577661], [289979.546799107, 4339063.110577661], [289979.546799107, 4339003.110577661], [289949.546799107, 4339003.110577661], [289949.546799107, 4338763.110577661], [289979.546799107, 4338763.110577661], [289979.546799107, 4338673.110577661], [289949.546799107, 4338673.110577661], [289949.546799107, 4338583.110577661], [289919.546799107, 4338583.110577661], [289919.546799107, 4338553.110577661], [289889.546799107, 4338553.110577661], [289889.546799107, 4338493.110577661], [289859.546799107, 4338493.110577661], [289859.546799107, 4338313.110577661], [289829.546799107, 4338313.110577661], [289829.546799107, 4338193.110577661], [289799.546799107, 4338193.110577661], [289799.546799107, 4338073.110577661], [289829.546799107, 4338073.110577661], [289829.546799107, 4337983.110577661], [289859.546799107, 4337983.110577661], [289859.546799107, 4337893.110577661], [289889.546799107, 4337893.110577661], [289889.546799107, 4337773.110577661], [289919.546799107, 4337773.110577661], [289919.546799107, 4337743.110577661], [289949.546799107, 4337743.110577661], [289949.546799107, 4337713.110577661], [289919.546799107, 4337713.110577661], [289919.546799107, 4337683.110577661], [289859.546799107, 4337683.110577661], [289859.546799107, 4337533.110577661], [289829.546799107, 4337533.110577661], [289829.546799107, 4337473.110577661], [289769.546799107, 4337473.110577661], [289769.546799107, 4337353.110577661], [289739.546799107, 4337353.110577661], [289739.546799107, 4337323.110577661], [289769.546799107, 4337323.110577661], [289769.546799107, 4337293.110577661], [289799.546799107, 4337293.110577661], [289799.546799107, 4337203.110577661], [289829.546799107, 4337203.110577661], [289829.546799107, 4337113.110577661], [289859.546799107, 4337113.110577661], [289859.546799107, 4337083.110577661], [289979.546799107, 4337083.110577661], [289979.546799107, 4337053.110577661], [290009.546799107, 4337053.110577661], [290009.546799107, 4336873.110577661], [289979.546799107, 4336873.110577661], [289979.546799107, 4336783.110577661], [289949.546799107, 4336783.110577661], [289949.546799107, 4336753.110577661], [289979.546799107, 4336753.110577661], [289979.546799107, 4336723.110577661], [290009.546799107, 4336723.110577661], [290009.546799107, 4336633.110577661], [290039.546799107, 4336633.110577661], [290039.546799107, 4336603.110577661], [290069.546799107, 4336603.110577661], [290069.546799107, 4336513.110577661], [290159.546799107, 4336513.110577661], [290159.546799107, 4336483.110577661], [290219.546799107, 4336483.110577661], [290219.546799107, 4336453.110577661], [290249.546799107, 4336453.110577661], [290249.546799107, 4336423.110577661], [290309.546799107, 4336423.110577661], [290309.546799107, 4336333.110577661], [290279.546799107, 4336333.110577661], [290279.546799107, 4336273.110577661], [290249.546799107, 4336273.110577661], [290249.546799107, 4336243.110577661], [290279.546799107, 4336243.110577661], [290279.546799107, 4336123.110577661], [290309.546799107, 4336123.110577661], [290309.546799107, 4336063.110577661], [290339.546799107, 4336063.110577661], [290339.546799107, 4335973.110577661], [290369.546799107, 4335973.110577661], [290369.546799107, 4335943.110577661], [290339.546799107, 4335943.110577661], [290339.546799107, 4335763.110577661], [290249.546799107, 4335763.110577661], [290249.546799107, 4335733.110577661], [290219.546799107, 4335733.110577661], [290219.546799107, 4335703.110577661], [290189.546799107, 4335703.110577661], [290189.546799107, 4335673.110577661], [290219.546799107, 4335673.110577661], [290219.546799107, 4335583.110577661], [290189.546799107, 4335583.110577661], [290189.546799107, 4335553.110577661], [290159.546799107, 4335553.110577661], [290159.546799107, 4335583.110577661], [290129.546799107, 4335583.110577661], [290129.546799107, 4335463.110577661], [290159.546799107, 4335463.110577661], [290159.546799107, 4335403.110577661], [290189.546799107, 4335403.110577661], [290189.546799107, 4335343.110577661], [290159.546799107, 4335343.110577661], [290159.546799107, 4335313.110577661], [290099.546799107, 4335313.110577661], [290099.546799107, 4335253.110577661], [290129.546799107, 4335253.110577661], [290129.546799107, 4334983.110577661], [290159.546799107, 4334983.110577661], [290159.546799107, 4334953.110577661], [290249.546799107, 4334953.110577661], [290249.546799107, 4334803.110577661], [290219.546799107, 4334803.110577661], [290219.546799107, 4334683.110577661], [290189.546799107, 4334683.110577661], [290189.546799107, 4334473.110577661], [290249.546799107, 4334473.110577661], [290249.546799107, 4334353.110577661], [290219.546799107, 4334353.110577661], [290219.546799107, 4334173.110577661], [290189.546799107, 4334173.110577661], [290189.546799107, 4334143.110577661], [290129.546799107, 4334143.110577661], [290129.546799107, 4334083.110577661], [290099.546799107, 4334083.110577661], [290099.546799107, 4333963.110577661], [290129.546799107, 4333963.110577661], [290129.546799107, 4333933.110577661], [290159.546799107, 4333933.110577661], [290159.546799107, 4333903.110577661], [290189.546799107, 4333903.110577661], [290189.546799107, 4333843.110577661], [290219.546799107, 4333843.110577661], [290219.546799107, 4333783.110577661], [290279.546799107, 4333783.110577661], [290279.546799107, 4333753.110577661], [290309.546799107, 4333753.110577661], [290309.546799107, 4333723.110577661], [290279.546799107, 4333723.110577661], [290279.546799107, 4333693.110577661], [290249.546799107, 4333693.110577661], [290249.546799107, 4333663.110577661], [290279.546799107, 4333663.110577661], [290279.546799107, 4333633.110577661], [290309.546799107, 4333633.110577661], [290309.546799107, 4333603.110577661], [290339.546799107, 4333603.110577661], [290339.546799107, 4333483.110577661], [290429.546799107, 4333483.110577661], [290429.546799107, 4333513.110577661], [290459.546799107, 4333513.110577661], [290459.546799107, 4333543.110577661], [290519.546799107, 4333543.110577661], [290519.546799107, 4333513.110577661], [290549.546799107, 4333513.110577661], [290549.546799107, 4333453.110577661], [290579.546799107, 4333453.110577661], [290579.546799107, 4333393.110577661], [290609.546799107, 4333393.110577661], [290609.546799107, 4333243.110577661], [290579.546799107, 4333243.110577661], [290579.546799107, 4333213.110577661], [290549.546799107, 4333213.110577661], [290549.546799107, 4333123.110577661], [290519.546799107, 4333123.110577661], [290519.546799107, 4332943.110577661], [290549.546799107, 4332943.110577661], [290549.546799107, 4332913.110577661], [290579.546799107, 4332913.110577661], [290579.546799107, 4332883.110577661], [290549.546799107, 4332883.110577661], [290549.546799107, 4332733.110577661], [290519.546799107, 4332733.110577661], [290519.546799107, 4332553.110577661], [290549.546799107, 4332553.110577661], [290549.546799107, 4332523.110577661], [290519.546799107, 4332523.110577661], [290519.546799107, 4332493.110577661], [290549.546799107, 4332493.110577661], [290549.546799107, 4332433.110577661], [290519.546799107, 4332433.110577661], [290519.546799107, 4332373.110577661], [290459.546799107, 4332373.110577661], [290459.546799107, 4332283.110577661], [290429.546799107, 4332283.110577661], [290429.546799107, 4332223.110577661], [290399.546799107, 4332223.110577661], [290399.546799107, 4332163.110577661], [290429.546799107, 4332163.110577661], [290429.546799107, 4332133.110577661], [290459.546799107, 4332133.110577661], [290459.546799107, 4332163.110577661], [290489.546799107, 4332163.110577661], [290489.546799107, 4332073.110577661], [290549.546799107, 4332073.110577661], [290549.546799107, 4332043.110577661], [290579.546799107, 4332043.110577661], [290579.546799107, 4332013.110577661], [290609.546799107, 4332013.110577661], [290609.546799107, 4331893.110577661], [290549.546799107, 4331893.110577661], [290549.546799107, 4331863.110577661], [290579.546799107, 4331863.110577661], [290579.546799107, 4331833.110577661], [290639.546799107, 4331833.110577661], [290639.546799107, 4331773.110577661], [290669.546799107, 4331773.110577661], [290669.546799107, 4331743.110577661], [290699.546799107, 4331743.110577661], [290699.546799107, 4331713.110577661], [290729.546799107, 4331713.110577661], [290729.546799107, 4331683.110577661], [290759.546799107, 4331683.110577661], [290759.546799107, 4331653.110577661], [290729.546799107, 4331653.110577661], [290729.546799107, 4331623.110577661], [290789.546799107, 4331623.110577661], [290789.546799107, 4331593.110577661], [290819.546799107, 4331593.110577661], [290819.546799107, 4331563.110577661], [290849.546799107, 4331563.110577661], [290849.546799107, 4331473.110577661], [290969.546799107, 4331473.110577661], [290969.546799107, 4331413.110577661], [290939.546799107, 4331413.110577661], [290939.546799107, 4331383.110577661], [290969.546799107, 4331383.110577661], [290969.546799107, 4331353.110577661], [290999.546799107, 4331353.110577661], [290999.546799107, 4331233.110577661], [291059.546799107, 4331233.110577661], [291059.546799107, 4331203.110577661], [291089.546799107, 4331203.110577661], [291089.546799107, 4331173.110577661], [291179.546799107, 4331173.110577661], [291179.546799107, 4331203.110577661], [291239.546799107, 4331203.110577661], [291239.546799107, 4331173.110577661], [291269.546799107, 4331173.110577661], [291269.546799107, 4331113.110577661], [291329.546799107, 4331113.110577661], [291329.546799107, 4331083.110577661], [291359.546799107, 4331083.110577661], [291359.546799107, 4330993.110577661], [291269.546799107, 4330993.110577661], [291269.546799107, 4330933.110577661], [291239.546799107, 4330933.110577661], [291239.546799107, 4330903.110577661], [291269.546799107, 4330903.110577661], [291269.546799107, 4330873.110577661], [291299.546799107, 4330873.110577661], [291299.546799107, 4330843.110577661], [291329.546799107, 4330843.110577661], [291329.546799107, 4330783.110577661], [291359.546799107, 4330783.110577661], [291359.546799107, 4330723.110577661], [291419.546799107, 4330723.110577661], [291419.546799107, 4330663.110577661], [291449.546799107, 4330663.110577661], [291449.546799107, 4330633.110577661], [291479.546799107, 4330633.110577661], [291479.546799107, 4330543.110577661], [291509.546799107, 4330543.110577661], [291509.546799107, 4330393.110577661], [291479.546799107, 4330393.110577661], [291479.546799107, 4330363.110577661], [291509.546799107, 4330363.110577661], [291509.546799107, 4330333.110577661], [291539.546799107, 4330333.110577661], [291539.546799107, 4330243.110577661], [291509.546799107, 4330243.110577661], [291509.546799107, 4330183.110577661], [291539.546799107, 4330183.110577661], [291539.546799107, 4330093.110577661], [291569.546799107, 4330093.110577661], [291569.546799107, 4330063.110577661], [291599.546799107, 4330063.110577661], [291599.546799107, 4330033.110577661], [291629.546799107, 4330033.110577661], [291629.546799107, 4330003.110577661], [291809.546799107, 4330003.110577661], [291809.546799107, 4329973.110577661], [291839.546799107, 4329973.110577661], [291839.546799107, 4329913.110577661], [291869.546799107, 4329913.110577661], [291869.546799107, 4329883.110577661], [291839.546799107, 4329883.110577661], [291839.546799107, 4329823.110577661], [291809.546799107, 4329823.110577661], [291809.546799107, 4329673.110577661], [291839.546799107, 4329673.110577661], [291839.546799107, 4329523.110577661], [291779.546799107, 4329523.110577661], [291779.546799107, 4329463.110577661], [291749.546799107, 4329463.110577661], [291749.546799107, 4329343.110577661], [291719.546799107, 4329343.110577661], [291719.546799107, 4329313.110577661], [291749.546799107, 4329313.110577661], [291749.546799107, 4329223.110577661], [291779.546799107, 4329223.110577661], [291779.546799107, 4329193.110577661], [291809.546799107, 4329193.110577661], [291809.546799107, 4329103.110577661], [291839.546799107, 4329103.110577661], [291839.546799107, 4329073.110577661], [291749.546799107, 4329073.110577661], [291749.546799107, 4328983.110577661], [291779.546799107, 4328983.110577661], [291779.546799107, 4328953.110577661], [291809.546799107, 4328953.110577661], [291809.546799107, 4328653.110577661], [291869.546799107, 4328653.110577661], [291869.546799107, 4328623.110577661], [291899.546799107, 4328623.110577661], [291899.546799107, 4328413.110577661], [291869.546799107, 4328413.110577661], [291869.546799107, 4328353.110577661], [291779.546799107, 4328353.110577661], [291779.546799107, 4328383.110577661], [291719.546799107, 4328383.110577661], [291719.546799107, 4328413.110577661], [291659.546799107, 4328413.110577661], [291659.546799107, 4328383.110577661], [291629.546799107, 4328383.110577661], [291629.546799107, 4328263.110577661], [291659.546799107, 4328263.110577661], [291659.546799107, 4328203.110577661], [291629.546799107, 4328203.110577661], [291629.546799107, 4328233.110577661], [291569.546799107, 4328233.110577661], [291569.546799107, 4328203.110577661], [291449.546799107, 4328203.110577661], [291449.546799107, 4328143.110577661], [291419.546799107, 4328143.110577661], [291419.546799107, 4328083.110577661], [291389.546799107, 4328083.110577661], [291389.546799107, 4328053.110577661], [291419.546799107, 4328053.110577661], [291419.546799107, 4327993.110577661], [291449.546799107, 4327993.110577661], [291449.546799107, 4327903.110577661], [291389.546799107, 4327903.110577661], [291389.546799107, 4327873.110577661], [291329.546799107, 4327873.110577661], [291329.546799107, 4327903.110577661], [291299.546799107, 4327903.110577661], [291299.546799107, 4327843.110577661], [291209.546799107, 4327843.110577661], [291209.546799107, 4327783.110577661], [291179.546799107, 4327783.110577661], [291179.546799107, 4327543.110577661], [291329.546799107, 4327543.110577661], [291329.546799107, 4327483.110577661], [291359.546799107, 4327483.110577661], [291359.546799107, 4327423.110577661], [291299.546799107, 4327423.110577661], [291299.546799107, 4327363.110577661], [291269.546799107, 4327363.110577661], [291269.546799107, 4327303.110577661], [291239.546799107, 4327303.110577661], [291239.546799107, 4327273.110577661], [291269.546799107, 4327273.110577661], [291269.546799107, 4327213.110577661], [291299.546799107, 4327213.110577661], [291299.546799107, 4327183.110577661], [291329.546799107, 4327183.110577661], [291329.546799107, 4327063.110577661], [291299.546799107, 4327063.110577661], [291299.546799107, 4327033.110577661], [291209.546799107, 4327033.110577661], [291209.546799107, 4327063.110577661], [291149.546799107, 4327063.110577661], [291149.546799107, 4327033.110577661], [291089.546799107, 4327033.110577661], [291089.546799107, 4327003.110577661], [291059.546799107, 4327003.110577661], [291059.546799107, 4326973.110577661], [291029.546799107, 4326973.110577661], [291029.546799107, 4326793.110577661], [290969.546799107, 4326793.110577661], [290969.546799107, 4326763.110577661], [290939.546799107, 4326763.110577661], [290939.546799107, 4326703.110577661], [290909.546799107, 4326703.110577661], [290909.546799107, 4326583.110577661], [290999.546799107, 4326583.110577661], [290999.546799107, 4326613.110577661], [291029.546799107, 4326613.110577661], [291029.546799107, 4326583.110577661], [291059.546799107, 4326583.110577661], [291059.546799107, 4326613.110577661], [291089.546799107, 4326613.110577661], [291089.546799107, 4326523.110577661], [291119.546799107, 4326523.110577661], [291119.546799107, 4326313.110577661], [291059.546799107, 4326313.110577661], [291059.546799107, 4326253.110577661], [291029.546799107, 4326253.110577661], [291029.546799107, 4326223.110577661], [290969.546799107, 4326223.110577661], [290969.546799107, 4326103.110577661], [290999.546799107, 4326103.110577661], [290999.546799107, 4326013.110577661], [290969.546799107, 4326013.110577661], [290969.546799107, 4325983.110577661], [290939.546799107, 4325983.110577661], [290939.546799107, 4325863.110577661], [290999.546799107, 4325863.110577661], [290999.546799107, 4325803.110577661], [290969.546799107, 4325803.110577661], [290969.546799107, 4325713.110577661], [290909.546799107, 4325713.110577661], [290909.546799107, 4325623.110577661], [290939.546799107, 4325623.110577661], [290939.546799107, 4325533.110577661], [290909.546799107, 4325533.110577661], [290909.546799107, 4325503.110577661], [290879.546799107, 4325503.110577661], [290879.546799107, 4325443.110577661], [290789.546799107, 4325443.110577661], [290789.546799107, 4325383.110577661], [290759.546799107, 4325383.110577661], [290759.546799107, 4325293.110577661], [290669.546799107, 4325293.110577661], [290669.546799107, 4325323.110577661], [290609.546799107, 4325323.110577661], [290609.546799107, 4325173.110577661], [290639.546799107, 4325173.110577661], [290639.546799107, 4324933.110577661], [290699.546799107, 4324933.110577661], [290699.546799107, 4324903.110577661], [290729.546799107, 4324903.110577661], [290729.546799107, 4324873.110577661], [290819.546799107, 4324873.110577661], [290819.546799107, 4324933.110577661], [290909.546799107, 4324933.110577661], [290909.546799107, 4324903.110577661], [290999.546799107, 4324903.110577661], [290999.546799107, 4324873.110577661], [291059.546799107, 4324873.110577661], [291059.546799107, 4324843.110577661], [291089.546799107, 4324843.110577661], [291089.546799107, 4324873.110577661], [291119.546799107, 4324873.110577661], [291119.546799107, 4324903.110577661], [291149.546799107, 4324903.110577661], [291149.546799107, 4324963.110577661], [291119.546799107, 4324963.110577661], [291119.546799107, 4324993.110577661], [291089.546799107, 4324993.110577661], [291089.546799107, 4325023.110577661], [291119.546799107, 4325023.110577661], [291119.546799107, 4325113.110577661], [291209.546799107, 4325113.110577661], [291209.546799107, 4325143.110577661], [291239.546799107, 4325143.110577661], [291239.546799107, 4325173.110577661], [291269.546799107, 4325173.110577661], [291269.546799107, 4325203.110577661], [291299.546799107, 4325203.110577661], [291299.546799107, 4325233.110577661], [291329.546799107, 4325233.110577661], [291329.546799107, 4325263.110577661], [291449.546799107, 4325263.110577661], [291449.546799107, 4325233.110577661], [291509.546799107, 4325233.110577661], [291509.546799107, 4325263.110577661], [291569.546799107, 4325263.110577661], [291569.546799107, 4325323.110577661], [291599.546799107, 4325323.110577661], [291599.546799107, 4325353.110577661], [291659.546799107, 4325353.110577661], [291659.546799107, 4325443.110577661], [291689.546799107, 4325443.110577661], [291689.546799107, 4325473.110577661], [291659.546799107, 4325473.110577661], [291659.546799107, 4325593.110577661], [291749.546799107, 4325593.110577661], [291749.546799107, 4325503.110577661], [291809.546799107, 4325503.110577661], [291809.546799107, 4325473.110577661], [291869.546799107, 4325473.110577661], [291869.546799107, 4325443.110577661], [291929.546799107, 4325443.110577661], [291929.546799107, 4325473.110577661], [291959.546799107, 4325473.110577661], [291959.546799107, 4325503.110577661], [291989.546799107, 4325503.110577661], [291989.546799107, 4325473.110577661], [292049.546799107, 4325473.110577661], [292049.546799107, 4325503.110577661], [292079.546799107, 4325503.110577661], [292079.546799107, 4325473.110577661], [292109.546799107, 4325473.110577661], [292109.546799107, 4325443.110577661], [292139.546799107, 4325443.110577661], [292139.546799107, 4325413.110577661], [292229.546799107, 4325413.110577661], [292229.546799107, 4325383.110577661], [292259.546799107, 4325383.110577661], [292259.546799107, 4325443.110577661], [292319.546799107, 4325443.110577661], [292319.546799107, 4325563.110577661], [292289.546799107, 4325563.110577661], [292289.546799107, 4325623.110577661], [292319.546799107, 4325623.110577661], [292319.546799107, 4325593.110577661], [292349.546799107, 4325593.110577661], [292349.546799107, 4325743.110577661], [292319.546799107, 4325743.110577661], [292319.546799107, 4325773.110577661], [292349.546799107, 4325773.110577661], [292349.546799107, 4325833.110577661], [292319.546799107, 4325833.110577661], [292319.546799107, 4325863.110577661], [292289.546799107, 4325863.110577661], [292289.546799107, 4325923.110577661], [292259.546799107, 4325923.110577661], [292259.546799107, 4325953.110577661], [292199.546799107, 4325953.110577661], [292199.546799107, 4326013.110577661], [292229.546799107, 4326013.110577661], [292229.546799107, 4326043.110577661], [292499.546799107, 4326043.110577661], [292499.546799107, 4326073.110577661], [292529.546799107, 4326073.110577661], [292529.546799107, 4326103.110577661], [292559.546799107, 4326103.110577661], [292559.546799107, 4326133.110577661], [292619.546799107, 4326133.110577661], [292619.546799107, 4326163.110577661], [292649.546799107, 4326163.110577661], [292649.546799107, 4326193.110577661], [292679.546799107, 4326193.110577661], [292679.546799107, 4326223.110577661], [292769.546799107, 4326223.110577661], [292769.546799107, 4326253.110577661], [292889.546799107, 4326253.110577661], [292889.546799107, 4326223.110577661], [292979.546799107, 4326223.110577661], [292979.546799107, 4326193.110577661], [293009.546799107, 4326193.110577661], [293009.546799107, 4326223.110577661], [293039.546799107, 4326223.110577661], [293039.546799107, 4326253.110577661], [293069.546799107, 4326253.110577661], [293069.546799107, 4326373.110577661], [293099.546799107, 4326373.110577661], [293099.546799107, 4326433.110577661], [293069.546799107, 4326433.110577661], [293069.546799107, 4326463.110577661], [293099.546799107, 4326463.110577661], [293099.546799107, 4326523.110577661], [292979.546799107, 4326523.110577661], [292979.546799107, 4326613.110577661], [293009.546799107, 4326613.110577661], [293009.546799107, 4326643.110577661], [293099.546799107, 4326643.110577661], [293099.546799107, 4326703.110577661], [293159.546799107, 4326703.110577661], [293159.546799107, 4326733.110577661], [293219.546799107, 4326733.110577661], [293219.546799107, 4326793.110577661], [293249.546799107, 4326793.110577661], [293249.546799107, 4326853.110577661], [293219.546799107, 4326853.110577661], [293219.546799107, 4326913.110577661], [293189.546799107, 4326913.110577661], [293189.546799107, 4326973.110577661], [293159.546799107, 4326973.110577661], [293159.546799107, 4327093.110577661], [293189.546799107, 4327093.110577661], [293189.546799107, 4327123.110577661], [293249.546799107, 4327123.110577661], [293249.546799107, 4327183.110577661], [293309.546799107, 4327183.110577661], [293309.546799107, 4327123.110577661], [293399.546799107, 4327123.110577661], [293399.546799107, 4327153.110577661], [293429.546799107, 4327153.110577661], [293429.546799107, 4327183.110577661], [293489.546799107, 4327183.110577661], [293489.546799107, 4327213.110577661], [293519.546799107, 4327213.110577661], [293519.546799107, 4327273.110577661], [293549.546799107, 4327273.110577661], [293549.546799107, 4327333.110577661], [293579.546799107, 4327333.110577661], [293579.546799107, 4327363.110577661], [293669.546799107, 4327363.110577661], [293669.546799107, 4327393.110577661], [293789.546799107, 4327393.110577661], [293789.546799107, 4327483.110577661], [293819.546799107, 4327483.110577661], [293819.546799107, 4327513.110577661], [293849.546799107, 4327513.110577661], [293849.546799107, 4327543.110577661], [293879.546799107, 4327543.110577661], [293879.546799107, 4327663.110577661], [293939.546799107, 4327663.110577661], [293939.546799107, 4327693.110577661], [293969.546799107, 4327693.110577661], [293969.546799107, 4327663.110577661], [294029.546799107, 4327663.110577661], [294029.546799107, 4327633.110577661], [294209.546799107, 4327633.110577661], [294209.546799107, 4327693.110577661], [294269.546799107, 4327693.110577661], [294269.546799107, 4327723.110577661], [294329.546799107, 4327723.110577661], [294329.546799107, 4327753.110577661], [294389.546799107, 4327753.110577661], [294389.546799107, 4327783.110577661], [294449.546799107, 4327783.110577661], [294449.546799107, 4327693.110577661], [294479.546799107, 4327693.110577661], [294479.546799107, 4327633.110577661], [294509.546799107, 4327633.110577661], [294509.546799107, 4327573.110577661], [294539.546799107, 4327573.110577661], [294539.546799107, 4327513.110577661], [294599.546799107, 4327513.110577661], [294599.546799107, 4327543.110577661], [294689.546799107, 4327543.110577661], [294689.546799107, 4327573.110577661], [294659.546799107, 4327573.110577661], [294659.546799107, 4327693.110577661], [294689.546799107, 4327693.110577661], [294689.546799107, 4327723.110577661], [294659.546799107, 4327723.110577661], [294659.546799107, 4327873.110577661], [294719.546799107, 4327873.110577661], [294719.546799107, 4327963.110577661], [294749.546799107, 4327963.110577661], [294749.546799107, 4327993.110577661], [294839.546799107, 4327993.110577661], [294839.546799107, 4327843.110577661], [294959.546799107, 4327843.110577661], [294959.546799107, 4327963.110577661], [294989.546799107, 4327963.110577661], [294989.546799107, 4328023.110577661], [295079.546799107, 4328023.110577661], [295079.546799107, 4328053.110577661], [295139.546799107, 4328053.110577661], [295139.546799107, 4328023.110577661], [295169.546799107, 4328023.110577661], [295169.546799107, 4327993.110577661], [295259.546799107, 4327993.110577661], [295259.546799107, 4328023.110577661], [295289.546799107, 4328023.110577661], [295289.546799107, 4328053.110577661], [295319.546799107, 4328053.110577661], [295319.546799107, 4328113.110577661], [295289.546799107, 4328113.110577661], [295289.546799107, 4328143.110577661], [295319.546799107, 4328143.110577661], [295319.546799107, 4328173.110577661], [295349.546799107, 4328173.110577661], [295349.546799107, 4328233.110577661], [295439.546799107, 4328233.110577661], [295439.546799107, 4328263.110577661], [295469.546799107, 4328263.110577661], [295469.546799107, 4328233.110577661], [295529.546799107, 4328233.110577661], [295529.546799107, 4328143.110577661], [295559.546799107, 4328143.110577661], [295559.546799107, 4328083.110577661], [295619.546799107, 4328083.110577661], [295619.546799107, 4328053.110577661], [295649.546799107, 4328053.110577661], [295649.546799107, 4328023.110577661], [295679.546799107, 4328023.110577661], [295679.546799107, 4327993.110577661], [295739.546799107, 4327993.110577661], [295739.546799107, 4328023.110577661], [295799.546799107, 4328023.110577661], [295799.546799107, 4328053.110577661], [295829.546799107, 4328053.110577661], [295829.546799107, 4328143.110577661], [295799.546799107, 4328143.110577661], [295799.546799107, 4328203.110577661], [295769.546799107, 4328203.110577661], [295769.546799107, 4328233.110577661], [295859.546799107, 4328233.110577661], [295859.546799107, 4328263.110577661], [295889.546799107, 4328263.110577661], [295889.546799107, 4328323.110577661], [295979.546799107, 4328323.110577661], [295979.546799107, 4328353.110577661], [296009.546799107, 4328353.110577661], [296009.546799107, 4328383.110577661], [296039.546799107, 4328383.110577661], [296039.546799107, 4328443.110577661], [296069.546799107, 4328443.110577661], [296069.546799107, 4328473.110577661], [296099.546799107, 4328473.110577661], [296099.546799107, 4328503.110577661], [296129.546799107, 4328503.110577661], [296129.546799107, 4328623.110577661], [296159.546799107, 4328623.110577661], [296159.546799107, 4328683.110577661], [296189.546799107, 4328683.110577661], [296189.546799107, 4328713.110577661], [296219.546799107, 4328713.110577661], [296219.546799107, 4328803.110577661], [296309.546799107, 4328803.110577661], [296309.546799107, 4329013.110577661], [296339.546799107, 4329013.110577661], [296339.546799107, 4329103.110577661], [296309.546799107, 4329103.110577661], [296309.546799107, 4329373.110577661], [296369.546799107, 4329373.110577661], [296369.546799107, 4329403.110577661], [296429.546799107, 4329403.110577661], [296429.546799107, 4329433.110577661], [296459.546799107, 4329433.110577661], [296459.546799107, 4329403.110577661], [296489.546799107, 4329403.110577661], [296489.546799107, 4329433.110577661], [296519.546799107, 4329433.110577661], [296519.546799107, 4329403.110577661], [296549.546799107, 4329403.110577661], [296549.546799107, 4329463.110577661], [296519.546799107, 4329463.110577661], [296519.546799107, 4329523.110577661], [296579.546799107, 4329523.110577661], [296579.546799107, 4329553.110577661], [296639.546799107, 4329553.110577661], [296639.546799107, 4329613.110577661], [296699.546799107, 4329613.110577661], [296699.546799107, 4329583.110577661], [296759.546799107, 4329583.110577661], [296759.546799107, 4329673.110577661], [296789.546799107, 4329673.110577661], [296789.546799107, 4329853.110577661], [296909.546799107, 4329853.110577661], [296909.546799107, 4329823.110577661], [296939.546799107, 4329823.110577661], [296939.546799107, 4329793.110577661], [296969.546799107, 4329793.110577661], [296969.546799107, 4329763.110577661], [297029.546799107, 4329763.110577661], [297029.546799107, 4329733.110577661], [297059.546799107, 4329733.110577661], [297059.546799107, 4329763.110577661], [297149.546799107, 4329763.110577661], [297149.546799107, 4329793.110577661], [297119.546799107, 4329793.110577661], [297119.546799107, 4329853.110577661], [297149.546799107, 4329853.110577661], [297149.546799107, 4329883.110577661], [297179.546799107, 4329883.110577661], [297179.546799107, 4329943.110577661], [297239.546799107, 4329943.110577661], [297239.546799107, 4329973.110577661], [297299.546799107, 4329973.110577661], [297299.546799107, 4330033.110577661], [297329.546799107, 4330033.110577661], [297329.546799107, 4330093.110577661], [297359.546799107, 4330093.110577661], [297359.546799107, 4330123.110577661], [297389.546799107, 4330123.110577661], [297389.546799107, 4330153.110577661], [297419.546799107, 4330153.110577661], [297419.546799107, 4330123.110577661], [297569.546799107, 4330123.110577661], [297569.546799107, 4330183.110577661], [297659.546799107, 4330183.110577661], [297659.546799107, 4330213.110577661], [297689.546799107, 4330213.110577661], [297689.546799107, 4330303.110577661], [297719.546799107, 4330303.110577661], [297719.546799107, 4330393.110577661], [297749.546799107, 4330393.110577661], [297749.546799107, 4330483.110577661], [297719.546799107, 4330483.110577661], [297719.546799107, 4330573.110577661], [297689.546799107, 4330573.110577661], [297689.546799107, 4330633.110577661], [297719.546799107, 4330633.110577661], [297719.546799107, 4330663.110577661], [297749.546799107, 4330663.110577661], [297749.546799107, 4330783.110577661], [297779.546799107, 4330783.110577661], [297779.546799107, 4330813.110577661], [297899.546799107, 4330813.110577661], [297899.546799107, 4330843.110577661], [297869.546799107, 4330843.110577661], [297869.546799107, 4330933.110577661], [297989.546799107, 4330933.110577661], [297989.546799107, 4331023.110577661], [298019.546799107, 4331023.110577661], [298019.546799107, 4331143.110577661], [297929.546799107, 4331143.110577661], [297929.546799107, 4331263.110577661], [297959.546799107, 4331263.110577661], [297959.546799107, 4331293.110577661], [298019.546799107, 4331293.110577661], [298019.546799107, 4331323.110577661], [298109.546799107, 4331323.110577661], [298109.546799107, 4331353.110577661], [298139.546799107, 4331353.110577661], [298139.546799107, 4331383.110577661], [298169.546799107, 4331383.110577661], [298169.546799107, 4331413.110577661], [298199.546799107, 4331413.110577661], [298199.546799107, 4331443.110577661], [298229.546799107, 4331443.110577661], [298229.546799107, 4331563.110577661], [298289.546799107, 4331563.110577661], [298289.546799107, 4331593.110577661], [298319.546799107, 4331593.110577661], [298319.546799107, 4331683.110577661], [298289.546799107, 4331683.110577661], [298289.546799107, 4331713.110577661], [298319.546799107, 4331713.110577661], [298319.546799107, 4331773.110577661], [298289.546799107, 4331773.110577661], [298289.546799107, 4331863.110577661], [298319.546799107, 4331863.110577661], [298319.546799107, 4331893.110577661], [298349.546799107, 4331893.110577661], [298349.546799107, 4331863.110577661], [298409.546799107, 4331863.110577661], [298409.546799107, 4331983.110577661], [298439.546799107, 4331983.110577661], [298439.546799107, 4332073.110577661], [298409.546799107, 4332073.110577661], [298409.546799107, 4332103.110577661], [298379.546799107, 4332103.110577661], [298379.546799107, 4332133.110577661], [298349.546799107, 4332133.110577661], [298349.546799107, 4332193.110577661], [298319.546799107, 4332193.110577661], [298319.546799107, 4332343.110577661], [298439.546799107, 4332343.110577661], [298439.546799107, 4332373.110577661], [298469.546799107, 4332373.110577661], [298469.546799107, 4332403.110577661], [298529.546799107, 4332403.110577661], [298529.546799107, 4332373.110577661], [298559.546799107, 4332373.110577661], [298559.546799107, 4332343.110577661], [298619.546799107, 4332343.110577661], [298619.546799107, 4332373.110577661], [298649.546799107, 4332373.110577661], [298649.546799107, 4332583.110577661], [298619.546799107, 4332583.110577661], [298619.546799107, 4332613.110577661], [298589.546799107, 4332613.110577661], [298589.546799107, 4332643.110577661], [298469.546799107, 4332643.110577661], [298469.546799107, 4332703.110577661], [298529.546799107, 4332703.110577661], [298529.546799107, 4332883.110577661], [298559.546799107, 4332883.110577661], [298559.546799107, 4333003.110577661], [298619.546799107, 4333003.110577661], [298619.546799107, 4333033.110577661], [298649.546799107, 4333033.110577661], [298649.546799107, 4333063.110577661], [298739.546799107, 4333063.110577661], [298739.546799107, 4333093.110577661], [298709.546799107, 4333093.110577661], [298709.546799107, 4333123.110577661], [298739.546799107, 4333123.110577661], [298739.546799107, 4333153.110577661], [298769.546799107, 4333153.110577661], [298769.546799107, 4333183.110577661], [298799.546799107, 4333183.110577661], [298799.546799107, 4333213.110577661], [298679.546799107, 4333213.110577661], [298679.546799107, 4333303.110577661], [298649.546799107, 4333303.110577661], [298649.546799107, 4333333.110577661], [298619.546799107, 4333333.110577661], [298619.546799107, 4333363.110577661], [298649.546799107, 4333363.110577661], [298649.546799107, 4333393.110577661], [298739.546799107, 4333393.110577661], [298739.546799107, 4333423.110577661], [298829.546799107, 4333423.110577661], [298829.546799107, 4333453.110577661], [298859.546799107, 4333453.110577661], [298859.546799107, 4333513.110577661], [298889.546799107, 4333513.110577661], [298889.546799107, 4333573.110577661], [299009.546799107, 4333573.110577661], [299009.546799107, 4333603.110577661], [299069.546799107, 4333603.110577661], [299069.546799107, 4333633.110577661], [299039.546799107, 4333633.110577661], [299039.546799107, 4333693.110577661], [299009.546799107, 4333693.110577661], [299009.546799107, 4333723.110577661], [298979.546799107, 4333723.110577661], [298979.546799107, 4333843.110577661], [298949.546799107, 4333843.110577661], [298949.546799107, 4333933.110577661], [298979.546799107, 4333933.110577661], [298979.546799107, 4334053.110577661], [299009.546799107, 4334053.110577661], [299009.546799107, 4334173.110577661], [298919.546799107, 4334173.110577661], [298919.546799107, 4334263.110577661], [298859.546799107, 4334263.110577661], [298859.546799107, 4334353.110577661], [298889.546799107, 4334353.110577661], [298889.546799107, 4334533.110577661], [298859.546799107, 4334533.110577661], [298859.546799107, 4334563.110577661], [298919.546799107, 4334563.110577661], [298919.546799107, 4334593.110577661], [298889.546799107, 4334593.110577661], [298889.546799107, 4334743.110577661], [298919.546799107, 4334743.110577661], [298919.546799107, 4334773.110577661], [298949.546799107, 4334773.110577661], [298949.546799107, 4334803.110577661], [299039.546799107, 4334803.110577661], [299039.546799107, 4334863.110577661], [299069.546799107, 4334863.110577661], [299069.546799107, 4334893.110577661], [299039.546799107, 4334893.110577661], [299039.546799107, 4335013.110577661], [299069.546799107, 4335013.110577661], [299069.546799107, 4335133.110577661], [299159.546799107, 4335133.110577661], [299159.546799107, 4335283.110577661], [299189.546799107, 4335283.110577661], [299189.546799107, 4335313.110577661], [299159.546799107, 4335313.110577661], [299159.546799107, 4335403.110577661], [299129.546799107, 4335403.110577661], [299129.546799107, 4335433.110577661], [299189.546799107, 4335433.110577661], [299189.546799107, 4335523.110577661], [299159.546799107, 4335523.110577661], [299159.546799107, 4335613.110577661], [299249.546799107, 4335613.110577661], [299249.546799107, 4335733.110577661], [299279.546799107, 4335733.110577661], [299279.546799107, 4335793.110577661], [299309.546799107, 4335793.110577661], [299309.546799107, 4335883.110577661], [299369.546799107, 4335883.110577661], [299369.546799107, 4335913.110577661], [299399.546799107, 4335913.110577661], [299399.546799107, 4335883.110577661], [299429.546799107, 4335883.110577661], [299429.546799107, 4335913.110577661], [299459.546799107, 4335913.110577661], [299459.546799107, 4335973.110577661], [299429.546799107, 4335973.110577661], [299429.546799107, 4336003.110577661], [299399.546799107, 4336003.110577661], [299399.546799107, 4336063.110577661], [299459.546799107, 4336063.110577661], [299459.546799107, 4336093.110577661], [299549.546799107, 4336093.110577661], [299549.546799107, 4336183.110577661], [299519.546799107, 4336183.110577661], [299519.546799107, 4336213.110577661], [299429.546799107, 4336213.110577661], [299429.546799107, 4336273.110577661], [299459.546799107, 4336273.110577661], [299459.546799107, 4336303.110577661], [299489.546799107, 4336303.110577661], [299489.546799107, 4336333.110577661], [299549.546799107, 4336333.110577661], [299549.546799107, 4336423.110577661], [299579.546799107, 4336423.110577661], [299579.546799107, 4336513.110577661], [299609.546799107, 4336513.110577661], [299609.546799107, 4336753.110577661], [299639.546799107, 4336753.110577661], [299639.546799107, 4336873.110577661], [299609.546799107, 4336873.110577661], [299609.546799107, 4336903.110577661], [299489.546799107, 4336903.110577661], [299489.546799107, 4336933.110577661], [299459.546799107, 4336933.110577661], [299459.546799107, 4336963.110577661], [299399.546799107, 4336963.110577661], [299399.546799107, 4337023.110577661], [299369.546799107, 4337023.110577661], [299369.546799107, 4337053.110577661], [299339.546799107, 4337053.110577661], [299339.546799107, 4337173.110577661], [299399.546799107, 4337173.110577661], [299399.546799107, 4337353.110577661], [299369.546799107, 4337353.110577661], [299369.546799107, 4337413.110577661], [299399.546799107, 4337413.110577661], [299399.546799107, 4337443.110577661], [299459.546799107, 4337443.110577661], [299459.546799107, 4337473.110577661], [299729.546799107, 4337473.110577661], [299729.546799107, 4337713.110577661], [299699.546799107, 4337713.110577661], [299699.546799107, 4337743.110577661], [299729.546799107, 4337743.110577661], [299729.546799107, 4337773.110577661], [299759.546799107, 4337773.110577661], [299759.546799107, 4337803.110577661], [299849.546799107, 4337803.110577661], [299849.546799107, 4337893.110577661], [299879.546799107, 4337893.110577661], [299879.546799107, 4337923.110577661], [299999.546799107, 4337923.110577661], [299999.546799107, 4337953.110577661], [300059.546799107, 4337953.110577661], [300059.546799107, 4337923.110577661], [300119.546799107, 4337923.110577661], [300119.546799107, 4337893.110577661], [300179.546799107, 4337893.110577661], [300179.546799107, 4337863.110577661], [300209.546799107, 4337863.110577661], [300209.546799107, 4337833.110577661], [300239.546799107, 4337833.110577661], [300239.546799107, 4337773.110577661], [300299.546799107, 4337773.110577661], [300299.546799107, 4337743.110577661], [300329.546799107, 4337743.110577661], [300329.546799107, 4337713.110577661], [300359.546799107, 4337713.110577661], [300359.546799107, 4337773.110577661], [300389.546799107, 4337773.110577661], [300389.546799107, 4337803.110577661], [300419.546799107, 4337803.110577661], [300419.546799107, 4337773.110577661], [300449.546799107, 4337773.110577661], [300449.546799107, 4337713.110577661], [300479.546799107, 4337713.110577661], [300479.546799107, 4337653.110577661], [300659.546799107, 4337653.110577661], [300659.546799107, 4337683.110577661], [300689.546799107, 4337683.110577661], [300689.546799107, 4337713.110577661], [300719.546799107, 4337713.110577661], [300719.546799107, 4337833.110577661], [300689.546799107, 4337833.110577661], [300689.546799107, 4337863.110577661], [300659.546799107, 4337863.110577661], [300659.546799107, 4337953.110577661], [300719.546799107, 4337953.110577661], [300719.546799107, 4337983.110577661], [300809.546799107, 4337983.110577661], [300809.546799107, 4338013.110577661], [300869.546799107, 4338013.110577661], [300869.546799107, 4338133.110577661], [300899.546799107, 4338133.110577661], [300899.546799107, 4338223.110577661], [300929.546799107, 4338223.110577661], [300929.546799107, 4338253.110577661], [301019.546799107, 4338253.110577661], [301019.546799107, 4338283.110577661], [301049.546799107, 4338283.110577661], [301049.546799107, 4338313.110577661], [301169.546799107, 4338313.110577661], [301169.546799107, 4338583.110577661], [301199.546799107, 4338583.110577661], [301199.546799107, 4338553.110577661], [301229.546799107, 4338553.110577661], [301229.546799107, 4338523.110577661], [301289.546799107, 4338523.110577661], [301289.546799107, 4338403.110577661], [301319.546799107, 4338403.110577661], [301319.546799107, 4338373.110577661], [301499.546799107, 4338373.110577661], [301499.546799107, 4338343.110577661], [301589.546799107, 4338343.110577661], [301589.546799107, 4338253.110577661], [301619.546799107, 4338253.110577661], [301619.546799107, 4338283.110577661], [301649.546799107, 4338283.110577661], [301649.546799107, 4338313.110577661], [301679.546799107, 4338313.110577661], [301679.546799107, 4338403.110577661], [301769.546799107, 4338403.110577661], [301769.546799107, 4338373.110577661], [301829.546799107, 4338373.110577661], [301829.546799107, 4338343.110577661], [301889.546799107, 4338343.110577661], [301889.546799107, 4338373.110577661], [301919.546799107, 4338373.110577661], [301919.546799107, 4338403.110577661], [301979.546799107, 4338403.110577661], [301979.546799107, 4338373.110577661], [302039.546799107, 4338373.110577661], [302039.546799107, 4338673.110577661], [302069.546799107, 4338673.110577661], [302069.546799107, 4338793.110577661], [302039.546799107, 4338793.110577661], [302039.546799107, 4338823.110577661], [302069.546799107, 4338823.110577661], [302069.546799107, 4338943.110577661], [302129.546799107, 4338943.110577661], [302129.546799107, 4338913.110577661], [302189.546799107, 4338913.110577661], [302189.546799107, 4338973.110577661], [302309.546799107, 4338973.110577661], [302309.546799107, 4339063.110577661], [302339.546799107, 4339063.110577661], [302339.546799107, 4339153.110577661], [302369.546799107, 4339153.110577661], [302369.546799107, 4339243.110577661], [302399.546799107, 4339243.110577661], [302399.546799107, 4339273.110577661], [302429.546799107, 4339273.110577661], [302429.546799107, 4339243.110577661], [302459.546799107, 4339243.110577661], [302459.546799107, 4339273.110577661], [302489.546799107, 4339273.110577661], [302489.546799107, 4339363.110577661], [302459.546799107, 4339363.110577661], [302459.546799107, 4339453.110577661], [302489.546799107, 4339453.110577661], [302489.546799107, 4339513.110577661], [302519.546799107, 4339513.110577661], [302519.546799107, 4339543.110577661], [302579.546799107, 4339543.110577661], [302579.546799107, 4339513.110577661], [302639.546799107, 4339513.110577661], [302639.546799107, 4339573.110577661], [302789.546799107, 4339573.110577661], [302789.546799107, 4339513.110577661], [302849.546799107, 4339513.110577661], [302849.546799107, 4339663.110577661], [302879.546799107, 4339663.110577661], [302879.546799107, 4339723.110577661], [302909.546799107, 4339723.110577661], [302909.546799107, 4339783.110577661], [302969.546799107, 4339783.110577661], [302969.546799107, 4339813.110577661], [302999.546799107, 4339813.110577661], [302999.546799107, 4339873.110577661], [303029.546799107, 4339873.110577661], [303029.546799107, 4339993.110577661], [303059.546799107, 4339993.110577661], [303059.546799107, 4340233.110577661], [303089.546799107, 4340233.110577661], [303089.546799107, 4340293.110577661], [303059.546799107, 4340293.110577661], [303059.546799107, 4340323.110577661], [303029.546799107, 4340323.110577661], [303029.546799107, 4340353.110577661], [302969.546799107, 4340353.110577661], [302969.546799107, 4340293.110577661], [302909.546799107, 4340293.110577661], [302909.546799107, 4340353.110577661], [302879.546799107, 4340353.110577661], [302879.546799107, 4340503.110577661], [302909.546799107, 4340503.110577661], [302909.546799107, 4340653.110577661], [302939.546799107, 4340653.110577661], [302939.546799107, 4340683.110577661], [302999.546799107, 4340683.110577661], [302999.546799107, 4340713.110577661], [303029.546799107, 4340713.110577661], [303029.546799107, 4340743.110577661], [303149.546799107, 4340743.110577661], [303149.546799107, 4340773.110577661], [303179.546799107, 4340773.110577661], [303179.546799107, 4340743.110577661], [303269.546799107, 4340743.110577661], [303269.546799107, 4340773.110577661], [303299.546799107, 4340773.110577661], [303299.546799107, 4340833.110577661], [303329.546799107, 4340833.110577661], [303329.546799107, 4340863.110577661], [303299.546799107, 4340863.110577661], [303299.546799107, 4340893.110577661], [303329.546799107, 4340893.110577661], [303329.546799107, 4340923.110577661], [303509.546799107, 4340923.110577661], [303509.546799107, 4340953.110577661], [303539.546799107, 4340953.110577661], [303539.546799107, 4340983.110577661], [303569.546799107, 4340983.110577661], [303569.546799107, 4341073.110577661], [303599.546799107, 4341073.110577661], [303599.546799107, 4341133.110577661], [303659.546799107, 4341133.110577661], [303659.546799107, 4341163.110577661], [303689.546799107, 4341163.110577661], [303689.546799107, 4341193.110577661], [303719.546799107, 4341193.110577661], [303719.546799107, 4341223.110577661], [303749.546799107, 4341223.110577661], [303749.546799107, 4341313.110577661], [303779.546799107, 4341313.110577661], [303779.546799107, 4341343.110577661], [303839.546799107, 4341343.110577661], [303839.546799107, 4341313.110577661], [303869.546799107, 4341313.110577661], [303869.546799107, 4341283.110577661], [303929.546799107, 4341283.110577661], [303929.546799107, 4341253.110577661], [303959.546799107, 4341253.110577661], [303959.546799107, 4341223.110577661], [304079.546799107, 4341223.110577661], [304079.546799107, 4341193.110577661], [304109.546799107, 4341193.110577661], [304109.546799107, 4341223.110577661], [304229.546799107, 4341223.110577661], [304229.546799107, 4341313.110577661], [304199.546799107, 4341313.110577661], [304199.546799107, 4341343.110577661], [304169.546799107, 4341343.110577661], [304169.546799107, 4341403.110577661], [304199.546799107, 4341403.110577661], [304199.546799107, 4341493.110577661], [304259.546799107, 4341493.110577661], [304259.546799107, 4341523.110577661], [304319.546799107, 4341523.110577661], [304319.546799107, 4341553.110577661], [304409.546799107, 4341553.110577661], [304409.546799107, 4341523.110577661], [304439.546799107, 4341523.110577661], [304439.546799107, 4341613.110577661], [304409.546799107, 4341613.110577661], [304409.546799107, 4341643.110577661], [304439.546799107, 4341643.110577661], [304439.546799107, 4341673.110577661], [304469.546799107, 4341673.110577661], [304469.546799107, 4341703.110577661], [304589.546799107, 4341703.110577661], [304589.546799107, 4341673.110577661], [304619.546799107, 4341673.110577661], [304619.546799107, 4341703.110577661], [304649.546799107, 4341703.110577661], [304649.546799107, 4341763.110577661], [304679.546799107, 4341763.110577661], [304679.546799107, 4341793.110577661], [304649.546799107, 4341793.110577661], [304649.546799107, 4341823.110577661], [304679.546799107, 4341823.110577661], [304679.546799107, 4341853.110577661], [304649.546799107, 4341853.110577661], [304649.546799107, 4341913.110577661], [304619.546799107, 4341913.110577661], [304619.546799107, 4342033.110577661], [304739.546799107, 4342033.110577661], [304739.546799107, 4342003.110577661], [304769.546799107, 4342003.110577661], [304769.546799107, 4342063.110577661], [304829.546799107, 4342063.110577661], [304829.546799107, 4342033.110577661], [304859.546799107, 4342033.110577661], [304859.546799107, 4342063.110577661], [304919.546799107, 4342063.110577661], [304919.546799107, 4342183.110577661], [304949.546799107, 4342183.110577661], [304949.546799107, 4342213.110577661], [305009.546799107, 4342213.110577661], [305009.546799107, 4342273.110577661], [305039.546799107, 4342273.110577661], [305039.546799107, 4342303.110577661], [305099.546799107, 4342303.110577661], [305099.546799107, 4342333.110577661], [305279.546799107, 4342333.110577661], [305279.546799107, 4342303.110577661], [305339.546799107, 4342303.110577661], [305339.546799107, 4342273.110577661], [305369.546799107, 4342273.110577661], [305369.546799107, 4342363.110577661], [305489.546799107, 4342363.110577661], [305489.546799107, 4342333.110577661], [305519.546799107, 4342333.110577661], [305519.546799107, 4342363.110577661], [305549.546799107, 4342363.110577661], [305549.546799107, 4342333.110577661], [305609.546799107, 4342333.110577661], [305609.546799107, 4342363.110577661], [305639.546799107, 4342363.110577661], [305639.546799107, 4342393.110577661], [305669.546799107, 4342393.110577661], [305669.546799107, 4342363.110577661], [305699.546799107, 4342363.110577661], [305699.546799107, 4342393.110577661], [305789.546799107, 4342393.110577661], [305789.546799107, 4342453.110577661], [305819.546799107, 4342453.110577661], [305819.546799107, 4342483.110577661], [305849.546799107, 4342483.110577661], [305849.546799107, 4342453.110577661], [305879.546799107, 4342453.110577661], [305879.546799107, 4342543.110577661], [305939.546799107, 4342543.110577661], [305939.546799107, 4342723.110577661], [305909.546799107, 4342723.110577661], [305909.546799107, 4342783.110577661], [305939.546799107, 4342783.110577661], [305939.546799107, 4342813.110577661], [305999.546799107, 4342813.110577661], [305999.546799107, 4342843.110577661], [305969.546799107, 4342843.110577661], [305969.546799107, 4342903.110577661], [305939.546799107, 4342903.110577661], [305939.546799107, 4343053.110577661], [305969.546799107, 4343053.110577661], [305969.546799107, 4343203.110577661], [305999.546799107, 4343203.110577661], [305999.546799107, 4343263.110577661], [305969.546799107, 4343263.110577661], [305969.546799107, 4343443.110577661], [305939.546799107, 4343443.110577661], [305939.546799107, 4343503.110577661], [305909.546799107, 4343503.110577661], [305909.546799107, 4343533.110577661], [305879.546799107, 4343533.110577661], [305879.546799107, 4343623.110577661], [305909.546799107, 4343623.110577661], [305909.546799107, 4343683.110577661], [305939.546799107, 4343683.110577661], [305939.546799107, 4343833.110577661], [305909.546799107, 4343833.110577661], [305909.546799107, 4343893.110577661], [305819.546799107, 4343893.110577661], [305819.546799107, 4344013.110577661], [305849.546799107, 4344013.110577661], [305849.546799107, 4344043.110577661], [305819.546799107, 4344043.110577661], [305819.546799107, 4344073.110577661], [305849.546799107, 4344073.110577661], [305849.546799107, 4344163.110577661], [305879.546799107, 4344163.110577661], [305879.546799107, 4344193.110577661], [305909.546799107, 4344193.110577661], [305909.546799107, 4344223.110577661], [305939.546799107, 4344223.110577661], [305939.546799107, 4344253.110577661], [305969.546799107, 4344253.110577661], [305969.546799107, 4344283.110577661], [306029.546799107, 4344283.110577661], [306029.546799107, 4344343.110577661], [306059.546799107, 4344343.110577661], [306059.546799107, 4344433.110577661], [306029.546799107, 4344433.110577661], [306029.546799107, 4344553.110577661], [305999.546799107, 4344553.110577661], [305999.546799107, 4344583.110577661], [305969.546799107, 4344583.110577661], [305969.546799107, 4344613.110577661], [305939.546799107, 4344613.110577661], [305939.546799107, 4344673.110577661], [305909.546799107, 4344673.110577661], [305909.546799107, 4344703.110577661], [305819.546799107, 4344703.110577661], [305819.546799107, 4344763.110577661], [305789.546799107, 4344763.110577661], [305789.546799107, 4344793.110577661], [305819.546799107, 4344793.110577661], [305819.546799107, 4344853.110577661], [305789.546799107, 4344853.110577661], [305789.546799107, 4344883.110577661], [305729.546799107, 4344883.110577661], [305729.546799107, 4344913.110577661], [305759.546799107, 4344913.110577661], [305759.546799107, 4344943.110577661], [305819.546799107, 4344943.110577661], [305819.546799107, 4345063.110577661], [305789.546799107, 4345063.110577661], [305789.546799107, 4345123.110577661], [305819.546799107, 4345123.110577661], [305819.546799107, 4345153.110577661], [305849.546799107, 4345153.110577661], [305849.546799107, 4345273.110577661], [305879.546799107, 4345273.110577661], [305879.546799107, 4345303.110577661], [305939.546799107, 4345303.110577661], [305939.546799107, 4345333.110577661], [305969.546799107, 4345333.110577661], [305969.546799107, 4345363.110577661], [305999.546799107, 4345363.110577661], [305999.546799107, 4345483.110577661], [306029.546799107, 4345483.110577661], [306029.546799107, 4345513.110577661], [306059.546799107, 4345513.110577661], [306059.546799107, 4345543.110577661], [306089.546799107, 4345543.110577661], [306089.546799107, 4345573.110577661], [306119.546799107, 4345573.110577661], [306119.546799107, 4345603.110577661], [306089.546799107, 4345603.110577661], [306089.546799107, 4345663.110577661], [306119.546799107, 4345663.110577661], [306119.546799107, 4345693.110577661], [306269.546799107, 4345693.110577661], [306269.546799107, 4345723.110577661], [306329.546799107, 4345723.110577661], [306329.546799107, 4345753.110577661], [306359.546799107, 4345753.110577661], [306359.546799107, 4345723.110577661], [306389.546799107, 4345723.110577661], [306389.546799107, 4345753.110577661], [306419.546799107, 4345753.110577661], [306419.546799107, 4345813.110577661], [306479.546799107, 4345813.110577661], [306479.546799107, 4345903.110577661], [306509.546799107, 4345903.110577661], [306509.546799107, 4345933.110577661], [306539.546799107, 4345933.110577661], [306539.546799107, 4345963.110577661], [306569.546799107, 4345963.110577661], [306569.546799107, 4345993.110577661], [306689.546799107, 4345993.110577661], [306689.546799107, 4346023.110577661], [306869.546799107, 4346023.110577661], [306869.546799107, 4345993.110577661], [306929.546799107, 4345993.110577661], [306929.546799107, 4346023.110577661], [306989.546799107, 4346023.110577661], [306989.546799107, 4345993.110577661], [307259.546799107, 4345993.110577661], [307259.546799107, 4345963.110577661], [307289.546799107, 4345963.110577661], [307289.546799107, 4345993.110577661], [307319.546799107, 4345993.110577661], [307319.546799107, 4346083.110577661], [307349.546799107, 4346083.110577661], [307349.546799107, 4346113.110577661], [307319.546799107, 4346113.110577661], [307319.546799107, 4346203.110577661], [307379.546799107, 4346203.110577661], [307379.546799107, 4346353.110577661], [307409.546799107, 4346353.110577661], [307409.546799107, 4346383.110577661], [307439.546799107, 4346383.110577661], [307439.546799107, 4346533.110577661], [307409.546799107, 4346533.110577661], [307409.546799107, 4346593.110577661], [307469.546799107, 4346593.110577661], [307469.546799107, 4346623.110577661], [307559.546799107, 4346623.110577661], [307559.546799107, 4346593.110577661], [307589.546799107, 4346593.110577661], [307589.546799107, 4346683.110577661], [307679.546799107, 4346683.110577661], [307679.546799107, 4346743.110577661], [307709.546799107, 4346743.110577661], [307709.546799107, 4346803.110577661], [307679.546799107, 4346803.110577661], [307679.546799107, 4346833.110577661], [307709.546799107, 4346833.110577661], [307709.546799107, 4346893.110577661], [307739.546799107, 4346893.110577661], [307739.546799107, 4346923.110577661], [307769.546799107, 4346923.110577661], [307769.546799107, 4346953.110577661], [307829.546799107, 4346953.110577661], [307829.546799107, 4346983.110577661], [307859.546799107, 4346983.110577661], [307859.546799107, 4347013.110577661], [307889.546799107, 4347013.110577661], [307889.546799107, 4347103.110577661], [307859.546799107, 4347103.110577661], [307859.546799107, 4347163.110577661], [307829.546799107, 4347163.110577661], [307829.546799107, 4347253.110577661], [307769.546799107, 4347253.110577661], [307769.546799107, 4347283.110577661], [307739.546799107, 4347283.110577661], [307739.546799107, 4347313.110577661], [307769.546799107, 4347313.110577661], [307769.546799107, 4347373.110577661], [307739.546799107, 4347373.110577661], [307739.546799107, 4347403.110577661], [307709.546799107, 4347403.110577661], [307709.546799107, 4347493.110577661], [307739.546799107, 4347493.110577661], [307739.546799107, 4347553.110577661], [307769.546799107, 4347553.110577661], [307769.546799107, 4347583.110577661], [307889.546799107, 4347583.110577661], [307889.546799107, 4347673.110577661], [307919.546799107, 4347673.110577661], [307919.546799107, 4347763.110577661], [307949.546799107, 4347763.110577661], [307949.546799107, 4347793.110577661], [307979.546799107, 4347793.110577661], [307979.546799107, 4347823.110577661], [308009.546799107, 4347823.110577661], [308009.546799107, 4347853.110577661], [308069.546799107, 4347853.110577661], [308069.546799107, 4347883.110577661], [308159.546799107, 4347883.110577661], [308159.546799107, 4348123.110577661], [308129.546799107, 4348123.110577661], [308129.546799107, 4348243.110577661], [308159.546799107, 4348243.110577661], [308159.546799107, 4348303.110577661], [308189.546799107, 4348303.110577661], [308189.546799107, 4348393.110577661], [308219.546799107, 4348393.110577661], [308219.546799107, 4348483.110577661], [308249.546799107, 4348483.110577661], [308249.546799107, 4348513.110577661], [308279.546799107, 4348513.110577661], [308279.546799107, 4348543.110577661], [308309.546799107, 4348543.110577661], [308309.546799107, 4348603.110577661], [308399.546799107, 4348603.110577661], [308399.546799107, 4348633.110577661], [308429.546799107, 4348633.110577661], [308429.546799107, 4348723.110577661], [308579.546799107, 4348723.110577661], [308579.546799107, 4348783.110577661], [308639.546799107, 4348783.110577661], [308639.546799107, 4348813.110577661], [308699.546799107, 4348813.110577661], [308699.546799107, 4348873.110577661], [308759.546799107, 4348873.110577661], [308759.546799107, 4348903.110577661], [308819.546799107, 4348903.110577661], [308819.546799107, 4348933.110577661], [308849.546799107, 4348933.110577661], [308849.546799107, 4348963.110577661], [308879.546799107, 4348963.110577661], [308879.546799107, 4348993.110577661], [308909.546799107, 4348993.110577661], [308909.546799107, 4349023.110577661], [308939.546799107, 4349023.110577661], [308939.546799107, 4349053.110577661], [308969.546799107, 4349053.110577661], [308969.546799107, 4349143.110577661], [309119.546799107, 4349143.110577661], [309119.546799107, 4349113.110577661], [309299.546799107, 4349113.110577661], [309299.546799107, 4349143.110577661], [309449.546799107, 4349143.110577661], [309449.546799107, 4349113.110577661], [309509.546799107, 4349113.110577661], [309509.546799107, 4349173.110577661], [309539.546799107, 4349173.110577661], [309539.546799107, 4349203.110577661], [309569.546799107, 4349203.110577661], [309569.546799107, 4349233.110577661], [309599.546799107, 4349233.110577661], [309599.546799107, 4349293.110577661], [309629.546799107, 4349293.110577661], [309629.546799107, 4349323.110577661], [309689.546799107, 4349323.110577661], [309689.546799107, 4349443.110577661], [309719.546799107, 4349443.110577661], [309719.546799107, 4349473.110577661], [309749.546799107, 4349473.110577661], [309749.546799107, 4349503.110577661], [309869.546799107, 4349503.110577661], [309869.546799107, 4349533.110577661], [309899.546799107, 4349533.110577661], [309899.546799107, 4349563.110577661], [309929.546799107, 4349563.110577661], [309929.546799107, 4349593.110577661], [309989.546799107, 4349593.110577661], [309989.546799107, 4349653.110577661], [310019.546799107, 4349653.110577661], [310019.546799107, 4349683.110577661], [310109.546799107, 4349683.110577661], [310109.546799107, 4349713.110577661], [310139.546799107, 4349713.110577661], [310139.546799107, 4349683.110577661], [310259.546799107, 4349683.110577661], [310259.546799107, 4349713.110577661], [310289.546799107, 4349713.110577661], [310289.546799107, 4349773.110577661], [310319.546799107, 4349773.110577661], [310319.546799107, 4349803.110577661], [310349.546799107, 4349803.110577661], [310349.546799107, 4349863.110577661], [310379.546799107, 4349863.110577661], [310379.546799107, 4350013.110577661], [310409.546799107, 4350013.110577661], [310409.546799107, 4350073.110577661], [310529.546799107, 4350073.110577661], [310529.546799107, 4350133.110577661], [310559.546799107, 4350133.110577661], [310559.546799107, 4350193.110577661], [310589.546799107, 4350193.110577661], [310589.546799107, 4350223.110577661], [310619.546799107, 4350223.110577661], [310619.546799107, 4350253.110577661], [310649.546799107, 4350253.110577661], [310649.546799107, 4350283.110577661], [310619.546799107, 4350283.110577661], [310619.546799107, 4350313.110577661], [310649.546799107, 4350313.110577661], [310649.546799107, 4350493.110577661], [310679.546799107, 4350493.110577661], [310679.546799107, 4350553.110577661], [310649.546799107, 4350553.110577661], [310649.546799107, 4350583.110577661], [310619.546799107, 4350583.110577661], [310619.546799107, 4350613.110577661], [310589.546799107, 4350613.110577661], [310589.546799107, 4350643.110577661], [310769.546799107, 4350643.110577661], [310769.546799107, 4350673.110577661], [310829.546799107, 4350673.110577661], [310829.546799107, 4350703.110577661], [311069.546799107, 4350703.110577661], [311069.546799107, 4350673.110577661], [311099.546799107, 4350673.110577661], [311099.546799107, 4350703.110577661], [311129.546799107, 4350703.110577661], [311129.546799107, 4350763.110577661], [311189.546799107, 4350763.110577661], [311189.546799107, 4350793.110577661], [311279.546799107, 4350793.110577661], [311279.546799107, 4350763.110577661], [311309.546799107, 4350763.110577661], [311309.546799107, 4350793.110577661], [311339.546799107, 4350793.110577661], [311339.546799107, 4350883.110577661], [311519.546799107, 4350883.110577661], [311519.546799107, 4350913.110577661], [311639.546799107, 4350913.110577661], [311639.546799107, 4350943.110577661], [311699.546799107, 4350943.110577661], [311699.546799107, 4350973.110577661], [311729.546799107, 4350973.110577661], [311729.546799107, 4351003.110577661], [311789.546799107, 4351003.110577661], [311789.546799107, 4351033.110577661], [311819.546799107, 4351033.110577661], [311819.546799107, 4351093.110577661], [311849.546799107, 4351093.110577661], [311849.546799107, 4351123.110577661], [311969.546799107, 4351123.110577661], [311969.546799107, 4351213.110577661], [312029.546799107, 4351213.110577661], [312029.546799107, 4351243.110577661], [312059.546799107, 4351243.110577661], [312059.546799107, 4351303.110577661], [312089.546799107, 4351303.110577661], [312089.546799107, 4351333.110577661], [312119.546799107, 4351333.110577661], [312119.546799107, 4351363.110577661], [312179.546799107, 4351363.110577661], [312179.546799107, 4351333.110577661], [312209.546799107, 4351333.110577661], [312209.546799107, 4351303.110577661], [312299.546799107, 4351303.110577661], [312299.546799107, 4351333.110577661], [312329.546799107, 4351333.110577661], [312329.546799107, 4351363.110577661], [312419.546799107, 4351363.110577661], [312419.546799107, 4351423.110577661], [312449.546799107, 4351423.110577661], [312449.546799107, 4351453.110577661], [312479.546799107, 4351453.110577661], [312479.546799107, 4351633.110577661], [312509.546799107, 4351633.110577661], [312509.546799107, 4351663.110577661], [312659.546799107, 4351663.110577661], [312659.546799107, 4351633.110577661], [312689.546799107, 4351633.110577661], [312689.546799107, 4351663.110577661], [312749.546799107, 4351663.110577661], [312749.546799107, 4351693.110577661], [312869.546799107, 4351693.110577661], [312869.546799107, 4351813.110577661], [312899.546799107, 4351813.110577661], [312899.546799107, 4351843.110577661], [312929.546799107, 4351843.110577661], [312929.546799107, 4351963.110577661], [312989.546799107, 4351963.110577661], [312989.546799107, 4351993.110577661], [313019.546799107, 4351993.110577661], [313019.546799107, 4352113.110577661], [313049.546799107, 4352113.110577661], [313049.546799107, 4352143.110577661], [313109.546799107, 4352143.110577661], [313109.546799107, 4352173.110577661], [313169.546799107, 4352173.110577661], [313169.546799107, 4352203.110577661], [313259.546799107, 4352203.110577661], [313259.546799107, 4352233.110577661], [313289.546799107, 4352233.110577661], [313289.546799107, 4352263.110577661], [313319.546799107, 4352263.110577661], [313319.546799107, 4352233.110577661], [313349.546799107, 4352233.110577661], [313349.546799107, 4352203.110577661], [313409.546799107, 4352203.110577661], [313409.546799107, 4352143.110577661], [313499.546799107, 4352143.110577661], [313499.546799107, 4352113.110577661], [313529.546799107, 4352113.110577661], [313529.546799107, 4352083.110577661], [313559.546799107, 4352083.110577661], [313559.546799107, 4352053.110577661], [313589.546799107, 4352053.110577661], [313589.546799107, 4352023.110577661], [313619.546799107, 4352023.110577661], [313619.546799107, 4351963.110577661], [313679.546799107, 4351963.110577661], [313679.546799107, 4351873.110577661], [313709.546799107, 4351873.110577661], [313709.546799107, 4351813.110577661], [313739.546799107, 4351813.110577661], [313739.546799107, 4351783.110577661], [313769.546799107, 4351783.110577661], [313769.546799107, 4351753.110577661], [313829.546799107, 4351753.110577661], [313829.546799107, 4351723.110577661], [313859.546799107, 4351723.110577661], [313859.546799107, 4351663.110577661], [313919.546799107, 4351663.110577661], [313919.546799107, 4351603.110577661], [313949.546799107, 4351603.110577661], [313949.546799107, 4351573.110577661], [313979.546799107, 4351573.110577661], [313979.546799107, 4351543.110577661], [314009.546799107, 4351543.110577661], [314009.546799107, 4351363.110577661], [314069.546799107, 4351363.110577661], [314069.546799107, 4351333.110577661], [314129.546799107, 4351333.110577661], [314129.546799107, 4351273.110577661], [314189.546799107, 4351273.110577661], [314189.546799107, 4351243.110577661], [314249.546799107, 4351243.110577661], [314249.546799107, 4351153.110577661], [314189.546799107, 4351153.110577661], [314189.546799107, 4351033.110577661], [314159.546799107, 4351033.110577661], [314159.546799107, 4351003.110577661], [314129.546799107, 4351003.110577661], [314129.546799107, 4350973.110577661], [314159.546799107, 4350973.110577661], [314159.546799107, 4350853.110577661], [314189.546799107, 4350853.110577661], [314189.546799107, 4350823.110577661], [314249.546799107, 4350823.110577661], [314249.546799107, 4350763.110577661], [314279.546799107, 4350763.110577661], [314279.546799107, 4350733.110577661], [314249.546799107, 4350733.110577661], [314249.546799107, 4350673.110577661], [314309.546799107, 4350673.110577661], [314309.546799107, 4350643.110577661], [314399.546799107, 4350643.110577661], [314399.546799107, 4350613.110577661], [314489.546799107, 4350613.110577661], [314489.546799107, 4350643.110577661], [314519.546799107, 4350643.110577661], [314519.546799107, 4350673.110577661], [314579.546799107, 4350673.110577661], [314579.546799107, 4350643.110577661], [314639.546799107, 4350643.110577661], [314639.546799107, 4350613.110577661], [314729.546799107, 4350613.110577661], [314729.546799107, 4350673.110577661], [314849.546799107, 4350673.110577661], [314849.546799107, 4350643.110577661], [314879.546799107, 4350643.110577661], [314879.546799107, 4350613.110577661], [314909.546799107, 4350613.110577661], [314909.546799107, 4350583.110577661], [314939.546799107, 4350583.110577661], [314939.546799107, 4350613.110577661], [314999.546799107, 4350613.110577661], [314999.546799107, 4350643.110577661], [315059.546799107, 4350643.110577661], [315059.546799107, 4350673.110577661], [315119.546799107, 4350673.110577661], [315119.546799107, 4350703.110577661], [315149.546799107, 4350703.110577661], [315149.546799107, 4350733.110577661], [315179.546799107, 4350733.110577661], [315179.546799107, 4350763.110577661], [315239.546799107, 4350763.110577661], [315239.546799107, 4350793.110577661], [315359.546799107, 4350793.110577661], [315359.546799107, 4350703.110577661], [315389.546799107, 4350703.110577661], [315389.546799107, 4350643.110577661], [315479.546799107, 4350643.110577661], [315479.546799107, 4350613.110577661], [315539.546799107, 4350613.110577661], [315539.546799107, 4350583.110577661], [315599.546799107, 4350583.110577661], [315599.546799107, 4350463.110577661], [315749.546799107, 4350463.110577661], [315749.546799107, 4350493.110577661], [315809.546799107, 4350493.110577661], [315809.546799107, 4350433.110577661], [315839.546799107, 4350433.110577661], [315839.546799107, 4350403.110577661], [315899.546799107, 4350403.110577661], [315899.546799107, 4350373.110577661], [315989.546799107, 4350373.110577661], [315989.546799107, 4350403.110577661], [316019.546799107, 4350403.110577661], [316019.546799107, 4350433.110577661], [316049.546799107, 4350433.110577661], [316049.546799107, 4350403.110577661], [316109.546799107, 4350403.110577661], [316109.546799107, 4350433.110577661], [316139.546799107, 4350433.110577661], [316139.546799107, 4350463.110577661], [316169.546799107, 4350463.110577661], [316169.546799107, 4350523.110577661], [316199.546799107, 4350523.110577661], [316199.546799107, 4350583.110577661], [316229.546799107, 4350583.110577661], [316229.546799107, 4350613.110577661], [316319.546799107, 4350613.110577661], [316319.546799107, 4350673.110577661], [316349.546799107, 4350673.110577661], [316349.546799107, 4350703.110577661], [316439.546799107, 4350703.110577661], [316439.546799107, 4350553.110577661], [316469.546799107, 4350553.110577661], [316469.546799107, 4350523.110577661], [316499.546799107, 4350523.110577661], [316499.546799107, 4350553.110577661], [316619.546799107, 4350553.110577661], [316619.546799107, 4350583.110577661], [316649.546799107, 4350583.110577661], [316649.546799107, 4350673.110577661], [316679.546799107, 4350673.110577661], [316679.546799107, 4350733.110577661], [316709.546799107, 4350733.110577661], [316709.546799107, 4350703.110577661], [316769.546799107, 4350703.110577661], [316769.546799107, 4350673.110577661], [316829.546799107, 4350673.110577661], [316829.546799107, 4350733.110577661], [316859.546799107, 4350733.110577661], [316859.546799107, 4350823.110577661], [316829.546799107, 4350823.110577661], [316829.546799107, 4350853.110577661], [316799.546799107, 4350853.110577661], [316799.546799107, 4350883.110577661], [316769.546799107, 4350883.110577661], [316769.546799107, 4350913.110577661], [316799.546799107, 4350913.110577661], [316799.546799107, 4350943.110577661], [316769.546799107, 4350943.110577661], [316769.546799107, 4351093.110577661], [316799.546799107, 4351093.110577661], [316799.546799107, 4351153.110577661], [316829.546799107, 4351153.110577661], [316829.546799107, 4351183.110577661], [316799.546799107, 4351183.110577661], [316799.546799107, 4351243.110577661], [316769.546799107, 4351243.110577661], [316769.546799107, 4351273.110577661], [316799.546799107, 4351273.110577661], [316799.546799107, 4351513.110577661], [316829.546799107, 4351513.110577661], [316829.546799107, 4351663.110577661], [316889.546799107, 4351663.110577661], [316889.546799107, 4351693.110577661], [316919.546799107, 4351693.110577661], [316919.546799107, 4351813.110577661], [316949.546799107, 4351813.110577661], [316949.546799107, 4351843.110577661], [317009.546799107, 4351843.110577661], [317009.546799107, 4351933.110577661], [317039.546799107, 4351933.110577661], [317039.546799107, 4352413.110577661], [317069.546799107, 4352413.110577661], [317069.546799107, 4352473.110577661], [317099.546799107, 4352473.110577661], [317099.546799107, 4352533.110577661], [317069.546799107, 4352533.110577661], [317069.546799107, 4352563.110577661], [317039.546799107, 4352563.110577661], [317039.546799107, 4352713.110577661], [317099.546799107, 4352713.110577661], [317099.546799107, 4352863.110577661], [317129.546799107, 4352863.110577661], [317129.546799107, 4353073.110577661], [317159.546799107, 4353073.110577661], [317159.546799107, 4353133.110577661], [317189.546799107, 4353133.110577661], [317189.546799107, 4353223.110577661], [317129.546799107, 4353223.110577661], [317129.546799107, 4353313.110577661], [317099.546799107, 4353313.110577661], [317099.546799107, 4353343.110577661], [317069.546799107, 4353343.110577661], [317069.546799107, 4353373.110577661], [317039.546799107, 4353373.110577661], [317039.546799107, 4353433.110577661], [317009.546799107, 4353433.110577661], [317009.546799107, 4353463.110577661], [316859.546799107, 4353463.110577661], [316859.546799107, 4353493.110577661], [316769.546799107, 4353493.110577661], [316769.546799107, 4353523.110577661], [316739.546799107, 4353523.110577661], [316739.546799107, 4353553.110577661], [316709.546799107, 4353553.110577661], [316709.546799107, 4353523.110577661], [316649.546799107, 4353523.110577661], [316649.546799107, 4353493.110577661], [316559.546799107, 4353493.110577661], [316559.546799107, 4353463.110577661], [316499.546799107, 4353463.110577661], [316499.546799107, 4353523.110577661], [316319.546799107, 4353523.110577661], [316319.546799107, 4353553.110577661], [316289.546799107, 4353553.110577661], [316289.546799107, 4353583.110577661], [316229.546799107, 4353583.110577661], [316229.546799107, 4353643.110577661], [316199.546799107, 4353643.110577661], [316199.546799107, 4353673.110577661], [316229.546799107, 4353673.110577661], [316229.546799107, 4353793.110577661], [316199.546799107, 4353793.110577661], [316199.546799107, 4353823.110577661], [316169.546799107, 4353823.110577661], [316169.546799107, 4353913.110577661], [316199.546799107, 4353913.110577661], [316199.546799107, 4353973.110577661], [316229.546799107, 4353973.110577661], [316229.546799107, 4354093.110577661], [316259.546799107, 4354093.110577661], [316259.546799107, 4354153.110577661], [316289.546799107, 4354153.110577661], [316289.546799107, 4354213.110577661], [316379.546799107, 4354213.110577661], [316379.546799107, 4354243.110577661], [316469.546799107, 4354243.110577661], [316469.546799107, 4354273.110577661], [316529.546799107, 4354273.110577661], [316529.546799107, 4354303.110577661], [316589.546799107, 4354303.110577661], [316589.546799107, 4354333.110577661], [316619.546799107, 4354333.110577661], [316619.546799107, 4354363.110577661], [316649.546799107, 4354363.110577661], [316649.546799107, 4354423.110577661], [316709.546799107, 4354423.110577661], [316709.546799107, 4354453.110577661], [316739.546799107, 4354453.110577661], [316739.546799107, 4354483.110577661], [316769.546799107, 4354483.110577661], [316769.546799107, 4354573.110577661], [316799.546799107, 4354573.110577661], [316799.546799107, 4354633.110577661], [316859.546799107, 4354633.110577661], [316859.546799107, 4354663.110577661], [316889.546799107, 4354663.110577661], [316889.546799107, 4354693.110577661], [316919.546799107, 4354693.110577661], [316919.546799107, 4354843.110577661], [317039.546799107, 4354843.110577661], [317039.546799107, 4354933.110577661], [317069.546799107, 4354933.110577661], [317069.546799107, 4354993.110577661], [317099.546799107, 4354993.110577661], [317099.546799107, 4355023.110577661], [317129.546799107, 4355023.110577661], [317129.546799107, 4355143.110577661], [317159.546799107, 4355143.110577661], [317159.546799107, 4355173.110577661], [317189.546799107, 4355173.110577661], [317189.546799107, 4355203.110577661], [317219.546799107, 4355203.110577661], [317219.546799107, 4355293.110577661], [317249.546799107, 4355293.110577661], [317249.546799107, 4355323.110577661], [317279.546799107, 4355323.110577661], [317279.546799107, 4355413.110577661], [317399.546799107, 4355413.110577661], [317399.546799107, 4355503.110577661], [317369.546799107, 4355503.110577661], [317369.546799107, 4355593.110577661], [317429.546799107, 4355593.110577661], [317429.546799107, 4355623.110577661], [317459.546799107, 4355623.110577661], [317459.546799107, 4355653.110577661], [317519.546799107, 4355653.110577661], [317519.546799107, 4355683.110577661], [317579.546799107, 4355683.110577661], [317579.546799107, 4355653.110577661], [317669.546799107, 4355653.110577661], [317669.546799107, 4355683.110577661], [317699.546799107, 4355683.110577661], [317699.546799107, 4355713.110577661], [317729.546799107, 4355713.110577661], [317729.546799107, 4355803.110577661], [317759.546799107, 4355803.110577661], [317759.546799107, 4355863.110577661], [317789.546799107, 4355863.110577661], [317789.546799107, 4355893.110577661], [317819.546799107, 4355893.110577661], [317819.546799107, 4355953.110577661], [317849.546799107, 4355953.110577661], [317849.546799107, 4355983.110577661], [317879.546799107, 4355983.110577661], [317879.546799107, 4356013.110577661], [318029.546799107, 4356013.110577661], [318029.546799107, 4356103.110577661], [318149.546799107, 4356103.110577661], [318149.546799107, 4356163.110577661], [318209.546799107, 4356163.110577661], [318209.546799107, 4356223.110577661], [318239.546799107, 4356223.110577661], [318239.546799107, 4356313.110577661], [318269.546799107, 4356313.110577661], [318269.546799107, 4356343.110577661], [318299.546799107, 4356343.110577661], [318299.546799107, 4356463.110577661], [318239.546799107, 4356463.110577661], [318239.546799107, 4356523.110577661], [318209.546799107, 4356523.110577661], [318209.546799107, 4356643.110577661], [318269.546799107, 4356643.110577661], [318269.546799107, 4356673.110577661], [318299.546799107, 4356673.110577661], [318299.546799107, 4356763.110577661], [318329.546799107, 4356763.110577661], [318329.546799107, 4356793.110577661], [318359.546799107, 4356793.110577661], [318359.546799107, 4356913.110577661], [318389.546799107, 4356913.110577661], [318389.546799107, 4357033.110577661], [318419.546799107, 4357033.110577661], [318419.546799107, 4357063.110577661], [318539.546799107, 4357063.110577661], [318539.546799107, 4357093.110577661], [318569.546799107, 4357093.110577661], [318569.546799107, 4357123.110577661], [318539.546799107, 4357123.110577661], [318539.546799107, 4357243.110577661], [318569.546799107, 4357243.110577661], [318569.546799107, 4357273.110577661], [318629.546799107, 4357273.110577661], [318629.546799107, 4357333.110577661], [318659.546799107, 4357333.110577661], [318659.546799107, 4357393.110577661], [318689.546799107, 4357393.110577661], [318689.546799107, 4357543.110577661], [318719.546799107, 4357543.110577661], [318719.546799107, 4357603.110577661], [318749.546799107, 4357603.110577661], [318749.546799107, 4357693.110577661], [318689.546799107, 4357693.110577661], [318689.546799107, 4357723.110577661], [318629.546799107, 4357723.110577661], [318629.546799107, 4357753.110577661], [318539.546799107, 4357753.110577661], [318539.546799107, 4357783.110577661], [318509.546799107, 4357783.110577661], [318509.546799107, 4357843.110577661], [318479.546799107, 4357843.110577661], [318479.546799107, 4357933.110577661], [318449.546799107, 4357933.110577661], [318449.546799107, 4357963.110577661], [318479.546799107, 4357963.110577661], [318479.546799107, 4358113.110577661], [318509.546799107, 4358113.110577661], [318509.546799107, 4358143.110577661], [318479.546799107, 4358143.110577661], [318479.546799107, 4358203.110577661], [318329.546799107, 4358203.110577661], [318329.546799107, 4358233.110577661], [318269.546799107, 4358233.110577661], [318269.546799107, 4358263.110577661], [318209.546799107, 4358263.110577661], [318209.546799107, 4358293.110577661], [318179.546799107, 4358293.110577661], [318179.546799107, 4358323.110577661], [318149.546799107, 4358323.110577661], [318149.546799107, 4358353.110577661], [318119.546799107, 4358353.110577661], [318119.546799107, 4358323.110577661], [318089.546799107, 4358323.110577661], [318089.546799107, 4358353.110577661], [318029.546799107, 4358353.110577661], [318029.546799107, 4358383.110577661], [317999.546799107, 4358383.110577661], [317999.546799107, 4358413.110577661], [317939.546799107, 4358413.110577661], [317939.546799107, 4358473.110577661], [317879.546799107, 4358473.110577661], [317879.546799107, 4358533.110577661], [317849.546799107, 4358533.110577661], [317849.546799107, 4358623.110577661], [317879.546799107, 4358623.110577661], [317879.546799107, 4359013.110577661], [317849.546799107, 4359013.110577661], [317849.546799107, 4359043.110577661], [317789.546799107, 4359043.110577661], [317789.546799107, 4359163.110577661], [317759.546799107, 4359163.110577661], [317759.546799107, 4359193.110577661], [317729.546799107, 4359193.110577661], [317729.546799107, 4359223.110577661], [317699.546799107, 4359223.110577661], [317699.546799107, 4359373.110577661], [317789.546799107, 4359373.110577661], [317789.546799107, 4359493.110577661], [317819.546799107, 4359493.110577661], [317819.546799107, 4359583.110577661], [317849.546799107, 4359583.110577661], [317849.546799107, 4359673.110577661], [317909.546799107, 4359673.110577661], [317909.546799107, 4359703.110577661], [317939.546799107, 4359703.110577661], [317939.546799107, 4359763.110577661], [317969.546799107, 4359763.110577661], [317969.546799107, 4359823.110577661], [317999.546799107, 4359823.110577661], [317999.546799107, 4359853.110577661], [318029.546799107, 4359853.110577661], [318029.546799107, 4359883.110577661], [318119.546799107, 4359883.110577661], [318119.546799107, 4359973.110577661], [318149.546799107, 4359973.110577661], [318149.546799107, 4360033.110577661], [318179.546799107, 4360033.110577661], [318179.546799107, 4360093.110577661], [318239.546799107, 4360093.110577661], [318239.546799107, 4360123.110577661], [318269.546799107, 4360123.110577661], [318269.546799107, 4360243.110577661], [318299.546799107, 4360243.110577661], [318299.546799107, 4360333.110577661], [318329.546799107, 4360333.110577661], [318329.546799107, 4360363.110577661], [318359.546799107, 4360363.110577661], [318359.546799107, 4360453.110577661], [318389.546799107, 4360453.110577661], [318389.546799107, 4360483.110577661], [318419.546799107, 4360483.110577661], [318419.546799107, 4360513.110577661], [318449.546799107, 4360513.110577661], [318449.546799107, 4360813.110577661], [318479.546799107, 4360813.110577661], [318479.546799107, 4360843.110577661], [318509.546799107, 4360843.110577661], [318509.546799107, 4360873.110577661], [318539.546799107, 4360873.110577661], [318539.546799107, 4360933.110577661], [318569.546799107, 4360933.110577661], [318569.546799107, 4360963.110577661], [318599.546799107, 4360963.110577661], [318599.546799107, 4360993.110577661], [318569.546799107, 4360993.110577661], [318569.546799107, 4361113.110577661], [318599.546799107, 4361113.110577661], [318599.546799107, 4361203.110577661], [318629.546799107, 4361203.110577661], [318629.546799107, 4361413.110577661], [318479.546799107, 4361413.110577661], [318479.546799107, 4361383.110577661], [318449.546799107, 4361383.110577661], [318449.546799107, 4361413.110577661], [318419.546799107, 4361413.110577661], [318419.546799107, 4361443.110577661], [318449.546799107, 4361443.110577661], [318449.546799107, 4361623.110577661], [318479.546799107, 4361623.110577661], [318479.546799107, 4361743.110577661], [318449.546799107, 4361743.110577661], [318449.546799107, 4361773.110577661], [318329.546799107, 4361773.110577661], [318329.546799107, 4361833.110577661], [318299.546799107, 4361833.110577661], [318299.546799107, 4361893.110577661], [318329.546799107, 4361893.110577661], [318329.546799107, 4361923.110577661], [318359.546799107, 4361923.110577661], [318359.546799107, 4361983.110577661], [318389.546799107, 4361983.110577661], [318389.546799107, 4362043.110577661], [318419.546799107, 4362043.110577661], [318419.546799107, 4362133.110577661], [318449.546799107, 4362133.110577661], [318449.546799107, 4362283.110577661], [318419.546799107, 4362283.110577661], [318419.546799107, 4362343.110577661], [318389.546799107, 4362343.110577661], [318389.546799107, 4362493.110577661], [318359.546799107, 4362493.110577661], [318359.546799107, 4362553.110577661], [318329.546799107, 4362553.110577661], [318329.546799107, 4362643.110577661], [318359.546799107, 4362643.110577661], [318359.546799107, 4362673.110577661], [318419.546799107, 4362673.110577661], [318419.546799107, 4362793.110577661], [318389.546799107, 4362793.110577661], [318389.546799107, 4362823.110577661], [318359.546799107, 4362823.110577661], [318359.546799107, 4362943.110577661], [318269.546799107, 4362943.110577661], [318269.546799107, 4362973.110577661], [318239.546799107, 4362973.110577661], [318239.546799107, 4363033.110577661], [318209.546799107, 4363033.110577661], [318209.546799107, 4363063.110577661], [318149.546799107, 4363063.110577661], [318149.546799107, 4363093.110577661], [318119.546799107, 4363093.110577661], [318119.546799107, 4363123.110577661], [318059.546799107, 4363123.110577661], [318059.546799107, 4363153.110577661], [318029.546799107, 4363153.110577661], [318029.546799107, 4363213.110577661], [317999.546799107, 4363213.110577661], [317999.546799107, 4363243.110577661], [317969.546799107, 4363243.110577661], [317969.546799107, 4363303.110577661], [317879.546799107, 4363303.110577661], [317879.546799107, 4363333.110577661], [317849.546799107, 4363333.110577661], [317849.546799107, 4363363.110577661], [317789.546799107, 4363363.110577661], [317789.546799107, 4363393.110577661], [317759.546799107, 4363393.110577661], [317759.546799107, 4363363.110577661], [317639.546799107, 4363363.110577661], [317639.546799107, 4363453.110577661], [317609.546799107, 4363453.110577661], [317609.546799107, 4363483.110577661], [317639.546799107, 4363483.110577661], [317639.546799107, 4363513.110577661], [317609.546799107, 4363513.110577661], [317609.546799107, 4363573.110577661], [317549.546799107, 4363573.110577661], [317549.546799107, 4363543.110577661], [317519.546799107, 4363543.110577661], [317519.546799107, 4363573.110577661], [317489.546799107, 4363573.110577661], [317489.546799107, 4363603.110577661], [317459.546799107, 4363603.110577661], [317459.546799107, 4363633.110577661], [317369.546799107, 4363633.110577661], [317369.546799107, 4363663.110577661], [317339.546799107, 4363663.110577661], [317339.546799107, 4363693.110577661], [317189.546799107, 4363693.110577661], [317189.546799107, 4363723.110577661], [317159.546799107, 4363723.110577661], [317159.546799107, 4363753.110577661], [317129.546799107, 4363753.110577661], [317129.546799107, 4363783.110577661], [317099.546799107, 4363783.110577661], [317099.546799107, 4363873.110577661], [316919.546799107, 4363873.110577661], [316919.546799107, 4363903.110577661], [316859.546799107, 4363903.110577661], [316859.546799107, 4363933.110577661], [316829.546799107, 4363933.110577661], [316829.546799107, 4364083.110577661], [316799.546799107, 4364083.110577661], [316799.546799107, 4364113.110577661], [316769.546799107, 4364113.110577661], [316769.546799107, 4364143.110577661], [316739.546799107, 4364143.110577661], [316739.546799107, 4364173.110577661], [316709.546799107, 4364173.110577661], [316709.546799107, 4364143.110577661], [316619.546799107, 4364143.110577661], [316619.546799107, 4364053.110577661], [316589.546799107, 4364053.110577661], [316589.546799107, 4364083.110577661], [316409.546799107, 4364083.110577661], [316409.546799107, 4364113.110577661], [316349.546799107, 4364113.110577661], [316349.546799107, 4364083.110577661], [316289.546799107, 4364083.110577661], [316289.546799107, 4364053.110577661], [316229.546799107, 4364053.110577661], [316229.546799107, 4364023.110577661], [316199.546799107, 4364023.110577661], [316199.546799107, 4363993.110577661], [316109.546799107, 4363993.110577661], [316109.546799107, 4364083.110577661], [316079.546799107, 4364083.110577661], [316079.546799107, 4364113.110577661], [316049.546799107, 4364113.110577661], [316049.546799107, 4364263.110577661], [316019.546799107, 4364263.110577661], [316019.546799107, 4364353.110577661], [315989.546799107, 4364353.110577661], [315989.546799107, 4364323.110577661], [315899.546799107, 4364323.110577661], [315899.546799107, 4364353.110577661], [315839.546799107, 4364353.110577661], [315839.546799107, 4364383.110577661], [315779.546799107, 4364383.110577661], [315779.546799107, 4364533.110577661], [315749.546799107, 4364533.110577661], [315749.546799107, 4364593.110577661], [315809.546799107, 4364593.110577661], [315809.546799107, 4364653.110577661], [315839.546799107, 4364653.110577661], [315839.546799107, 4364713.110577661], [315869.546799107, 4364713.110577661], [315869.546799107, 4364773.110577661], [315899.546799107, 4364773.110577661], [315899.546799107, 4364803.110577661], [315929.546799107, 4364803.110577661], [315929.546799107, 4364833.110577661], [315839.546799107, 4364833.110577661], [315839.546799107, 4364953.110577661], [315809.546799107, 4364953.110577661], [315809.546799107, 4364983.110577661], [315839.546799107, 4364983.110577661], [315839.546799107, 4365043.110577661], [315869.546799107, 4365043.110577661], [315869.546799107, 4365073.110577661], [315839.546799107, 4365073.110577661], [315839.546799107, 4365103.110577661], [315809.546799107, 4365103.110577661], [315809.546799107, 4365253.110577661], [315839.546799107, 4365253.110577661], [315839.546799107, 4365313.110577661], [315779.546799107, 4365313.110577661], [315779.546799107, 4365433.110577661], [315809.546799107, 4365433.110577661], [315809.546799107, 4365523.110577661], [315719.546799107, 4365523.110577661], [315719.546799107, 4365553.110577661], [315689.546799107, 4365553.110577661], [315689.546799107, 4365613.110577661], [315569.546799107, 4365613.110577661], [315569.546799107, 4365673.110577661], [315539.546799107, 4365673.110577661], [315539.546799107, 4365703.110577661], [315569.546799107, 4365703.110577661], [315569.546799107, 4365763.110577661], [315539.546799107, 4365763.110577661], [315539.546799107, 4365853.110577661], [315479.546799107, 4365853.110577661], [315479.546799107, 4365883.110577661], [315419.546799107, 4365883.110577661], [315419.546799107, 4365913.110577661], [315359.546799107, 4365913.110577661], [315359.546799107, 4365943.110577661], [315269.546799107, 4365943.110577661], [315269.546799107, 4366033.110577661], [315239.546799107, 4366033.110577661], [315239.546799107, 4366063.110577661], [315149.546799107, 4366063.110577661], [315149.546799107, 4366123.110577661], [315119.546799107, 4366123.110577661], [315119.546799107, 4366153.110577661], [315089.546799107, 4366153.110577661], [315089.546799107, 4366183.110577661], [314999.546799107, 4366183.110577661], [314999.546799107, 4366093.110577661]]]}}]}