{"type": "FeatureCollection", "crs": {"type": "name", "properties": {"name": "EPSG:32642"}}, "features": [{"type": "Feature", "properties": {"area_km2": 372.762}, "geometry": {"type": "Polygon", "coordinates": [[[314999.546799107, 4366183.110577661], [314999.546799107, 4366093.110577661], [314879.546799107, 4366093.110577661], [314879.546799107, 4366063.110577661], [314849.546799107, 4366063.110577661], [314849.546799107, 4366033.110577661], [314789.546799107, 4366033.110577661], [314789.546799107, 4366063.110577661], [314699.546799107, 4366063.110577661], [314699.546799107, 4366033.110577661], [314579.546799107, 4366033.110577661], [314579.546799107, 4366063.110577661], [314519.546799107, 4366063.110577661], [314519.546799107, 4366093.110577661], [314489.546799107, 4366093.110577661], [314489.546799107, 4366123.110577661], [314459.546799107, 4366123.110577661], [314459.546799107, 4366153.110577661], [314429.546799107, 4366153.110577661], [314429.546799107, 4366123.110577661], [314369.546799107, 4366123.110577661], [314369.546799107, 4366093.110577661], [314339.546799107, 4366093.110577661], [314339.546799107, 4366063.110577661], [314219.546799107, 4366063.110577661], [314219.546799107, 4366003.110577661], [314159.546799107, 4366003.110577661], [314159.546799107, 4365973.110577661], [314129.546799107, 4365973.110577661], [314129.546799107, 4365943.110577661], [314069.546799107, 4365943.110577661], [314069.546799107, 4365913.110577661], [313949.546799107, 4365913.110577661], [313949.546799107, 4365883.110577661], [313889.546799107, 4365883.110577661], [313889.546799107, 4365853.110577661], [313829.546799107, 4365853.110577661], [313829.546799107, 4365883.110577661], [313799.546799107, 4365883.110577661], [313799.546799107, 4365823.110577661], [313709.546799107, 4365823.110577661], [313709.546799107, 4365853.110577661], [313589.546799107, 4365853.110577661], [313589.546799107, 4365763.110577661], [313619.546799107, 4365763.110577661], [313619.546799107, 4365733.110577661], [313649.546799107, 4365733.110577661], [313649.546799107, 4365673.110577661], [313619.546799107, 4365673.110577661], [313619.546799107, 4365643.110577661], [313439.546799107, 4365643.110577661], [313439.546799107, 4365583.110577661], [313379.546799107, 4365583.110577661], [313379.546799107, 4365553.110577661], [313319.546799107, 4365553.110577661], [313319.546799107, 4365463.110577661], [313289.546799107, 4365463.110577661], [313289.546799107, 4365433.110577661], [313259.546799107, 4365433.110577661], [313259.546799107, 4365403.110577661], [313199.546799107, 4365403.110577661], [313199.546799107, 4365433.110577661], [313079.546799107, 4365433.110577661], [313079.546799107, 4365343.110577661], [313049.546799107, 4365343.110577661], [313049.546799107, 4365283.110577661], [313019.546799107, 4365283.110577661], [313019.546799107, 4365043.110577661], [313049.546799107, 4365043.110577661], [313049.546799107, 4364983.110577661], [313079.546799107, 4364983.110577661], [313079.546799107, 4364953.110577661], [313109.546799107, 4364953.110577661], [313109.546799107, 4364923.110577661], [313139.546799107, 4364923.110577661], [313139.546799107, 4364743.110577661], [313109.546799107, 4364743.110577661], [313109.546799107, 4364713.110577661], [313139.546799107, 4364713.110577661], [313139.546799107, 4364683.110577661], [313169.546799107, 4364683.110577661], [313169.546799107, 4364653.110577661], [313229.546799107, 4364653.110577661], [313229.546799107, 4364623.110577661], [313199.546799107, 4364623.110577661], [313199.546799107, 4364533.110577661], [313229.546799107, 4364533.110577661], [313229.546799107, 4364473.110577661], [313199.546799107, 4364473.110577661], [313199.546799107, 4364323.110577661], [313169.546799107, 4364323.110577661], [313169.546799107, 4364233.110577661], [313199.546799107, 4364233.110577661], [313199.546799107, 4364203.110577661], [313229.546799107, 4364203.110577661], [313229.546799107, 4364173.110577661], [313289.546799107, 4364173.110577661], [313289.546799107, 4364143.110577661], [313259.546799107, 4364143.110577661], [313259.546799107, 4364113.110577661], [313289.546799107, 4364113.110577661], [313289.546799107, 4364053.110577661], [313469.546799107, 4364053.110577661], [313469.546799107, 4364023.110577661], [313499.546799107, 4364023.110577661], [313499.546799107, 4363963.110577661], [313589.546799107, 4363963.110577661], [313589.546799107, 4363903.110577661], [313649.546799107, 4363903.110577661], [313649.546799107, 4363873.110577661], [313679.546799107, 4363873.110577661], [313679.546799107, 4363843.110577661], [313709.546799107, 4363843.110577661], [313709.546799107, 4363753.110577661], [313739.546799107, 4363753.110577661], [313739.546799107, 4363693.110577661], [313769.546799107, 4363693.110577661], [313769.546799107, 4363663.110577661], [313799.546799107, 4363663.110577661], [313799.546799107, 4363603.110577661], [313829.546799107, 4363603.110577661], [313829.546799107, 4363423.110577661], [313799.546799107, 4363423.110577661], [313799.546799107, 4363393.110577661], [313769.546799107, 4363393.110577661], [313769.546799107, 4363303.110577661], [313739.546799107, 4363303.110577661], [313739.546799107, 4363273.110577661], [313709.546799107, 4363273.110577661], [313709.546799107, 4363063.110577661], [313679.546799107, 4363063.110577661], [313679.546799107, 4362883.110577661], [313649.546799107, 4362883.110577661], [313649.546799107, 4362733.110577661], [313619.546799107, 4362733.110577661], [313619.546799107, 4362703.110577661], [313589.546799107, 4362703.110577661], [313589.546799107, 4362613.110577661], [313649.546799107, 4362613.110577661], [313649.546799107, 4362583.110577661], [313679.546799107, 4362583.110577661], [313679.546799107, 4362493.110577661], [313649.546799107, 4362493.110577661], [313649.546799107, 4362463.110577661], [313589.546799107, 4362463.110577661], [313589.546799107, 4362403.110577661], [313529.546799107, 4362403.110577661], [313529.546799107, 4362283.110577661], [313559.546799107, 4362283.110577661], [313559.546799107, 4362253.110577661], [313589.546799107, 4362253.110577661], [313589.546799107, 4362223.110577661], [313559.546799107, 4362223.110577661], [313559.546799107, 4362103.110577661], [313619.546799107, 4362103.110577661], [313619.546799107, 4362013.110577661], [313589.546799107, 4362013.110577661], [313589.546799107, 4361953.110577661], [313559.546799107, 4361953.110577661], [313559.546799107, 4361833.110577661], [313469.546799107, 4361833.110577661], [313469.546799107, 4361743.110577661], [313499.546799107, 4361743.110577661], [313499.546799107, 4361653.110577661], [313469.546799107, 4361653.110577661], [313469.546799107, 4361623.110577661], [313439.546799107, 4361623.110577661], [313439.546799107, 4361563.110577661], [313469.546799107, 4361563.110577661], [313469.546799107, 4361503.110577661], [313499.546799107, 4361503.110577661], [313499.546799107, 4361413.110577661], [313469.546799107, 4361413.110577661], [313469.546799107, 4361233.110577661], [313439.546799107, 4361233.110577661], [313439.546799107, 4361113.110577661], [313409.546799107, 4361113.110577661], [313409.546799107, 4361083.110577661], [313439.546799107, 4361083.110577661], [313439.546799107, 4361053.110577661], [313469.546799107, 4361053.110577661], [313469.546799107, 4361023.110577661], [313499.546799107, 4361023.110577661], [313499.546799107, 4360933.110577661], [313469.546799107, 4360933.110577661], [313469.546799107, 4360873.110577661], [313439.546799107, 4360873.110577661], [313439.546799107, 4360843.110577661], [313349.546799107, 4360843.110577661], [313349.546799107, 4360783.110577661], [313319.546799107, 4360783.110577661], [313319.546799107, 4360753.110577661], [313289.546799107, 4360753.110577661], [313289.546799107, 4360723.110577661], [313229.546799107, 4360723.110577661], [313229.546799107, 4360693.110577661], [313199.546799107, 4360693.110577661], [313199.546799107, 4360663.110577661], [313049.546799107, 4360663.110577661], [313049.546799107, 4360633.110577661], [313019.546799107, 4360633.110577661], [313019.546799107, 4360603.110577661], [312989.546799107, 4360603.110577661], [312989.546799107, 4360513.110577661], [312959.546799107, 4360513.110577661], [312959.546799107, 4360453.110577661], [312929.546799107, 4360453.110577661], [312929.546799107, 4360423.110577661], [312899.546799107, 4360423.110577661], [312899.546799107, 4360393.110577661], [312839.546799107, 4360393.110577661], [312839.546799107, 4360363.110577661], [312809.546799107, 4360363.110577661], [312809.546799107, 4360333.110577661], [312779.546799107, 4360333.110577661], [312779.546799107, 4360183.110577661], [312749.546799107, 4360183.110577661], [312749.546799107, 4360123.110577661], [312719.546799107, 4360123.110577661], [312719.546799107, 4360063.110577661], [312659.546799107, 4360063.110577661], [312659.546799107, 4360033.110577661], [312689.546799107, 4360033.110577661], [312689.546799107, 4359943.110577661], [312719.546799107, 4359943.110577661], [312719.546799107, 4359913.110577661], [312779.546799107, 4359913.110577661], [312779.546799107, 4359883.110577661], [312809.546799107, 4359883.110577661], [312809.546799107, 4359793.110577661], [312779.546799107, 4359793.110577661], [312779.546799107, 4359763.110577661], [312749.546799107, 4359763.110577661], [312749.546799107, 4359703.110577661], [312719.546799107, 4359703.110577661], [312719.546799107, 4359673.110577661], [312689.546799107, 4359673.110577661], [312689.546799107, 4359553.110577661], [312659.546799107, 4359553.110577661], [312659.546799107, 4359523.110577661], [312689.546799107, 4359523.110577661], [312689.546799107, 4359403.110577661], [312719.546799107, 4359403.110577661], [312719.546799107, 4359343.110577661], [312689.546799107, 4359343.110577661], [312689.546799107, 4359283.110577661], [312659.546799107, 4359283.110577661], [312659.546799107, 4359253.110577661], [312599.546799107, 4359253.110577661], [312599.546799107, 4359193.110577661], [312569.546799107, 4359193.110577661], [312569.546799107, 4359073.110577661], [312539.546799107, 4359073.110577661], [312539.546799107, 4359043.110577661], [312479.546799107, 4359043.110577661], [312479.546799107, 4359013.110577661], [312449.546799107, 4359013.110577661], [312449.546799107, 4358983.110577661], [312419.546799107, 4358983.110577661], [312419.546799107, 4358893.110577661], [312389.546799107, 4358893.110577661], [312389.546799107, 4358863.110577661], [312239.546799107, 4358863.110577661], [312239.546799107, 4358833.110577661], [312209.546799107, 4358833.110577661], [312209.546799107, 4358773.110577661], [312149.546799107, 4358773.110577661], [312149.546799107, 4358713.110577661], [312089.546799107, 4358713.110577661], [312089.546799107, 4358683.110577661], [312029.546799107, 4358683.110577661], [312029.546799107, 4358623.110577661], [311939.546799107, 4358623.110577661], [311939.546799107, 4358593.110577661], [311909.546799107, 4358593.110577661], [311909.546799107, 4358533.110577661], [311879.546799107, 4358533.110577661], [311879.546799107, 4358503.110577661], [311819.546799107, 4358503.110577661], [311819.546799107, 4358473.110577661], [311789.546799107, 4358473.110577661], [311789.546799107, 4358443.110577661], [311759.546799107, 4358443.110577661], [311759.546799107, 4358383.110577661], [311729.546799107, 4358383.110577661], [311729.546799107, 4358353.110577661], [311699.546799107, 4358353.110577661], [311699.546799107, 4358293.110577661], [311669.546799107, 4358293.110577661], [311669.546799107, 4358203.110577661], [311639.546799107, 4358203.110577661], [311639.546799107, 4358173.110577661], [311549.546799107, 4358173.110577661], [311549.546799107, 4358143.110577661], [311489.546799107, 4358143.110577661], [311489.546799107, 4358053.110577661], [311399.546799107, 4358053.110577661], [311399.546799107, 4358023.110577661], [311369.546799107, 4358023.110577661], [311369.546799107, 4357993.110577661], [311339.546799107, 4357993.110577661], [311339.546799107, 4357963.110577661], [311309.546799107, 4357963.110577661], [311309.546799107, 4357903.110577661], [311339.546799107, 4357903.110577661], [311339.546799107, 4357813.110577661], [311309.546799107, 4357813.110577661], [311309.546799107, 4357753.110577661], [311279.546799107, 4357753.110577661], [311279.546799107, 4357723.110577661], [311249.546799107, 4357723.110577661], [311249.546799107, 4357633.110577661], [311279.546799107, 4357633.110577661], [311279.546799107, 4357573.110577661], [311249.546799107, 4357573.110577661], [311249.546799107, 4357543.110577661], [311219.546799107, 4357543.110577661], [311219.546799107, 4357333.110577661], [311159.546799107, 4357333.110577661], [311159.546799107, 4357213.110577661], [311129.546799107, 4357213.110577661], [311129.546799107, 4357183.110577661], [311099.546799107, 4357183.110577661], [311099.546799107, 4357123.110577661], [311039.546799107, 4357123.110577661], [311039.546799107, 4357093.110577661], [310979.546799107, 4357093.110577661], [310979.546799107, 4357033.110577661], [310949.546799107, 4357033.110577661], [310949.546799107, 4356943.110577661], [310919.546799107, 4356943.110577661], [310919.546799107, 4356913.110577661], [310889.546799107, 4356913.110577661], [310889.546799107, 4356883.110577661], [310829.546799107, 4356883.110577661], [310829.546799107, 4356823.110577661], [310799.546799107, 4356823.110577661], [310799.546799107, 4356793.110577661], [310769.546799107, 4356793.110577661], [310769.546799107, 4356763.110577661], [310739.546799107, 4356763.110577661], [310739.546799107, 4356703.110577661], [310709.546799107, 4356703.110577661], [310709.546799107, 4356673.110577661], [310679.546799107, 4356673.110577661], [310679.546799107, 4356643.110577661], [310619.546799107, 4356643.110577661], [310619.546799107, 4356613.110577661], [310589.546799107, 4356613.110577661], [310589.546799107, 4356583.110577661], [310559.546799107, 4356583.110577661], [310559.546799107, 4356553.110577661], [310529.546799107, 4356553.110577661], [310529.546799107, 4356523.110577661], [310379.546799107, 4356523.110577661], [310379.546799107, 4356493.110577661], [310349.546799107, 4356493.110577661], [310349.546799107, 4356433.110577661], [310319.546799107, 4356433.110577661], [310319.546799107, 4356403.110577661], [310289.546799107, 4356403.110577661], [310289.546799107, 4356373.110577661], [310259.546799107, 4356373.110577661], [310259.546799107, 4356343.110577661], [310199.546799107, 4356343.110577661], [310199.546799107, 4356313.110577661], [310169.546799107, 4356313.110577661], [310169.546799107, 4356343.110577661], [310079.546799107, 4356343.110577661], [310079.546799107, 4356223.110577661], [310019.546799107, 4356223.110577661], [310019.546799107, 4356163.110577661], [309989.546799107, 4356163.110577661], [309989.546799107, 4356133.110577661], [309959.546799107, 4356133.110577661], [309959.546799107, 4356013.110577661], [309929.546799107, 4356013.110577661], [309929.546799107, 4355983.110577661], [309899.546799107, 4355983.110577661], [309899.546799107, 4355923.110577661], [309869.546799107, 4355923.110577661], [309869.546799107, 4355833.110577661], [309839.546799107, 4355833.110577661], [309839.546799107, 4355773.110577661], [309809.546799107, 4355773.110577661], [309809.546799107, 4355743.110577661], [309779.546799107, 4355743.110577661], [309779.546799107, 4355653.110577661], [309719.546799107, 4355653.110577661], [309719.546799107, 4355683.110577661], [309689.546799107, 4355683.110577661], [309689.546799107, 4355653.110577661], [309629.546799107, 4355653.110577661], [309629.546799107, 4355623.110577661], [309569.546799107, 4355623.110577661], [309569.546799107, 4355593.110577661], [309539.546799107, 4355593.110577661], [309539.546799107, 4355533.110577661], [309509.546799107, 4355533.110577661], [309509.546799107, 4355443.110577661], [309479.546799107, 4355443.110577661], [309479.546799107, 4355413.110577661], [309449.546799107, 4355413.110577661], [309449.546799107, 4355383.110577661], [309419.546799107, 4355383.110577661], [309419.546799107, 4355293.110577661], [309389.546799107, 4355293.110577661], [309389.546799107, 4355263.110577661], [309329.546799107, 4355263.110577661], [309329.546799107, 4355203.110577661], [309209.546799107, 4355203.110577661], [309209.546799107, 4355233.110577661], [309179.546799107, 4355233.110577661], [309179.546799107, 4355263.110577661], [309119.546799107, 4355263.110577661], [309119.546799107, 4355233.110577661], [309089.546799107, 4355233.110577661], [309089.546799107, 4355203.110577661], [309029.546799107, 4355203.110577661], [309029.546799107, 4355173.110577661], [308849.546799107, 4355173.110577661], [308849.546799107, 4355203.110577661], [308759.546799107, 4355203.110577661], [308759.546799107, 4355173.110577661], [308639.546799107, 4355173.110577661], [308639.546799107, 4355143.110577661], [308549.546799107, 4355143.110577661], [308549.546799107, 4355173.110577661], [308519.546799107, 4355173.110577661], [308519.546799107, 4355203.110577661], [308459.546799107, 4355203.110577661], [308459.546799107, 4355173.110577661], [308279.546799107, 4355173.110577661], [308279.546799107, 4355263.110577661], [308159.546799107, 4355263.110577661], [308159.546799107, 4355233.110577661], [308069.546799107, 4355233.110577661], [308069.546799107, 4355143.110577661], [308039.546799107, 4355143.110577661], [308039.546799107, 4355083.110577661], [307949.546799107, 4355083.110577661], [307949.546799107, 4355053.110577661], [307919.546799107, 4355053.110577661], [307919.546799107, 4354963.110577661], [307889.546799107, 4354963.110577661], [307889.546799107, 4354933.110577661], [307829.546799107, 4354933.110577661], [307829.546799107, 4354873.110577661], [307769.546799107, 4354873.110577661], [307769.546799107, 4354813.110577661], [307739.546799107, 4354813.110577661], [307739.546799107, 4354783.110577661], [307709.546799107, 4354783.110577661], [307709.546799107, 4354663.110577661], [307679.546799107, 4354663.110577661], [307679.546799107, 4354573.110577661], [307619.546799107, 4354573.110577661], [307619.546799107, 4354543.110577661], [307589.546799107, 4354543.110577661], [307589.546799107, 4354513.110577661], [307559.546799107, 4354513.110577661], [307559.546799107, 4354483.110577661], [307529.546799107, 4354483.110577661], [307529.546799107, 4354453.110577661], [307469.546799107, 4354453.110577661], [307469.546799107, 4354393.110577661], [307349.546799107, 4354393.110577661], [307349.546799107, 4354423.110577661], [307319.546799107, 4354423.110577661], [307319.546799107, 4354393.110577661], [307259.546799107, 4354393.110577661], [307259.546799107, 4354333.110577661], [307229.546799107, 4354333.110577661], [307229.546799107, 4354303.110577661], [307169.546799107, 4354303.110577661], [307169.546799107, 4354273.110577661], [307139.546799107, 4354273.110577661], [307139.546799107, 4354303.110577661], [307079.546799107, 4354303.110577661], [307079.546799107, 4354333.110577661], [307019.546799107, 4354333.110577661], [307019.546799107, 4354303.110577661], [306989.546799107, 4354303.110577661], [306989.546799107, 4354243.110577661], [306959.546799107, 4354243.110577661], [306959.546799107, 4354123.110577661], [306929.546799107, 4354123.110577661], [306929.546799107, 4354003.110577661], [306899.546799107, 4354003.110577661], [306899.546799107, 4353943.110577661], [306839.546799107, 4353943.110577661], [306839.546799107, 4353823.110577661], [306749.546799107, 4353823.110577661], [306749.546799107, 4353883.110577661], [306689.546799107, 4353883.110577661], [306689.546799107, 4353853.110577661], [306659.546799107, 4353853.110577661], [306659.546799107, 4353823.110577661], [306569.546799107, 4353823.110577661], [306569.546799107, 4353733.110577661], [306539.546799107, 4353733.110577661], [306539.546799107, 4353703.110577661], [306509.546799107, 4353703.110577661], [306509.546799107, 4353613.110577661], [306479.546799107, 4353613.110577661], [306479.546799107, 4353523.110577661], [306449.546799107, 4353523.110577661], [306449.546799107, 4353493.110577661], [306419.546799107, 4353493.110577661], [306419.546799107, 4353463.110577661], [306359.546799107, 4353463.110577661], [306359.546799107, 4353433.110577661], [306329.546799107, 4353433.110577661], [306329.546799107, 4353403.110577661], [306269.546799107, 4353403.110577661], [306269.546799107, 4353253.110577661], [306239.546799107, 4353253.110577661], [306239.546799107, 4353283.110577661], [306149.546799107, 4353283.110577661], [306149.546799107, 4353253.110577661], [306089.546799107, 4353253.110577661], [306089.546799107, 4353193.110577661], [306059.546799107, 4353193.110577661], [306059.546799107, 4353163.110577661], [306029.546799107, 4353163.110577661], [306029.546799107, 4353133.110577661], [305999.546799107, 4353133.110577661], [305999.546799107, 4353103.110577661], [305969.546799107, 4353103.110577661], [305969.546799107, 4353073.110577661], [305909.546799107, 4353073.110577661], [305909.546799107, 4353103.110577661], [305879.546799107, 4353103.110577661], [305879.546799107, 4353133.110577661], [305819.546799107, 4353133.110577661], [305819.546799107, 4353103.110577661], [305699.546799107, 4353103.110577661], [305699.546799107, 4353073.110577661], [305609.546799107, 4353073.110577661], [305609.546799107, 4353043.110577661], [305579.546799107, 4353043.110577661], [305579.546799107, 4353013.110577661], [305549.546799107, 4353013.110577661], [305549.546799107, 4352953.110577661], [305459.546799107, 4352953.110577661], [305459.546799107, 4352983.110577661], [305399.546799107, 4352983.110577661], [305399.546799107, 4353013.110577661], [305099.546799107, 4353013.110577661], [305099.546799107, 4353043.110577661], [305069.546799107, 4353043.110577661], [305069.546799107, 4353073.110577661], [305039.546799107, 4353073.110577661], [305039.546799107, 4352953.110577661], [304979.546799107, 4352953.110577661], [304979.546799107, 4352983.110577661], [304919.546799107, 4352983.110577661], [304919.546799107, 4352953.110577661], [304889.546799107, 4352953.110577661], [304889.546799107, 4352923.110577661], [304859.546799107, 4352923.110577661], [304859.546799107, 4352863.110577661], [304799.546799107, 4352863.110577661], [304799.546799107, 4352833.110577661], [304739.546799107, 4352833.110577661], [304739.546799107, 4352863.110577661], [304619.546799107, 4352863.110577661], [304619.546799107, 4352893.110577661], [304589.546799107, 4352893.110577661], [304589.546799107, 4352923.110577661], [304559.546799107, 4352923.110577661], [304559.546799107, 4352953.110577661], [304439.546799107, 4352953.110577661], [304439.546799107, 4353013.110577661], [304379.546799107, 4353013.110577661], [304379.546799107, 4353043.110577661], [304319.546799107, 4353043.110577661], [304319.546799107, 4353103.110577661], [304229.546799107, 4353103.110577661], [304229.546799107, 4353073.110577661], [304199.546799107, 4353073.110577661], [304199.546799107, 4353043.110577661], [304169.546799107, 4353043.110577661], [304169.546799107, 4353013.110577661], [303989.546799107, 4353013.110577661], [303989.546799107, 4352983.110577661], [303929.546799107, 4352983.110577661], [303929.546799107, 4352953.110577661], [303869.546799107, 4352953.110577661], [303869.546799107, 4352923.110577661], [303809.546799107, 4352923.110577661], [303809.546799107, 4352893.110577661], [303719.546799107, 4352893.110577661], [303719.546799107, 4352923.110577661], [303569.546799107, 4352923.110577661], [303569.546799107, 4352953.110577661], [303419.546799107, 4352953.110577661], [303419.546799107, 4352923.110577661], [303389.546799107, 4352923.110577661], [303389.546799107, 4352863.110577661], [303359.546799107, 4352863.110577661], [303359.546799107, 4352833.110577661], [303209.546799107, 4352833.110577661], [303209.546799107, 4352773.110577661], [303149.546799107, 4352773.110577661], [303149.546799107, 4352743.110577661], [303029.546799107, 4352743.110577661], [303029.546799107, 4352713.110577661], [302999.546799107, 4352713.110577661], [302999.546799107, 4352683.110577661], [302969.546799107, 4352683.110577661], [302969.546799107, 4352653.110577661], [302909.546799107, 4352653.110577661], [302909.546799107, 4352683.110577661], [302879.546799107, 4352683.110577661], [302879.546799107, 4352653.110577661], [302849.546799107, 4352653.110577661], [302849.546799107, 4352563.110577661], [302819.546799107, 4352563.110577661], [302819.546799107, 4352473.110577661], [302789.546799107, 4352473.110577661], [302789.546799107, 4352443.110577661], [302669.546799107, 4352443.110577661], [302669.546799107, 4352413.110577661], [302639.546799107, 4352413.110577661], [302639.546799107, 4352443.110577661], [302579.546799107, 4352443.110577661], [302579.546799107, 4352473.110577661], [302549.546799107, 4352473.110577661], [302549.546799107, 4352443.110577661], [302519.546799107, 4352443.110577661], [302519.546799107, 4352473.110577661], [302459.546799107, 4352473.110577661], [302459.546799107, 4352533.110577661], [302399.546799107, 4352533.110577661], [302399.546799107, 4352563.110577661], [302369.546799107, 4352563.110577661], [302369.546799107, 4352593.110577661], [302339.546799107, 4352593.110577661], [302339.546799107, 4352653.110577661], [302309.546799107, 4352653.110577661], [302309.546799107, 4352683.110577661], [302279.546799107, 4352683.110577661], [302279.546799107, 4352713.110577661], [302249.546799107, 4352713.110577661], [302249.546799107, 4352773.110577661], [302219.546799107, 4352773.110577661], [302219.546799107, 4352803.110577661], [302189.546799107, 4352803.110577661], [302189.546799107, 4352863.110577661], [302159.546799107, 4352863.110577661], [302159.546799107, 4352893.110577661], [302129.546799107, 4352893.110577661], [302129.546799107, 4352923.110577661], [302069.546799107, 4352923.110577661], [302069.546799107, 4352893.110577661], [302039.546799107, 4352893.110577661], [302039.546799107, 4352923.110577661], [302009.546799107, 4352923.110577661], [302009.546799107, 4352983.110577661], [301919.546799107, 4352983.110577661], [301919.546799107, 4352953.110577661], [301889.546799107, 4352953.110577661], [301889.546799107, 4352863.110577661], [301859.546799107, 4352863.110577661], [301859.546799107, 4352833.110577661], [301799.546799107, 4352833.110577661], [301799.546799107, 4352773.110577661], [301769.546799107, 4352773.110577661], [301769.546799107, 4352623.110577661], [301739.546799107, 4352623.110577661], [301739.546799107, 4352533.110577661], [301709.546799107, 4352533.110577661], [301709.546799107, 4352503.110577661], [301679.546799107, 4352503.110577661], [301679.546799107, 4352413.110577661], [301649.546799107, 4352413.110577661], [301649.546799107, 4352353.110577661], [301679.546799107, 4352353.110577661], [301679.546799107, 4352323.110577661], [301649.546799107, 4352323.110577661], [301649.546799107, 4352293.110577661], [301619.546799107, 4352293.110577661], [301619.546799107, 4352233.110577661], [301589.546799107, 4352233.110577661], [301589.546799107, 4352203.110577661], [301499.546799107, 4352203.110577661], [301499.546799107, 4352173.110577661], [301469.546799107, 4352173.110577661], [301469.546799107, 4352113.110577661], [301379.546799107, 4352113.110577661], [301379.546799107, 4352023.110577661], [301409.546799107, 4352023.110577661], [301409.546799107, 4351993.110577661], [301319.546799107, 4351993.110577661], [301319.546799107, 4351963.110577661], [301289.546799107, 4351963.110577661], [301289.546799107, 4351933.110577661], [301199.546799107, 4351933.110577661], [301199.546799107, 4351513.110577661], [301169.546799107, 4351513.110577661], [301169.546799107, 4351483.110577661], [301139.546799107, 4351483.110577661], [301139.546799107, 4351423.110577661], [300959.546799107, 4351423.110577661], [300959.546799107, 4351453.110577661], [300929.546799107, 4351453.110577661], [300929.546799107, 4351423.110577661], [300899.546799107, 4351423.110577661], [300899.546799107, 4351453.110577661], [300749.546799107, 4351453.110577661], [300749.546799107, 4351483.110577661], [300629.546799107, 4351483.110577661], [300629.546799107, 4351513.110577661], [300539.546799107, 4351513.110577661], [300539.546799107, 4351543.110577661], [300509.546799107, 4351543.110577661], [300509.546799107, 4351603.110577661], [300449.546799107, 4351603.110577661], [300449.546799107, 4351633.110577661], [300389.546799107, 4351633.110577661], [300389.546799107, 4351663.110577661], [300329.546799107, 4351663.110577661], [300329.546799107, 4351723.110577661], [300239.546799107, 4351723.110577661], [300239.546799107, 4351693.110577661], [300209.546799107, 4351693.110577661], [300209.546799107, 4351723.110577661], [300089.546799107, 4351723.110577661], [300089.546799107, 4351693.110577661], [300059.546799107, 4351693.110577661], [300059.546799107, 4351723.110577661], [299969.546799107, 4351723.110577661], [299969.546799107, 4351753.110577661], [299879.546799107, 4351753.110577661], [299879.546799107, 4351783.110577661], [299819.546799107, 4351783.110577661], [299819.546799107, 4351753.110577661], [299759.546799107, 4351753.110577661], [299759.546799107, 4351783.110577661], [299669.546799107, 4351783.110577661], [299669.546799107, 4351813.110577661], [299549.546799107, 4351813.110577661], [299549.546799107, 4351843.110577661], [299399.546799107, 4351843.110577661], [299399.546799107, 4351813.110577661], [299279.546799107, 4351813.110577661], [299279.546799107, 4351783.110577661], [299219.546799107, 4351783.110577661], [299219.546799107, 4351723.110577661], [299189.546799107, 4351723.110577661], [299189.546799107, 4351693.110577661], [299159.546799107, 4351693.110577661], [299159.546799107, 4351663.110577661], [299129.546799107, 4351663.110577661], [299129.546799107, 4351603.110577661], [299099.546799107, 4351603.110577661], [299099.546799107, 4351573.110577661], [299009.546799107, 4351573.110577661], [299009.546799107, 4351513.110577661], [298979.546799107, 4351513.110577661], [298979.546799107, 4351483.110577661], [298949.546799107, 4351483.110577661], [298949.546799107, 4351453.110577661], [298889.546799107, 4351453.110577661], [298889.546799107, 4351483.110577661], [298829.546799107, 4351483.110577661], [298829.546799107, 4351453.110577661], [298709.546799107, 4351453.110577661], [298709.546799107, 4351423.110577661], [298469.546799107, 4351423.110577661], [298469.546799107, 4351393.110577661], [298439.546799107, 4351393.110577661], [298439.546799107, 4351363.110577661], [298409.546799107, 4351363.110577661], [298409.546799107, 4351333.110577661], [298379.546799107, 4351333.110577661], [298379.546799107, 4351393.110577661], [298349.546799107, 4351393.110577661], [298349.546799107, 4351453.110577661], [298319.546799107, 4351453.110577661], [298319.546799107, 4351483.110577661], [298289.546799107, 4351483.110577661], [298289.546799107, 4351513.110577661], [298229.546799107, 4351513.110577661], [298229.546799107, 4351543.110577661], [298169.546799107, 4351543.110577661], [298169.546799107, 4351573.110577661], [298139.546799107, 4351573.110577661], [298139.546799107, 4351603.110577661], [298109.546799107, 4351603.110577661], [298109.546799107, 4351663.110577661], [298079.546799107, 4351663.110577661], [298079.546799107, 4351693.110577661], [298049.546799107, 4351693.110577661], [298049.546799107, 4351723.110577661], [297959.546799107, 4351723.110577661], [297959.546799107, 4351753.110577661], [297929.546799107, 4351753.110577661], [297929.546799107, 4351813.110577661], [297809.546799107, 4351813.110577661], [297809.546799107, 4351843.110577661], [297779.546799107, 4351843.110577661], [297779.546799107, 4351873.110577661], [297749.546799107, 4351873.110577661], [297749.546799107, 4351843.110577661], [297719.546799107, 4351843.110577661], [297719.546799107, 4351813.110577661], [297659.546799107, 4351813.110577661], [297659.546799107, 4351783.110577661], [297629.546799107, 4351783.110577661], [297629.546799107, 4351753.110577661], [297569.546799107, 4351753.110577661], [297569.546799107, 4351783.110577661], [297539.546799107, 4351783.110577661], [297539.546799107, 4351813.110577661], [297449.546799107, 4351813.110577661], [297449.546799107, 4351783.110577661], [297419.546799107, 4351783.110577661], [297419.546799107, 4351723.110577661], [297449.546799107, 4351723.110577661], [297449.546799107, 4351543.110577661], [297389.546799107, 4351543.110577661], [297389.546799107, 4351483.110577661], [297359.546799107, 4351483.110577661], [297359.546799107, 4351423.110577661], [297329.546799107, 4351423.110577661], [297329.546799107, 4351363.110577661], [297359.546799107, 4351363.110577661], [297359.546799107, 4351183.110577661], [297389.546799107, 4351183.110577661], [297389.546799107, 4351123.110577661], [297359.546799107, 4351123.110577661], [297359.546799107, 4351063.110577661], [297329.546799107, 4351063.110577661], [297329.546799107, 4350973.110577661], [297299.546799107, 4350973.110577661], [297299.546799107, 4350943.110577661], [297269.546799107, 4350943.110577661], [297269.546799107, 4350913.110577661], [297239.546799107, 4350913.110577661], [297239.546799107, 4350883.110577661], [297179.546799107, 4350883.110577661], [297179.546799107, 4350913.110577661], [297119.546799107, 4350913.110577661], [297119.546799107, 4350883.110577661], [297089.546799107, 4350883.110577661], [297089.546799107, 4350853.110577661], [297059.546799107, 4350853.110577661], [297059.546799107, 4350823.110577661], [297089.546799107, 4350823.110577661], [297089.546799107, 4350793.110577661], [297119.546799107, 4350793.110577661], [297119.546799107, 4350733.110577661], [297089.546799107, 4350733.110577661], [297089.546799107, 4350703.110577661], [296999.546799107, 4350703.110577661], [296999.546799107, 4350673.110577661], [296969.546799107, 4350673.110577661], [296969.546799107, 4350643.110577661], [296939.546799107, 4350643.110577661], [296939.546799107, 4350613.110577661], [296909.546799107, 4350613.110577661], [296909.546799107, 4350583.110577661], [296879.546799107, 4350583.110577661], [296879.546799107, 4350523.110577661], [296849.546799107, 4350523.110577661], [296849.546799107, 4350463.110577661], [296819.546799107, 4350463.110577661], [296819.546799107, 4350223.110577661], [296759.546799107, 4350223.110577661], [296759.546799107, 4350163.110577661], [296729.546799107, 4350163.110577661], [296729.546799107, 4350133.110577661], [296699.546799107, 4350133.110577661], [296699.546799107, 4350043.110577661], [296729.546799107, 4350043.110577661], [296729.546799107, 4349893.110577661], [296759.546799107, 4349893.110577661], [296759.546799107, 4349773.110577661], [296729.546799107, 4349773.110577661], [296729.546799107, 4349743.110577661], [296759.546799107, 4349743.110577661], [296759.546799107, 4349593.110577661], [296789.546799107, 4349593.110577661], [296789.546799107, 4349533.110577661], [296819.546799107, 4349533.110577661], [296819.546799107, 4349293.110577661], [296789.546799107, 4349293.110577661], [296789.546799107, 4349233.110577661], [296699.546799107, 4349233.110577661], [296699.546799107, 4349203.110577661], [296669.546799107, 4349203.110577661], [296669.546799107, 4349113.110577661], [296579.546799107, 4349113.110577661], [296579.546799107, 4349143.110577661], [296459.546799107, 4349143.110577661], [296459.546799107, 4349113.110577661], [296429.546799107, 4349113.110577661], [296429.546799107, 4349083.110577661], [296399.546799107, 4349083.110577661], [296399.546799107, 4349023.110577661], [296369.546799107, 4349023.110577661], [296369.546799107, 4348873.110577661], [296339.546799107, 4348873.110577661], [296339.546799107, 4348843.110577661], [296309.546799107, 4348843.110577661], [296309.546799107, 4348813.110577661], [296279.546799107, 4348813.110577661], [296279.546799107, 4348783.110577661], [296249.546799107, 4348783.110577661], [296249.546799107, 4348753.110577661], [296189.546799107, 4348753.110577661], [296189.546799107, 4348783.110577661], [296159.546799107, 4348783.110577661], [296159.546799107, 4348603.110577661], [296129.546799107, 4348603.110577661], [296129.546799107, 4348573.110577661], [296099.546799107, 4348573.110577661], [296099.546799107, 4348393.110577661], [296039.546799107, 4348393.110577661], [296039.546799107, 4348363.110577661], [296069.546799107, 4348363.110577661], [296069.546799107, 4348213.110577661], [295979.546799107, 4348213.110577661], [295979.546799107, 4348183.110577661], [295949.546799107, 4348183.110577661], [295949.546799107, 4348243.110577661], [295829.546799107, 4348243.110577661], [295829.546799107, 4348273.110577661], [295739.546799107, 4348273.110577661], [295739.546799107, 4348303.110577661], [295709.546799107, 4348303.110577661], [295709.546799107, 4348273.110577661], [295679.546799107, 4348273.110577661], [295679.546799107, 4348183.110577661], [295649.546799107, 4348183.110577661], [295649.546799107, 4348153.110577661], [295619.546799107, 4348153.110577661], [295619.546799107, 4348003.110577661], [295649.546799107, 4348003.110577661], [295649.546799107, 4347973.110577661], [295679.546799107, 4347973.110577661], [295679.546799107, 4347793.110577661], [295649.546799107, 4347793.110577661], [295649.546799107, 4347763.110577661], [295619.546799107, 4347763.110577661], [295619.546799107, 4347703.110577661], [295559.546799107, 4347703.110577661], [295559.546799107, 4347673.110577661], [295499.546799107, 4347673.110577661], [295499.546799107, 4347643.110577661], [295439.546799107, 4347643.110577661], [295439.546799107, 4347613.110577661], [295409.546799107, 4347613.110577661], [295409.546799107, 4347583.110577661], [295289.546799107, 4347583.110577661], [295289.546799107, 4347553.110577661], [295259.546799107, 4347553.110577661], [295259.546799107, 4347523.110577661], [295289.546799107, 4347523.110577661], [295289.546799107, 4347403.110577661], [295259.546799107, 4347403.110577661], [295259.546799107, 4347373.110577661], [295229.546799107, 4347373.110577661], [295229.546799107, 4347193.110577661], [295199.546799107, 4347193.110577661], [295199.546799107, 4347163.110577661], [295169.546799107, 4347163.110577661], [295169.546799107, 4347133.110577661], [295139.546799107, 4347133.110577661], [295139.546799107, 4347103.110577661], [295109.546799107, 4347103.110577661], [295109.546799107, 4347013.110577661], [295079.546799107, 4347013.110577661], [295079.546799107, 4346983.110577661], [295049.546799107, 4346983.110577661], [295049.546799107, 4346953.110577661], [294989.546799107, 4346953.110577661], [294989.546799107, 4346923.110577661], [294959.546799107, 4346923.110577661], [294959.546799107, 4346893.110577661], [294929.546799107, 4346893.110577661], [294929.546799107, 4346863.110577661], [294869.546799107, 4346863.110577661], [294869.546799107, 4346833.110577661], [294809.546799107, 4346833.110577661], [294809.546799107, 4346863.110577661], [294719.546799107, 4346863.110577661], [294719.546799107, 4346833.110577661], [294689.546799107, 4346833.110577661], [294689.546799107, 4346773.110577661], [294659.546799107, 4346773.110577661], [294659.546799107, 4346803.110577661], [294539.546799107, 4346803.110577661], [294539.546799107, 4346773.110577661], [294509.546799107, 4346773.110577661], [294509.546799107, 4346683.110577661], [294479.546799107, 4346683.110577661], [294479.546799107, 4346623.110577661], [294419.546799107, 4346623.110577661], [294419.546799107, 4346533.110577661], [294389.546799107, 4346533.110577661], [294389.546799107, 4346503.110577661], [294329.546799107, 4346503.110577661], [294329.546799107, 4346443.110577661], [294299.546799107, 4346443.110577661], [294299.546799107, 4346413.110577661], [294239.546799107, 4346413.110577661], [294239.546799107, 4346383.110577661], [294149.546799107, 4346383.110577661], [294149.546799107, 4346413.110577661], [294119.546799107, 4346413.110577661], [294119.546799107, 4346383.110577661], [294089.546799107, 4346383.110577661], [294089.546799107, 4346413.110577661], [293969.546799107, 4346413.110577661], [293969.546799107, 4346443.110577661], [293939.546799107, 4346443.110577661], [293939.546799107, 4346473.110577661], [293909.546799107, 4346473.110577661], [293909.546799107, 4346503.110577661], [293819.546799107, 4346503.110577661], [293819.546799107, 4346533.110577661], [293789.546799107, 4346533.110577661], [293789.546799107, 4346503.110577661], [293759.546799107, 4346503.110577661], [293759.546799107, 4346563.110577661], [293699.546799107, 4346563.110577661], [293699.546799107, 4346503.110577661], [293609.546799107, 4346503.110577661], [293609.546799107, 4346473.110577661], [293519.546799107, 4346473.110577661], [293519.546799107, 4346503.110577661], [293489.546799107, 4346503.110577661], [293489.546799107, 4346563.110577661], [293399.546799107, 4346563.110577661], [293399.546799107, 4346533.110577661], [293249.546799107, 4346533.110577661], [293249.546799107, 4346623.110577661], [293219.546799107, 4346623.110577661], [293219.546799107, 4346683.110577661], [293189.546799107, 4346683.110577661], [293189.546799107, 4346713.110577661], [293129.546799107, 4346713.110577661], [293129.546799107, 4346623.110577661], [293069.546799107, 4346623.110577661], [293069.546799107, 4346593.110577661], [293039.546799107, 4346593.110577661], [293039.546799107, 4346623.110577661], [293009.546799107, 4346623.110577661], [293009.546799107, 4346653.110577661], [292979.546799107, 4346653.110577661], [292979.546799107, 4346743.110577661], [292949.546799107, 4346743.110577661], [292949.546799107, 4346713.110577661], [292889.546799107, 4346713.110577661], [292889.546799107, 4346683.110577661], [292859.546799107, 4346683.110577661], [292859.546799107, 4346653.110577661], [292769.546799107, 4346653.110577661], [292769.546799107, 4346623.110577661], [292739.546799107, 4346623.110577661], [292739.546799107, 4346713.110577661], [292709.546799107, 4346713.110577661], [292709.546799107, 4346683.110577661], [292679.546799107, 4346683.110577661], [292679.546799107, 4346713.110577661], [292649.546799107, 4346713.110577661], [292649.546799107, 4346743.110577661], [292619.546799107, 4346743.110577661], [292619.546799107, 4346773.110577661], [292589.546799107, 4346773.110577661], [292589.546799107, 4346743.110577661], [292559.546799107, 4346743.110577661], [292559.546799107, 4346713.110577661], [292529.546799107, 4346713.110577661], [292529.546799107, 4346683.110577661], [292499.546799107, 4346683.110577661], [292499.546799107, 4346713.110577661], [292469.546799107, 4346713.110577661], [292469.546799107, 4346743.110577661], [292439.546799107, 4346743.110577661], [292439.546799107, 4346803.110577661], [292469.546799107, 4346803.110577661], [292469.546799107, 4346953.110577661], [292439.546799107, 4346953.110577661], [292439.546799107, 4346983.110577661], [292409.546799107, 4346983.110577661], [292409.546799107, 4347013.110577661], [292289.546799107, 4347013.110577661], [292289.546799107, 4347043.110577661], [292199.546799107, 4347043.110577661], [292199.546799107, 4347103.110577661], [292169.546799107, 4347103.110577661], [292169.546799107, 4347073.110577661], [292079.546799107, 4347073.110577661], [292079.546799107, 4347043.110577661], [292049.546799107, 4347043.110577661], [292049.546799107, 4346983.110577661], [291989.546799107, 4346983.110577661], [291989.546799107, 4347043.110577661], [291959.546799107, 4347043.110577661], [291959.546799107, 4347013.110577661], [291929.546799107, 4347013.110577661], [291929.546799107, 4347043.110577661], [291779.546799107, 4347043.110577661], [291779.546799107, 4347013.110577661], [291569.546799107, 4347013.110577661], [291569.546799107, 4346923.110577661], [291599.546799107, 4346923.110577661], [291599.546799107, 4346893.110577661], [291629.546799107, 4346893.110577661], [291629.546799107, 4346863.110577661], [291599.546799107, 4346863.110577661], [291599.546799107, 4346833.110577661], [291569.546799107, 4346833.110577661], [291569.546799107, 4346773.110577661], [291539.546799107, 4346773.110577661], [291539.546799107, 4346743.110577661], [291449.546799107, 4346743.110577661], [291449.546799107, 4346713.110577661], [291419.546799107, 4346713.110577661], [291419.546799107, 4346683.110577661], [291389.546799107, 4346683.110577661], [291389.546799107, 4346593.110577661], [291329.546799107, 4346593.110577661], [291329.546799107, 4346563.110577661], [291299.546799107, 4346563.110577661], [291299.546799107, 4346533.110577661], [291269.546799107, 4346533.110577661], [291269.546799107, 4346503.110577661], [291239.546799107, 4346503.110577661], [291239.546799107, 4346293.110577661], [291209.546799107, 4346293.110577661], [291209.546799107, 4346263.110577661], [291179.546799107, 4346263.110577661], [291179.546799107, 4346233.110577661], [291149.546799107, 4346233.110577661], [291149.546799107, 4346053.110577661], [291119.546799107, 4346053.110577661], [291119.546799107, 4345993.110577661], [291089.546799107, 4345993.110577661], [291089.546799107, 4345963.110577661], [291059.546799107, 4345963.110577661], [291059.546799107, 4345933.110577661], [291029.546799107, 4345933.110577661], [291029.546799107, 4345783.110577661], [291089.546799107, 4345783.110577661], [291089.546799107, 4345633.110577661], [291119.546799107, 4345633.110577661], [291119.546799107, 4345603.110577661], [291149.546799107, 4345603.110577661], [291149.546799107, 4345543.110577661], [291119.546799107, 4345543.110577661], [291119.546799107, 4345453.110577661], [291059.546799107, 4345453.110577661], [291059.546799107, 4345423.110577661], [291029.546799107, 4345423.110577661], [291029.546799107, 4345363.110577661], [290999.546799107, 4345363.110577661], [290999.546799107, 4345183.110577661], [291059.546799107, 4345183.110577661], [291059.546799107, 4345093.110577661], [291029.546799107, 4345093.110577661], [291029.546799107, 4345063.110577661], [290999.546799107, 4345063.110577661], [290999.546799107, 4345033.110577661], [290879.546799107, 4345033.110577661], [290879.546799107, 4345003.110577661], [290849.546799107, 4345003.110577661], [290849.546799107, 4344973.110577661], [290819.546799107, 4344973.110577661], [290819.546799107, 4344913.110577661], [290789.546799107, 4344913.110577661], [290789.546799107, 4344883.110577661], [290819.546799107, 4344883.110577661], [290819.546799107, 4344793.110577661], [290789.546799107, 4344793.110577661], [290789.546799107, 4344763.110577661], [290729.546799107, 4344763.110577661], [290729.546799107, 4344733.110577661], [290699.546799107, 4344733.110577661], [290699.546799107, 4344763.110577661], [290669.546799107, 4344763.110577661], [290669.546799107, 4344733.110577661], [290639.546799107, 4344733.110577661], [290639.546799107, 4344613.110577661], [290579.546799107, 4344613.110577661], [290579.546799107, 4344493.110577661], [290519.546799107, 4344493.110577661], [290519.546799107, 4344463.110577661], [290489.546799107, 4344463.110577661], [290489.546799107, 4344373.110577661], [290459.546799107, 4344373.110577661], [290459.546799107, 4344313.110577661], [290429.546799107, 4344313.110577661], [290429.546799107, 4344253.110577661], [290399.546799107, 4344253.110577661], [290399.546799107, 4344223.110577661], [290339.546799107, 4344223.110577661], [290339.546799107, 4344163.110577661], [290369.546799107, 4344163.110577661], [290369.546799107, 4344073.110577661], [290339.546799107, 4344073.110577661], [290339.546799107, 4344013.110577661], [290249.546799107, 4344013.110577661], [290249.546799107, 4343983.110577661], [290219.546799107, 4343983.110577661], [290219.546799107, 4343953.110577661], [290249.546799107, 4343953.110577661], [290249.546799107, 4343893.110577661], [290219.546799107, 4343893.110577661], [290219.546799107, 4343773.110577661], [290189.546799107, 4343773.110577661], [290189.546799107, 4343743.110577661], [290159.546799107, 4343743.110577661], [290159.546799107, 4343623.110577661], [290129.546799107, 4343623.110577661], [290129.546799107, 4343533.110577661], [290159.546799107, 4343533.110577661], [290159.546799107, 4343353.110577661], [290069.546799107, 4343353.110577661], [290069.546799107, 4343323.110577661], [290039.546799107, 4343323.110577661], [290039.546799107, 4343293.110577661], [290009.546799107, 4343293.110577661], [290009.546799107, 4343203.110577661], [290039.546799107, 4343203.110577661], [290039.546799107, 4343173.110577661], [290069.546799107, 4343173.110577661], [290069.546799107, 4343143.110577661], [290099.546799107, 4343143.110577661], [290099.546799107, 4343053.110577661], [290129.546799107, 4343053.110577661], [290129.546799107, 4343023.110577661], [290159.546799107, 4343023.110577661], [290159.546799107, 4342993.110577661], [290189.546799107, 4342993.110577661], [290189.546799107, 4342963.110577661], [290159.546799107, 4342963.110577661], [290159.546799107, 4342933.110577661], [290129.546799107, 4342933.110577661], [290129.546799107, 4342903.110577661], [290099.546799107, 4342903.110577661], [290099.546799107, 4342843.110577661], [290069.546799107, 4342843.110577661], [290069.546799107, 4342663.110577661], [290099.546799107, 4342663.110577661], [290099.546799107, 4342633.110577661], [290189.546799107, 4342633.110577661], [290189.546799107, 4342603.110577661], [290219.546799107, 4342603.110577661], [290219.546799107, 4342573.110577661], [290189.546799107, 4342573.110577661], [290189.546799107, 4342453.110577661], [290219.546799107, 4342453.110577661], [290219.546799107, 4342423.110577661], [290189.546799107, 4342423.110577661], [290189.546799107, 4342393.110577661], [290219.546799107, 4342393.110577661], [290219.546799107, 4342303.110577661], [290159.546799107, 4342303.110577661], [290159.546799107, 4342243.110577661], [290129.546799107, 4342243.110577661], [290129.546799107, 4342213.110577661], [290159.546799107, 4342213.110577661], [290159.546799107, 4342153.110577661], [290189.546799107, 4342153.110577661], [290189.546799107, 4342123.110577661], [290159.546799107, 4342123.110577661], [290159.546799107, 4342003.110577661], [290129.546799107, 4342003.110577661], [290129.546799107, 4341853.110577661], [290159.546799107, 4341853.110577661], [290159.546799107, 4341823.110577661], [290189.546799107, 4341823.110577661], [290189.546799107, 4341793.110577661], [290219.546799107, 4341793.110577661], [290219.546799107, 4341703.110577661], [290159.546799107, 4341703.110577661], [290159.546799107, 4341673.110577661], [290069.546799107, 4341673.110577661], [290069.546799107, 4341583.110577661], [290039.546799107, 4341583.110577661], [290039.546799107, 4341553.110577661], [290009.546799107, 4341553.110577661], [290009.546799107, 4341403.110577661], [290039.546799107, 4341403.110577661], [290039.546799107, 4341373.110577661], [290069.546799107, 4341373.110577661], [290069.546799107, 4341343.110577661], [290039.546799107, 4341343.110577661], [290039.546799107, 4341253.110577661], [289919.546799107, 4341253.110577661], [289919.546799107, 4341103.110577661], [289949.546799107, 4341103.110577661], [289949.546799107, 4340863.110577661], [289979.546799107, 4340863.110577661], [289979.546799107, 4340803.110577661], [290039.546799107, 4340803.110577661], [290039.546799107, 4340653.110577661], [290009.546799107, 4340653.110577661], [290009.546799107, 4340623.110577661], [290069.546799107, 4340623.110577661], [290069.546799107, 4340563.110577661], [290099.546799107, 4340563.110577661], [290099.546799107, 4340503.110577661], [290129.546799107, 4340503.110577661], [290129.546799107, 4340383.110577661], [290099.546799107, 4340383.110577661], [290099.546799107, 4340293.110577661], [290129.546799107, 4340293.110577661], [290129.546799107, 4340143.110577661], [290159.546799107, 4340143.110577661], [290159.546799107, 4340113.110577661], [290189.546799107, 4340113.110577661], [290189.546799107, 4340023.110577661], [290159.546799107, 4340023.110577661], [290159.546799107, 4339813.110577661], [290129.546799107, 4339813.110577661], [290129.546799107, 4339783.110577661], [290099.546799107, 4339783.110577661], [290099.546799107, 4339693.110577661], [290129.546799107, 4339693.110577661], [290129.546799107, 4339393.110577661], [290099.546799107, 4339393.110577661], [290099.546799107, 4339363.110577661], [290129.546799107, 4339363.110577661], [290129.546799107, 4339333.110577661], [290099.546799107, 4339333.110577661], [290099.546799107, 4339303.110577661], [290069.546799107, 4339303.110577661], [290069.546799107, 4339123.110577661], [290039.546799107, 4339123.110577661], [290039.546799107, 4339093.110577661], [290009.546799107, 4339093.110577661], [290009.546799107, 4339063.110577661], [289979.546799107, 4339063.110577661], [289979.546799107, 4339003.110577661], [289949.546799107, 4339003.110577661], [289949.546799107, 4338763.110577661], [289979.546799107, 4338763.110577661], [289979.546799107, 4338673.110577661], [289949.546799107, 4338673.110577661], [289949.546799107, 4338583.110577661], [289919.546799107, 4338583.110577661], [289919.546799107, 4338553.110577661], [289889.546799107, 4338553.110577661], [289889.546799107, 4338493.110577661], [289859.546799107, 4338493.110577661], [289859.546799107, 4338313.110577661], [289829.546799107, 4338313.110577661], [289829.546799107, 4338193.110577661], [289799.546799107, 4338193.110577661], [289799.546799107, 4338073.110577661], [289829.546799107, 4338073.110577661], [289829.546799107, 4337983.110577661], [289859.546799107, 4337983.110577661], [289859.546799107, 4337893.110577661], [289889.546799107, 4337893.110577661], [289889.546799107, 4337773.110577661], [289919.546799107, 4337773.110577661], [289919.546799107, 4337743.110577661], [289949.546799107, 4337743.110577661], [289949.546799107, 4337713.110577661], [289919.546799107, 4337713.110577661], [289919.546799107, 4337683.110577661], [289859.546799107, 4337683.110577661], [289859.546799107, 4337533.110577661], [289829.546799107, 4337533.110577661], [289829.546799107, 4337473.110577661], [289769.546799107, 4337473.110577661], [289769.546799107, 4337353.110577661], [289739.546799107, 4337353.110577661], [289739.546799107, 4337323.110577661], [289769.546799107, 4337323.110577661], [289769.546799107, 4337293.110577661], [289799.546799107, 4337293.110577661], [289799.546799107, 4337203.110577661], [289829.546799107, 4337203.110577661], [289829.546799107, 4337113.110577661], [289859.546799107, 4337113.110577661], [289859.546799107, 4337083.110577661], [289979.546799107, 4337083.110577661], [289979.546799107, 4337053.110577661], [290009.546799107, 4337053.110577661], [290009.546799107, 4336873.110577661], [289979.546799107, 4336873.110577661], [289979.546799107, 4336783.110577661], [289949.546799107, 4336783.110577661], [289949.546799107, 4336753.110577661], [289979.546799107, 4336753.110577661], [289979.546799107, 4336723.110577661], [290009.546799107, 4336723.110577661], [290009.546799107, 4336633.110577661], [290039.546799107, 4336633.110577661], [290039.546799107, 4336603.110577661], [290069.546799107, 4336603.110577661], [290069.546799107, 4336513.110577661], [290159.546799107, 4336513.110577661], [290159.546799107, 4336483.110577661], [290219.546799107, 4336483.110577661], [290219.546799107, 4336453.110577661], [290249.546799107, 4336453.110577661], [290249.546799107, 4336423.110577661], [290309.546799107, 4336423.110577661], [290309.546799107, 4336333.110577661], [290279.546799107, 4336333.110577661], [290279.546799107, 4336273.110577661], [290249.546799107, 4336273.110577661], [290249.546799107, 4336243.110577661], [290279.546799107, 4336243.110577661], [290279.546799107, 4336123.110577661], [290309.546799107, 4336123.110577661], [290309.546799107, 4336063.110577661], [290339.546799107, 4336063.110577661], [290339.546799107, 4335973.110577661], [290369.546799107, 4335973.110577661], [290369.546799107, 4335943.110577661], [290339.546799107, 4335943.110577661], [290339.546799107, 4335763.110577661], [290249.546799107, 4335763.110577661], [290249.546799107, 4335733.110577661], [290219.546799107, 4335733.110577661], [290219.546799107, 4335703.110577661], [290189.546799107, 4335703.110577661], [290189.546799107, 4335673.110577661], [290219.546799107, 4335673.110577661], [290219.546799107, 4335583.110577661], [290189.546799107, 4335583.110577661], [290189.546799107, 4335553.110577661], [290159.546799107, 4335553.110577661], [290159.546799107, 4335583.110577661], [290129.546799107, 4335583.110577661], [290129.546799107, 4335463.110577661], [290159.546799107, 4335463.110577661], [290159.546799107, 4335403.110577661], [290189.546799107, 4335403.110577661], [290189.546799107, 4335343.110577661], [290159.546799107, 4335343.110577661], [290159.546799107, 4335313.110577661], [290099.546799107, 4335313.110577661], [290099.546799107, 4335253.110577661], [290129.546799107, 4335253.110577661], [290129.546799107, 4334983.110577661], [290159.546799107, 4334983.110577661], [290159.546799107, 4334953.110577661], [290249.546799107, 4334953.110577661], [290249.546799107, 4334803.110577661], [290219.546799107, 4334803.110577661], [290219.546799107, 4334683.110577661], [290189.546799107, 4334683.110577661], [290189.546799107, 4334473.110577661], [290249.546799107, 4334473.110577661], [290249.546799107, 4334353.110577661], [290219.546799107, 4334353.110577661], [290219.546799107, 4334173.110577661], [290189.546799107, 4334173.110577661], [290189.546799107, 4334143.110577661], [290129.546799107, 4334143.110577661], [290129.546799107, 4334083.110577661], [290099.546799107, 4334083.110577661], [290099.546799107, 4333963.110577661], [290129.546799107, 4333963.110577661], [290129.546799107, 4333933.110577661], [290159.546799107, 4333933.110577661], [290159.546799107, 4333903.110577661], [290189.546799107, 4333903.110577661], [290189.546799107, 4333843.110577661], [290219.546799107, 4333843.110577661], [290219.546799107, 4333783.110577661], [290279.546799107, 4333783.110577661], [290279.546799107, 4333753.110577661], [290309.546799107, 4333753.110577661], [290309.546799107, 4333723.110577661], [290279.546799107, 4333723.110577661], [290279.546799107, 4333693.110577661], [290249.546799107, 4333693.110577661], [290249.546799107, 4333663.110577661], [290279.546799107, 4333663.110577661], [290279.546799107, 4333633.110577661], [290309.546799107, 4333633.110577661], [290309.546799107, 4333603.110577661], [290339.546799107, 4333603.110577661], [290339.546799107, 4333483.110577661], [290429.546799107, 4333483.110577661], [290429.546799107, 4333513.110577661], [290459.546799107, 4333513.110577661], [290459.546799107, 4333543.110577661], [290519.546799107, 4333543.110577661], [290519.546799107, 4333513.110577661], [290549.546799107, 4333513.110577661], [290549.546799107, 4333453.110577661], [290579.546799107, 4333453.110577661], [290579.546799107, 4333393.110577661], [290609.546799107, 4333393.110577661], [290609.546799107, 4333243.110577661], [290579.546799107, 4333243.110577661], [290579.546799107, 4333213.110577661], [290549.546799107, 4333213.110577661], [290549.546799107, 4333123.110577661], [290519.546799107, 4333123.110577661], [290519.546799107, 4332943.110577661], [290549.546799107, 4332943.110577661], [290549.546799107, 4332913.110577661], [290579.546799107, 4332913.110577661], [290579.546799107, 4332883.110577661], [290549.546799107, 4332883.110577661], [290549.546799107, 4332733.110577661], [290519.546799107, 4332733.110577661], [290519.546799107, 4332553.110577661], [290549.546799107, 4332553.110577661], [290549.546799107, 4332523.110577661], [290519.546799107, 4332523.110577661], [290519.546799107, 4332493.110577661], [290549.546799107, 4332493.110577661], [290549.546799107, 4332433.110577661], [290519.546799107, 4332433.110577661], [290519.546799107, 4332373.110577661], [290459.546799107, 4332373.110577661], [290459.546799107, 4332283.110577661], [290429.546799107, 4332283.110577661], [290429.546799107, 4332223.110577661], [290399.546799107, 4332223.110577661], [290399.546799107, 4332163.110577661], [290429.546799107, 4332163.110577661], [290429.546799107, 4332133.110577661], [290459.546799107, 4332133.110577661], [290459.546799107, 4332163.110577661], [290489.546799107, 4332163.110577661], [290489.546799107, 4332073.110577661], [290549.546799107, 4332073.110577661], [290549.546799107, 4332043.110577661], [290579.546799107, 4332043.110577661], [290579.546799107, 4332013.110577661], [290609.546799107, 4332013.110577661], [290609.546799107, 4331893.110577661], [290549.546799107, 4331893.110577661], [290549.546799107, 4331863.110577661], [290579.546799107, 4331863.110577661], [290579.546799107, 4331833.110577661], [290639.546799107, 4331833.110577661], [290639.546799107, 4331773.110577661], [290669.546799107, 4331773.110577661], [290669.546799107, 4331743.110577661], [290699.546799107, 4331743.110577661], [290699.546799107, 4331713.110577661], [290729.546799107, 4331713.110577661], [290729.546799107, 4331683.110577661], [290759.546799107, 4331683.110577661], [290759.546799107, 4331653.110577661], [290729.546799107, 4331653.110577661], [290729.546799107, 4331623.110577661], [290789.546799107, 4331623.110577661], [290789.546799107, 4331593.110577661], [290819.546799107, 4331593.110577661], [290819.546799107, 4331563.110577661], [290849.546799107, 4331563.110577661], [290849.546799107, 4331473.110577661], [290969.546799107, 4331473.110577661], [290969.546799107, 4331413.110577661], [290939.546799107, 4331413.110577661], [290939.546799107, 4331383.110577661], [290969.546799107, 4331383.110577661], [290969.546799107, 4331353.110577661], [290999.546799107, 4331353.110577661], [290999.546799107, 4331233.110577661], [291059.546799107, 4331233.110577661], [291059.546799107, 4331203.110577661], [291089.546799107, 4331203.110577661], [291089.546799107, 4331173.110577661], [291179.546799107, 4331173.110577661], [291179.546799107, 4331203.110577661], [291239.546799107, 4331203.110577661], [291239.546799107, 4331173.110577661], [291269.546799107, 4331173.110577661], [291269.546799107, 4331113.110577661], [291329.546799107, 4331113.110577661], [291329.546799107, 4331083.110577661], [291359.546799107, 4331083.110577661], [291359.546799107, 4330993.110577661], [291269.546799107, 4330993.110577661], [291269.546799107, 4330933.110577661], [291239.546799107, 4330933.110577661], [291239.546799107, 4330903.110577661], [291269.546799107, 4330903.110577661], [291269.546799107, 4330873.110577661], [291299.546799107, 4330873.110577661], [291299.546799107, 4330843.110577661], [291329.546799107, 4330843.110577661], [291329.546799107, 4330783.110577661], [291359.546799107, 4330783.110577661], [291359.546799107, 4330723.110577661], [291419.546799107, 4330723.110577661], [291419.546799107, 4330663.110577661], [291449.546799107, 4330663.110577661], [291449.546799107, 4330633.110577661], [291479.546799107, 4330633.110577661], [291479.546799107, 4330543.110577661], [291509.546799107, 4330543.110577661], [291509.546799107, 4330393.110577661], [291479.546799107, 4330393.110577661], [291479.546799107, 4330363.110577661], [291509.546799107, 4330363.110577661], [291509.546799107, 4330333.110577661], [291539.546799107, 4330333.110577661], [291539.546799107, 4330243.110577661], [291509.546799107, 4330243.110577661], [291509.546799107, 4330183.110577661], [291539.546799107, 4330183.110577661], [291539.546799107, 4330093.110577661], [291569.546799107, 4330093.110577661], [291569.546799107, 4330063.110577661], [291599.546799107, 4330063.110577661], [291599.546799107, 4330033.110577661], [291629.546799107, 4330033.110577661], [291629.546799107, 4330003.110577661], [291809.546799107, 4330003.110577661], [291809.546799107, 4329973.110577661], [291839.546799107, 4329973.110577661], [291839.546799107, 4329913.110577661], [291869.546799107, 4329913.110577661], [291869.546799107, 4329883.110577661], [291839.546799107, 4329883.110577661], [291839.546799107, 4329823.110577661], [291809.546799107, 4329823.110577661], [291809.546799107, 4329673.110577661], [291839.546799107, 4329673.110577661], [291839.546799107, 4329523.110577661], [291779.546799107, 4329523.110577661], [291779.546799107, 4329463.110577661], [291749.546799107, 4329463.110577661], [291749.546799107, 4329343.110577661], [291719.546799107, 4329343.110577661], [291719.546799107, 4329313.110577661], [291749.546799107, 4329313.110577661], [291749.546799107, 4329223.110577661], [291779.546799107, 4329223.110577661], [291779.546799107, 4329193.110577661], [291809.546799107, 4329193.110577661], [291809.546799107, 4329103.110577661], [291839.546799107, 4329103.110577661], [291839.546799107, 4329073.110577661], [291749.546799107, 4329073.110577661], [291749.546799107, 4328983.110577661], [291779.546799107, 4328983.110577661], [291779.546799107, 4328953.110577661], [291809.546799107, 4328953.110577661], [291809.546799107, 4328653.110577661], [291869.546799107, 4328653.110577661], [291869.546799107, 4328623.110577661], [291899.546799107, 4328623.110577661], [291899.546799107, 4328413.110577661], [291869.546799107, 4328413.110577661], [291869.546799107, 4328353.110577661], [291779.546799107, 4328353.110577661], [291779.546799107, 4328383.110577661], [291719.546799107, 4328383.110577661], [291719.546799107, 4328413.110577661], [291659.546799107, 4328413.110577661], [291659.546799107, 4328383.110577661], [291629.546799107, 4328383.110577661], [291629.546799107, 4328263.110577661], [291659.546799107, 4328263.110577661], [291659.546799107, 4328203.110577661], [291629.546799107, 4328203.110577661], [291629.546799107, 4328233.110577661], [291569.546799107, 4328233.110577661], [291569.546799107, 4328203.110577661], [291449.546799107, 4328203.110577661], [291449.546799107, 4328143.110577661], [291419.546799107, 4328143.110577661], [291419.546799107, 4328083.110577661], [291389.546799107, 4328083.110577661], [291389.546799107, 4328053.110577661], [291419.546799107, 4328053.110577661], [291419.546799107, 4327993.110577661], [291449.546799107, 4327993.110577661], [291449.546799107, 4327903.110577661], [291389.546799107, 4327903.110577661], [291389.546799107, 4327873.110577661], [291329.546799107, 4327873.110577661], [291329.546799107, 4327903.110577661], [291299.546799107, 4327903.110577661], [291299.546799107, 4327843.110577661], [291209.546799107, 4327843.110577661], [291209.546799107, 4327783.110577661], [291179.546799107, 4327783.110577661], [291179.546799107, 4327543.110577661], [291329.546799107, 4327543.110577661], [291329.546799107, 4327483.110577661], [291359.546799107, 4327483.110577661], [291359.546799107, 4327423.110577661], [291299.546799107, 4327423.110577661], [291299.546799107, 4327363.110577661], [291269.546799107, 4327363.110577661], [291269.546799107, 4327303.110577661], [291239.546799107, 4327303.110577661], [291239.546799107, 4327273.110577661], [291269.546799107, 4327273.110577661], [291269.546799107, 4327213.110577661], [291299.546799107, 4327213.110577661], [291299.546799107, 4327183.110577661], [291329.546799107, 4327183.110577661], [291329.546799107, 4327063.110577661], [291299.546799107, 4327063.110577661], [291299.546799107, 4327033.110577661], [291209.546799107, 4327033.110577661], [291209.546799107, 4327063.110577661], [291149.546799107, 4327063.110577661], [291149.546799107, 4327033.110577661], [291089.546799107, 4327033.110577661], [291089.546799107, 4327003.110577661], [291059.546799107, 4327003.110577661], [291059.546799107, 4326973.110577661], [291029.546799107, 4326973.110577661], [291029.546799107, 4326793.110577661], [290969.546799107, 4326793.110577661], [290969.546799107, 4326763.110577661], [290939.546799107, 4326763.110577661], [290939.546799107, 4326703.110577661], [290909.546799107, 4326703.110577661], [290909.546799107, 4326583.110577661], [290999.546799107, 4326583.110577661], [290999.546799107, 4326613.110577661], [291029.546799107, 4326613.110577661], [291029.546799107, 4326583.110577661], [291059.546799107, 4326583.110577661], [291059.546799107, 4326613.110577661], [291089.546799107, 4326613.110577661], [291089.546799107, 4326523.110577661], [291119.546799107, 4326523.110577661], [291119.546799107, 4326313.110577661], [291059.546799107, 4326313.110577661], [291059.546799107, 4326253.110577661], [291029.546799107, 4326253.110577661], [291029.546799107, 4326223.110577661], [290969.546799107, 4326223.110577661], [290969.546799107, 4326103.110577661], [290999.546799107, 4326103.110577661], [290999.546799107, 4326013.110577661], [290969.546799107, 4326013.110577661], [290969.546799107, 4325983.110577661], [290939.546799107, 4325983.110577661], [290939.546799107, 4325863.110577661], [290999.546799107, 4325863.110577661], [290999.546799107, 4325803.110577661], [290969.546799107, 4325803.110577661], [290969.546799107, 4325713.110577661], [290909.546799107, 4325713.110577661], [290909.546799107, 4325623.110577661], [290939.546799107, 4325623.110577661], [290939.546799107, 4325533.110577661], [290909.546799107, 4325533.110577661], [290909.546799107, 4325503.110577661], [290879.546799107, 4325503.110577661], [290879.546799107, 4325443.110577661], [290789.546799107, 4325443.110577661], [290789.546799107, 4325383.110577661], [290759.546799107, 4325383.110577661], [290759.546799107, 4325293.110577661], [290669.546799107, 4325293.110577661], [290669.546799107, 4325323.110577661], [290609.546799107, 4325323.110577661], [290609.546799107, 4325173.110577661], [290639.546799107, 4325173.110577661], [290639.546799107, 4324933.110577661], [290699.546799107, 4324933.110577661], [290699.546799107, 4324903.110577661], [290729.546799107, 4324903.110577661], [290729.546799107, 4324873.110577661], [290819.546799107, 4324873.110577661], [290819.546799107, 4324933.110577661], [290909.546799107, 4324933.110577661], [290909.546799107, 4324903.110577661], [290999.546799107, 4324903.110577661], [290999.546799107, 4324873.110577661], [291059.546799107, 4324873.110577661], [291059.546799107, 4324843.110577661], [291089.546799107, 4324843.110577661], [291089.546799107, 4324873.110577661], [291119.546799107, 4324873.110577661], [291119.546799107, 4324903.110577661], [291149.546799107, 4324903.110577661], [291149.546799107, 4324963.110577661], [291119.546799107, 4324963.110577661], [291119.546799107, 4324993.110577661], [291089.546799107, 4324993.110577661], [291089.546799107, 4325023.110577661], [291119.546799107, 4325023.110577661], [291119.546799107, 4325113.110577661], [291209.546799107, 4325113.110577661], [291209.546799107, 4325143.110577661], [291239.546799107, 4325143.110577661], [291239.546799107, 4325173.110577661], [291269.546799107, 4325173.110577661], [291269.546799107, 4325203.110577661], [291299.546799107, 4325203.110577661], [291299.546799107, 4325233.110577661], [291329.546799107, 4325233.110577661], [291329.546799107, 4325263.110577661], [291449.546799107, 4325263.110577661], [291449.546799107, 4325233.110577661], [291509.546799107, 4325233.110577661], [291509.546799107, 4325263.110577661], [291569.546799107, 4325263.110577661], [291569.546799107, 4325323.110577661], [291599.546799107, 4325323.110577661], [291599.546799107, 4325353.110577661], [291659.546799107, 4325353.110577661], [291659.546799107, 4325443.110577661], [291689.546799107, 4325443.110577661], [291689.546799107, 4325473.110577661], [291659.546799107, 4325473.110577661], [291659.546799107, 4325593.110577661], [291749.546799107, 4325593.110577661], [291749.546799107, 4325503.110577661], [291809.546799107, 4325503.110577661], [291809.546799107, 4325473.110577661], [291869.546799107, 4325473.110577661], [291869.546799107, 4325443.110577661], [291929.546799107, 4325443.110577661], [291929.546799107, 4325473.110577661], [291959.546799107, 4325473.110577661], [291959.546799107, 4325503.110577661], [291989.546799107, 4325503.110577661], [291989.546799107, 4325473.110577661], [292049.546799107, 4325473.110577661], [292049.546799107, 4325503.110577661], [292079.546799107, 4325503.110577661], [292079.546799107, 4325473.110577661], [292109.546799107, 4325473.110577661], [292109.546799107, 4325443.110577661], [292139.546799107, 4325443.110577661], [292139.546799107, 4325413.110577661], [292229.546799107, 4325413.110577661], [292229.546799107, 4325383.110577661], [292259.546799107, 4325383.110577661], [292259.546799107, 4325443.110577661], [292319.546799107, 4325443.110577661], [292319.546799107, 4325563.110577661], [292289.546799107, 4325563.110577661], [292289.546799107, 4325623.110577661], [292319.546799107, 4325623.110577661], [292319.546799107, 4325593.110577661], [292349.546799107, 4325593.110577661], [292349.546799107, 4325743.110577661], [292319.546799107, 4325743.110577661], [292319.546799107, 4325773.110577661], [292349.546799107, 4325773.110577661], [292349.546799107, 4325833.110577661], [292319.546799107, 4325833.110577661], [292319.546799107, 4325863.110577661], [292289.546799107, 4325863.110577661], [292289.546799107, 4325923.110577661], [292259.546799107, 4325923.110577661], [292259.546799107, 4325953.110577661], [292199.546799107, 4325953.110577661], [292199.546799107, 4326013.110577661], [292229.546799107, 4326013.110577661], [292229.546799107, 4326043.110577661], [292499.546799107, 4326043.110577661], [292499.546799107, 4326073.110577661], [292529.546799107, 4326073.110577661], [292529.546799107, 4326103.110577661], [292559.546799107, 4326103.110577661], [292559.546799107, 4326133.110577661], [292619.546799107, 4326133.110577661], [292619.546799107, 4326163.110577661], [292649.546799107, 4326163.110577661], [292649.546799107, 4326193.110577661], [292679.546799107, 4326193.110577661], [292679.546799107, 4326223.110577661], [292769.546799107, 4326223.110577661], [292769.546799107, 4326253.110577661], [292889.546799107, 4326253.110577661], [292889.546799107, 4326223.110577661], [292979.546799107, 4326223.110577661], [292979.546799107, 4326193.110577661], [293009.546799107, 4326193.110577661], [293009.546799107, 4326223.110577661], [293039.546799107, 4326223.110577661], [293039.546799107, 4326253.110577661], [293069.546799107, 4326253.110577661], [293069.546799107, 4326373.110577661], [293099.546799107, 4326373.110577661], [293099.546799107, 4326433.110577661], [293069.546799107, 4326433.110577661], [293069.546799107, 4326463.110577661], [293099.546799107, 4326463.110577661], [293099.546799107, 4326523.110577661], [292979.546799107, 4326523.110577661], [292979.546799107, 4326613.110577661], [293009.546799107, 4326613.110577661], [293009.546799107, 4326643.110577661], [293099.546799107, 4326643.110577661], [293099.546799107, 4326703.110577661], [293159.546799107, 4326703.110577661], [293159.546799107, 4326733.110577661], [293219.546799107, 4326733.110577661], [293219.546799107, 4326793.110577661], [293249.546799107, 4326793.110577661], [293249.546799107, 4326853.110577661], [293219.546799107, 4326853.110577661], [293219.546799107, 4326913.110577661], [293189.546799107, 4326913.110577661], [293189.546799107, 4326973.110577661], [293159.546799107, 4326973.110577661], [293159.546799107, 4327093.110577661], [293189.546799107, 4327093.110577661], [293189.546799107, 4327123.110577661], [293249.546799107, 4327123.110577661], [293249.546799107, 4327183.110577661], [293309.546799107, 4327183.110577661], [293309.546799107, 4327123.110577661], [293399.546799107, 4327123.110577661], [293399.546799107, 4327153.110577661], [293429.546799107, 4327153.110577661], [293429.546799107, 4327183.110577661], [293489.546799107, 4327183.110577661], [293489.546799107, 4327213.110577661], [293519.546799107, 4327213.110577661], [293519.546799107, 4327273.110577661], [293549.546799107, 4327273.110577661], [293549.546799107, 4327333.110577661], [293579.546799107, 4327333.110577661], [293579.546799107, 4327363.110577661], [293669.546799107, 4327363.110577661], [293669.546799107, 4327393.110577661], [293789.546799107, 4327393.110577661], [293789.546799107, 4327483.110577661], [293819.546799107, 4327483.110577661], [293819.546799107, 4327513.110577661], [293849.546799107, 4327513.110577661], [293849.546799107, 4327543.110577661], [293879.546799107, 4327543.110577661], [293879.546799107, 4327663.110577661], [293939.546799107, 4327663.110577661], [293939.546799107, 4327693.110577661], [293969.546799107, 4327693.110577661], [293969.546799107, 4327663.110577661], [294029.546799107, 4327663.110577661], [294029.546799107, 4327633.110577661], [294209.546799107, 4327633.110577661], [294209.546799107, 4327693.110577661], [294269.546799107, 4327693.110577661], [294269.546799107, 4327723.110577661], [294329.546799107, 4327723.110577661], [294329.546799107, 4327753.110577661], [294389.546799107, 4327753.110577661], [294389.546799107, 4327783.110577661], [294449.546799107, 4327783.110577661], [294449.546799107, 4327693.110577661], [294479.546799107, 4327693.110577661], [294479.546799107, 4327633.110577661], [294509.546799107, 4327633.110577661], [294509.546799107, 4327573.110577661], [294539.546799107, 4327573.110577661], [294539.546799107, 4327513.110577661], [294599.546799107, 4327513.110577661], [294599.546799107, 4327543.110577661], [294689.546799107, 4327543.110577661], [294689.546799107, 4327573.110577661], [294659.546799107, 4327573.110577661], [294659.546799107, 4327693.110577661], [294689.546799107, 4327693.110577661], [294689.546799107, 4327723.110577661], [294659.546799107, 4327723.110577661], [294659.546799107, 4327873.110577661], [294719.546799107, 4327873.110577661], [294719.546799107, 4327963.110577661], [294749.546799107, 4327963.110577661], [294749.546799107, 4327993.110577661], [294839.546799107, 4327993.110577661], [294839.546799107, 4327843.110577661], [294959.546799107, 4327843.110577661], [294959.546799107, 4327963.110577661], [294989.546799107, 4327963.110577661], [294989.546799107, 4328023.110577661], [295079.546799107, 4328023.110577661], [295079.546799107, 4328053.110577661], [295139.546799107, 4328053.110577661], [295139.546799107, 4328023.110577661], [295169.546799107, 4328023.110577661], [295169.546799107, 4327993.110577661], [295259.546799107, 4327993.110577661], [295259.546799107, 4328023.110577661], [295289.546799107, 4328023.110577661], [295289.546799107, 4328053.110577661], [295319.546799107, 4328053.110577661], [295319.546799107, 4328113.110577661], [295289.546799107, 4328113.110577661], [295289.546799107, 4328143.110577661], [295319.546799107, 4328143.110577661], [295319.546799107, 4328173.110577661], [295349.546799107, 4328173.110577661], [295349.546799107, 4328233.110577661], [295439.546799107, 4328233.110577661], [295439.546799107, 4328263.110577661], [295469.546799107, 4328263.110577661], [295469.546799107, 4328233.110577661], [295529.546799107, 4328233.110577661], [295529.546799107, 4328143.110577661], [295559.546799107, 4328143.110577661], [295559.546799107, 4328083.110577661], [295619.546799107, 4328083.110577661], [295619.546799107, 4328053.110577661], [295649.546799107, 4328053.110577661], [295649.546799107, 4328023.110577661], [295679.546799107, 4328023.110577661], [295679.546799107, 4327993.110577661], [295739.546799107, 4327993.110577661], [295739.546799107, 4328023.110577661], [295799.546799107, 4328023.110577661], [295799.546799107, 4328053.110577661], [295829.546799107, 4328053.110577661], [295829.546799107, 4328143.110577661], [295799.546799107, 4328143.110577661], [295799.546799107, 4328203.110577661], [295769.546799107, 4328203.110577661], [295769.546799107, 4328233.110577661], [295859.546799107, 4328233.110577661], [295859.546799107, 4328263.110577661], [295889.546799107, 4328263.110577661], [295889.546799107, 4328323.110577661], [295979.546799107, 4328323.110577661], [295979.546799107, 4328353.110577661], [296009.546799107, 4328353.110577661], [296009.546799107, 4328383.110577661], [296039.546799107, 4328383.110577661], [296039.546799107, 4328443.110577661], [296069.546799107, 4328443.110577661], [296069.546799107, 4328473.110577661], [296099.546799107, 4328473.110577661], [296099.546799107, 4328503.110577661], [296129.546799107, 4328503.110577661], [296129.546799107, 4328623.110577661], [296159.546799107, 4328623.110577661], [296159.546799107, 4328683.110577661], [296189.546799107, 4328683.110577661], [296189.546799107, 4328713.110577661], [296219.546799107, 4328713.110577661], [296219.546799107, 4328803.110577661], [296309.546799107, 4328803.110577661], [296309.546799107, 4329013.110577661], [296339.546799107, 4329013.110577661], [296339.546799107, 4329103.110577661], [296309.546799107, 4329103.110577661], [296309.546799107, 4329373.110577661], [296369.546799107, 4329373.110577661], [296369.546799107, 4329403.110577661], [296429.546799107, 4329403.110577661], [296429.546799107, 4329433.110577661], [296459.546799107, 4329433.110577661], [296459.546799107, 4329403.110577661], [296489.546799107, 4329403.110577661], [296489.546799107, 4329433.110577661], [296519.546799107, 4329433.110577661], [296519.546799107, 4329403.110577661], [296549.546799107, 4329403.110577661], [296549.546799107, 4329463.110577661], [296519.546799107, 4329463.110577661], [296519.546799107, 4329523.110577661], [296579.546799107, 4329523.110577661], [296579.546799107, 4329553.110577661], [296639.546799107, 4329553.110577661], [296639.546799107, 4329613.110577661], [296699.546799107, 4329613.110577661], [296699.546799107, 4329583.110577661], [296759.546799107, 4329583.110577661], [296759.546799107, 4329673.110577661], [296789.546799107, 4329673.110577661], [296789.546799107, 4329853.110577661], [296909.546799107, 4329853.110577661], [296909.546799107, 4329823.110577661], [296939.546799107, 4329823.110577661], [296939.546799107, 4329793.110577661], [296969.546799107, 4329793.110577661], [296969.546799107, 4329763.110577661], [297029.546799107, 4329763.110577661], [297029.546799107, 4329733.110577661], [297059.546799107, 4329733.110577661], [297059.546799107, 4329763.110577661], [297149.546799107, 4329763.110577661], [297149.546799107, 4329793.110577661], [297119.546799107, 4329793.110577661], [297119.546799107, 4329853.110577661], [297149.546799107, 4329853.110577661], [297149.546799107, 4329883.110577661], [297179.546799107, 4329883.110577661], [297179.546799107, 4329943.110577661], [297239.546799107, 4329943.110577661], [297239.546799107, 4329973.110577661], [297299.546799107, 4329973.110577661], [297299.546799107, 4330033.110577661], [297329.546799107, 4330033.110577661], [297329.546799107, 4330093.110577661], [297359.546799107, 4330093.110577661], [297359.546799107, 4330123.110577661], [297389.546799107, 4330123.110577661], [297389.546799107, 4330153.110577661], [297419.546799107, 4330153.110577661], [297419.546799107, 4330123.110577661], [297569.546799107, 4330123.110577661], [297569.546799107, 4330183.110577661], [297659.546799107, 4330183.110577661], [297659.546799107, 4330213.110577661], [297689.546799107, 4330213.110577661], [297689.546799107, 4330303.110577661], [297719.546799107, 4330303.110577661], [297719.546799107, 4330393.110577661], [297749.546799107, 4330393.110577661], [297749.546799107, 4330483.110577661], [297719.546799107, 4330483.110577661], [297719.546799107, 4330573.110577661], [297689.546799107, 4330573.110577661], [297689.546799107, 4330633.110577661], [297719.546799107, 4330633.110577661], [297719.546799107, 4330663.110577661], [297749.546799107, 4330663.110577661], [297749.546799107, 4330783.110577661], [297779.546799107, 4330783.110577661], [297779.546799107, 4330813.110577661], [297899.546799107, 4330813.110577661], [297899.546799107, 4330843.110577661], [297869.546799107, 4330843.110577661], [297869.546799107, 4330933.110577661], [297989.546799107, 4330933.110577661], [297989.546799107, 4331023.110577661], [298019.546799107, 4331023.110577661], [298019.546799107, 4331143.110577661], [297929.546799107, 4331143.110577661], [297929.546799107, 4331263.110577661], [297959.546799107, 4331263.110577661], [297959.546799107, 4331293.110577661], [298019.546799107, 4331293.110577661], [298019.546799107, 4331323.110577661], [298109.546799107, 4331323.110577661], [298109.546799107, 4331353.110577661], [298139.546799107, 4331353.110577661], [298139.546799107, 4331383.110577661], [298169.546799107, 4331383.110577661], [298169.546799107, 4331413.110577661], [298199.546799107, 4331413.110577661], [298199.546799107, 4331443.110577661], [298229.546799107, 4331443.110577661], [298229.546799107, 4331563.110577661], [298289.546799107, 4331563.110577661], [298289.546799107, 4331593.110577661], [298319.546799107, 4331593.110577661], [298319.546799107, 4331683.110577661], [298289.546799107, 4331683.110577661], [298289.546799107, 4331713.110577661], [298319.546799107, 4331713.110577661], [298319.546799107, 4331773.110577661], [298289.546799107, 4331773.110577661], [298289.546799107, 4331863.110577661], [298319.546799107, 4331863.110577661], [298319.546799107, 4331893.110577661], [298349.546799107, 4331893.110577661], [298349.546799107, 4331863.110577661], [298409.546799107, 4331863.110577661], [298409.546799107, 4331983.110577661], [298439.546799107, 4331983.110577661], [298439.546799107, 4332073.110577661], [298409.546799107, 4332073.110577661], [298409.546799107, 4332103.110577661], [298379.546799107, 4332103.110577661], [298379.546799107, 4332133.110577661], [298349.546799107, 4332133.110577661], [298349.546799107, 4332193.110577661], [298319.546799107, 4332193.110577661], [298319.546799107, 4332343.110577661], [298439.546799107, 4332343.110577661], [298439.546799107, 4332373.110577661], [298469.546799107, 4332373.110577661], [298469.546799107, 4332403.110577661], [298529.546799107, 4332403.110577661], [298529.546799107, 4332373.110577661], [298559.546799107, 4332373.110577661], [298559.546799107, 4332343.110577661], [298619.546799107, 4332343.110577661], [298619.546799107, 4332373.110577661], [298649.546799107, 4332373.110577661], [298649.546799107, 4332583.110577661], [298619.546799107, 4332583.110577661], [298619.546799107, 4332613.110577661], [298589.546799107, 4332613.110577661], [298589.546799107, 4332643.110577661], [298469.546799107, 4332643.110577661], [298469.546799107, 4332703.110577661], [298529.546799107, 4332703.110577661], [298529.546799107, 4332883.110577661], [298559.546799107, 4332883.110577661], [298559.546799107, 4333003.110577661], [298619.546799107, 4333003.110577661], [298619.546799107, 4333033.110577661], [298649.546799107, 4333033.110577661], [298649.546799107, 4333063.110577661], [298739.546799107, 4333063.110577661], [298739.546799107, 4333093.110577661], [298709.546799107, 4333093.110577661], [298709.546799107, 4333123.110577661], [298739.546799107, 4333123.110577661], [298739.546799107, 4333153.110577661], [298769.546799107, 4333153.110577661], [298769.546799107, 4333183.110577661], [298799.546799107, 4333183.110577661], [298799.546799107, 4333213.110577661], [298679.546799107, 4333213.110577661], [298679.546799107, 4333303.110577661], [298649.546799107, 4333303.110577661], [298649.546799107, 4333333.110577661], [298619.546799107, 4333333.110577661], [298619.546799107, 4333363.110577661], [298649.546799107, 4333363.110577661], [298649.546799107, 4333393.110577661], [298739.546799107, 4333393.110577661], [298739.546799107, 4333423.110577661], [298829.546799107, 4333423.110577661], [298829.546799107, 4333453.110577661], [298859.546799107, 4333453.110577661], [298859.546799107, 4333513.110577661], [298889.546799107, 4333513.110577661], [298889.546799107, 4333573.110577661], [299009.546799107, 4333573.110577661], [299009.546799107, 4333603.110577661], [299069.546799107, 4333603.110577661], [299069.546799107, 4333633.110577661], [299039.546799107, 4333633.110577661], [299039.546799107, 4333693.110577661], [299009.546799107, 4333693.110577661], [299009.546799107, 4333723.110577661], [298979.546799107, 4333723.110577661], [298979.546799107, 4333843.110577661], [298949.546799107, 4333843.110577661], [298949.546799107, 4333933.110577661], [298979.546799107, 4333933.110577661], [298979.546799107, 4334053.110577661], [299009.546799107, 4334053.110577661], [299009.546799107, 4334173.110577661], [298919.546799107, 4334173.110577661], [298919.546799107, 4334263.110577661], [298859.546799107, 4334263.110577661], [298859.546799107, 4334353.110577661], [298889.546799107, 4334353.110577661], [298889.546799107, 4334533.110577661], [298859.546799107, 4334533.110577661], [298859.546799107, 4334563.110577661], [298919.546799107, 4334563.110577661], [298919.546799107, 4334593.110577661], [298889.546799107, 4334593.110577661], [298889.546799107, 4334743.110577661], [298919.546799107, 4334743.110577661], [298919.546799107, 4334773.110577661], [298949.546799107, 4334773.110577661], [298949.546799107, 4334803.110577661], [299039.546799107, 4334803.110577661], [299039.546799107, 4334863.110577661], [299069.546799107, 4334863.110577661], [299069.546799107, 4334893.110577661], [299039.546799107, 4334893.110577661], [299039.546799107, 4335013.110577661], [299069.546799107, 4335013.110577661], [299069.546799107, 4335133.110577661], [299159.546799107, 4335133.110577661], [299159.546799107, 4335283.110577661], [299189.546799107, 4335283.110577661], [299189.546799107, 4335313.110577661], [299159.546799107, 4335313.110577661], [299159.546799107, 4335403.110577661], [299129.546799107, 4335403.110577661], [299129.546799107, 4335433.110577661], [299189.546799107, 4335433.110577661], [299189.546799107, 4335523.110577661], [299159.546799107, 4335523.110577661], [299159.546799107, 4335613.110577661], [299249.546799107, 4335613.110577661], [299249.546799107, 4335733.110577661], [299279.546799107, 4335733.110577661], [299279.546799107, 4335793.110577661], [299309.546799107, 4335793.110577661], [299309.546799107, 4335883.110577661], [299369.546799107, 4335883.110577661], [299369.546799107, 4335913.110577661], [299399.546799107, 4335913.110577661], [299399.546799107, 4335883.110577661], [299429.546799107, 4335883.110577661], [299429.546799107, 4335913.110577661], [299459.546799107, 4335913.110577661], [299459.546799107, 4335973.110577661], [299429.546799107, 4335973.110577661], [299429.546799107, 4336003.110577661], [299399.546799107, 4336003.110577661], [299399.546799107, 4336063.110577661], [299459.546799107, 4336063.110577661], [299459.546799107, 4336093.110577661], [299549.546799107, 4336093.110577661], [299549.546799107, 4336183.110577661], [299519.546799107, 4336183.110577661], [299519.546799107, 4336213.110577661], [299429.546799107, 4336213.110577661], [299429.546799107, 4336273.110577661], [299459.546799107, 4336273.110577661], [299459.546799107, 4336303.110577661], [299489.546799107, 4336303.110577661], [299489.546799107, 4336333.110577661], [299549.546799107, 4336333.110577661], [299549.546799107, 4336423.110577661], [299579.546799107, 4336423.110577661], [299579.546799107, 4336513.110577661], [299609.546799107, 4336513.110577661], [299609.546799107, 4336753.110577661], [299639.546799107, 4336753.110577661], [299639.546799107, 4336873.110577661], [299609.546799107, 4336873.110577661], [299609.546799107, 4336903.110577661], [299489.546799107, 4336903.110577661], [299489.546799107, 4336933.110577661], [299459.546799107, 4336933.110577661], [299459.546799107, 4336963.110577661], [299399.546799107, 4336963.110577661], [299399.546799107, 4337023.110577661], [299369.546799107, 4337023.110577661], [299369.546799107, 4337053.110577661], [299339.546799107, 4337053.110577661], [299339.546799107, 4337173.110577661], [299399.546799107, 4337173.110577661], [299399.546799107, 4337353.110577661], [299369.546799107, 4337353.110577661], [299369.546799107, 4337413.110577661], [299399.546799107, 4337413.110577661], [299399.546799107, 4337443.110577661], [299459.546799107, 4337443.110577661], [299459.546799107, 4337473.110577661], [299729.546799107, 4337473.110577661], [299729.546799107, 4337713.110577661], [299699.546799107, 4337713.110577661], [299699.546799107, 4337743.110577661], [299729.546799107, 4337743.110577661], [299729.546799107, 4337773.110577661], [299759.546799107, 4337773.110577661], [299759.546799107, 4337803.110577661], [299849.546799107, 4337803.110577661], [299849.546799107, 4337893.110577661], [299879.546799107, 4337893.110577661], [299879.546799107, 4337923.110577661], [299999.546799107, 4337923.110577661], [299999.546799107, 4337953.110577661], [300059.546799107, 4337953.110577661], [300059.546799107, 4337923.110577661], [300119.546799107, 4337923.110577661], [300119.546799107, 4337893.110577661], [300179.546799107, 4337893.110577661], [300179.546799107, 4337863.110577661], [300209.546799107, 4337863.110577661], [300209.546799107, 4337833.110577661], [300239.546799107, 4337833.110577661], [300239.546799107, 4337773.110577661], [300299.546799107, 4337773.110577661], [300299.546799107, 4337743.110577661], [300329.546799107, 4337743.110577661], [300329.546799107, 4337713.110577661], [300359.546799107, 4337713.110577661], [300359.546799107, 4337773.110577661], [300389.546799107, 4337773.110577661], [300389.546799107, 4337803.110577661], [300419.546799107, 4337803.110577661], [300419.546799107, 4337773.110577661], [300449.546799107, 4337773.110577661], [300449.546799107, 4337713.110577661], [300479.546799107, 4337713.110577661], [300479.546799107, 4337653.110577661], [300659.546799107, 4337653.110577661], [300659.546799107, 4337683.110577661], [300689.546799107, 4337683.110577661], [300689.546799107, 4337713.110577661], [300719.546799107, 4337713.110577661], [300719.546799107, 4337833.110577661], [300689.546799107, 4337833.110577661], [300689.546799107, 4337863.110577661], [300659.546799107, 4337863.110577661], [300659.546799107, 4337953.110577661], [300719.546799107, 4337953.110577661], [300719.546799107, 4337983.110577661], [300809.546799107, 4337983.110577661], [300809.546799107, 4338013.110577661], [300869.546799107, 4338013.110577661], [300869.546799107, 4338133.110577661], [300899.546799107, 4338133.110577661], [300899.546799107, 4338223.110577661], [300929.546799107, 4338223.110577661], [300929.546799107, 4338253.110577661], [301019.546799107, 4338253.110577661], [301019.546799107, 4338283.110577661], [301049.546799107, 4338283.110577661], [301049.546799107, 4338313.110577661], [301169.546799107, 4338313.110577661], [301169.546799107, 4338583.110577661], [301199.546799107, 4338583.110577661], [301199.546799107, 4338553.110577661], [301229.546799107, 4338553.110577661], [301229.546799107, 4338523.110577661], [301289.546799107, 4338523.110577661], [301289.546799107, 4338403.110577661], [301319.546799107, 4338403.110577661], [301319.546799107, 4338373.110577661], [301499.546799107, 4338373.110577661], [301499.546799107, 4338343.110577661], [301589.546799107, 4338343.110577661], [301589.546799107, 4338253.110577661], [301619.546799107, 4338253.110577661], [301619.546799107, 4338283.110577661], [301649.546799107, 4338283.110577661], [301649.546799107, 4338313.110577661], [301679.546799107, 4338313.110577661], [301679.546799107, 4338403.110577661], [301769.546799107, 4338403.110577661], [301769.546799107, 4338373.110577661], [301829.546799107, 4338373.110577661], [301829.546799107, 4338343.110577661], [301889.546799107, 4338343.110577661], [301889.546799107, 4338373.110577661], [301919.546799107, 4338373.110577661], [301919.546799107, 4338403.110577661], [301979.546799107, 4338403.110577661], [301979.546799107, 4338373.110577661], [302039.546799107, 4338373.110577661], [302039.546799107, 4338673.110577661], [302069.546799107, 4338673.110577661], [302069.546799107, 4338793.110577661], [302039.546799107, 4338793.110577661], [302039.546799107, 4338823.110577661], [302069.546799107, 4338823.110577661], [302069.546799107, 4338943.110577661], [302129.546799107, 4338943.110577661], [302129.546799107, 4338913.110577661], [302189.546799107, 4338913.110577661], [302189.546799107, 4338973.110577661], [302309.546799107, 4338973.110577661], [302309.546799107, 4339063.110577661], [302339.546799107, 4339063.110577661], [302339.546799107, 4339153.110577661], [302369.546799107, 4339153.110577661], [302369.546799107, 4339243.110577661], [302399.546799107, 4339243.110577661], [302399.546799107, 4339273.110577661], [302429.546799107, 4339273.110577661], [302429.546799107, 4339243.110577661], [302459.546799107, 4339243.110577661], [302459.546799107, 4339273.110577661], [302489.546799107, 4339273.110577661], [302489.546799107, 4339363.110577661], [302459.546799107, 4339363.110577661], [302459.546799107, 4339453.110577661], [302489.546799107, 4339453.110577661], [302489.546799107, 4339513.110577661], [302519.546799107, 4339513.110577661], [302519.546799107, 4339543.110577661], [302579.546799107, 4339543.110577661], [302579.546799107, 4339513.110577661], [302639.546799107, 4339513.110577661], [302639.546799107, 4339573.110577661], [302789.546799107, 4339573.110577661], [302789.546799107, 4339513.110577661], [302849.546799107, 4339513.110577661], [302849.546799107, 4339663.110577661], [302879.546799107, 4339663.110577661], [302879.546799107, 4339723.110577661], [302909.546799107, 4339723.110577661], [302909.546799107, 4339783.110577661], [302969.546799107, 4339783.110577661], [302969.546799107, 4339813.110577661], [302999.546799107, 4339813.110577661], [302999.546799107, 4339873.110577661], [303029.546799107, 4339873.110577661], [303029.546799107, 4339993.110577661], [303059.546799107, 4339993.110577661], [303059.546799107, 4340233.110577661], [303089.546799107, 4340233.110577661], [303089.546799107, 4340293.110577661], [303059.546799107, 4340293.110577661], [303059.546799107, 4340323.110577661], [303029.546799107, 4340323.110577661], [303029.546799107, 4340353.110577661], [302969.546799107, 4340353.110577661], [302969.546799107, 4340293.110577661], [302909.546799107, 4340293.110577661], [302909.546799107, 4340353.110577661], [302879.546799107, 4340353.110577661], [302879.546799107, 4340503.110577661], [302909.546799107, 4340503.110577661], [302909.546799107, 4340653.110577661], [302939.546799107, 4340653.110577661], [302939.546799107, 4340683.110577661], [302999.546799107, 4340683.110577661], [302999.546799107, 4340713.110577661], [303029.546799107, 4340713.110577661], [303029.546799107, 4340743.110577661], [303149.546799107, 4340743.110577661], [303149.546799107, 4340773.110577661], [303179.546799107, 4340773.110577661], [303179.546799107, 4340743.110577661], [303269.546799107, 4340743.110577661], [303269.546799107, 4340773.110577661], [303299.546799107, 4340773.110577661], [303299.546799107, 4340833.110577661], [303329.546799107, 4340833.110577661], [303329.546799107, 4340863.110577661], [303299.546799107, 4340863.110577661], [303299.546799107, 4340893.110577661], [303329.546799107, 4340893.110577661], [303329.546799107, 4340923.110577661], [303509.546799107, 4340923.110577661], [303509.546799107, 4340953.110577661], [303539.546799107, 4340953.110577661], [303539.546799107, 4340983.110577661], [303569.546799107, 4340983.110577661], [303569.546799107, 4341073.110577661], [303599.546799107, 4341073.110577661], [303599.546799107, 4341133.110577661], [303659.546799107, 4341133.110577661], [303659.546799107, 4341163.110577661], [303689.546799107, 4341163.110577661], [303689.546799107, 4341193.110577661], [303719.546799107, 4341193.110577661], [303719.546799107, 4341223.110577661], [303749.546799107, 4341223.110577661], [303749.546799107, 4341313.110577661], [303779.546799107, 4341313.110577661], [303779.546799107, 4341343.110577661], [303839.546799107, 4341343.110577661], [303839.546799107, 4341313.110577661], [303869.546799107, 4341313.110577661], [303869.546799107, 4341283.110577661], [303929.546799107, 4341283.110577661], [303929.546799107, 4341253.110577661], [303959.546799107, 4341253.110577661], [303959.546799107, 4341223.110577661], [304079.546799107, 4341223.110577661], [304079.546799107, 4341193.110577661], [304109.546799107, 4341193.110577661], [304109.546799107, 4341223.110577661], [304229.546799107, 4341223.110577661], [304229.546799107, 4341313.110577661], [304199.546799107, 4341313.110577661], [304199.546799107, 4341343.110577661], [304169.546799107, 4341343.110577661], [304169.546799107, 4341403.110577661], [304199.546799107, 4341403.110577661], [304199.546799107, 4341493.110577661], [304259.546799107, 4341493.110577661], [304259.546799107, 4341523.110577661], [304319.546799107, 4341523.110577661], [304319.546799107, 4341553.110577661], [304409.546799107, 4341553.110577661], [304409.546799107, 4341523.110577661], [304439.546799107, 4341523.110577661], [304439.546799107, 4341613.110577661], [304409.546799107, 4341613.110577661], [304409.546799107, 4341643.110577661], [304439.546799107, 4341643.110577661], [304439.546799107, 4341673.110577661], [304469.546799107, 4341673.110577661], [304469.546799107, 4341703.110577661], [304589.546799107, 4341703.110577661], [304589.546799107, 4341673.110577661], [304619.546799107, 4341673.110577661], [304619.546799107, 4341703.110577661], [304649.546799107, 4341703.110577661], [304649.546799107, 4341763.110577661], [304679.546799107, 4341763.110577661], [304679.546799107, 4341793.110577661], [304649.546799107, 4341793.110577661], [304649.546799107, 4341823.110577661], [304679.546799107, 4341823.110577661], [304679.546799107, 4341853.110577661], [304649.546799107, 4341853.110577661], [304649.546799107, 4341913.110577661], [304619.546799107, 4341913.110577661], [304619.546799107, 4342033.110577661], [304739.546799107, 4342033.110577661], [304739.546799107, 4342003.110577661], [304769.546799107, 4342003.110577661], [304769.546799107, 4342063.110577661], [304829.546799107, 4342063.110577661], [304829.546799107, 4342033.110577661], [304859.546799107, 4342033.110577661], [304859.546799107, 4342063.110577661], [304919.546799107, 4342063.110577661], [304919.546799107, 4342183.110577661], [304949.546799107, 4342183.110577661], [304949.546799107, 4342213.110577661], [305009.546799107, 4342213.110577661], [305009.546799107, 4342273.110577661], [305039.546799107, 4342273.110577661], [305039.546799107, 4342303.110577661], [305099.546799107, 4342303.110577661], [305099.546799107, 4342333.110577661], [305279.546799107, 4342333.110577661], [305279.546799107, 4342303.110577661], [305339.546799107, 4342303.110577661], [305339.546799107, 4342273.110577661], [305369.546799107, 4342273.110577661], [305369.546799107, 4342363.110577661], [305489.546799107, 4342363.110577661], [305489.546799107, 4342333.110577661], [305519.546799107, 4342333.110577661], [305519.546799107, 4342363.110577661], [305549.546799107, 4342363.110577661], [305549.546799107, 4342333.110577661], [305609.546799107, 4342333.110577661], [305609.546799107, 4342363.110577661], [305639.546799107, 4342363.110577661], [305639.546799107, 4342393.110577661], [305669.546799107, 4342393.110577661], [305669.546799107, 4342363.110577661], [305699.546799107, 4342363.110577661], [305699.546799107, 4342393.110577661], [305789.546799107, 4342393.110577661], [305789.546799107, 4342453.110577661], [305819.546799107, 4342453.110577661], [305819.546799107, 4342483.110577661], [305849.546799107, 4342483.110577661], [305849.546799107, 4342453.110577661], [305879.546799107, 4342453.110577661], [305879.546799107, 4342543.110577661], [305939.546799107, 4342543.110577661], [305939.546799107, 4342723.110577661], [305909.546799107, 4342723.110577661], [305909.546799107, 4342783.110577661], [305939.546799107, 4342783.110577661], [305939.546799107, 4342813.110577661], [305999.546799107, 4342813.110577661], [305999.546799107, 4342843.110577661], [305969.546799107, 4342843.110577661], [305969.546799107, 4342903.110577661], [305939.546799107, 4342903.110577661], [305939.546799107, 4343053.110577661], [305969.546799107, 4343053.110577661], [305969.546799107, 4343203.110577661], [305999.546799107, 4343203.110577661], [305999.546799107, 4343263.110577661], [305969.546799107, 4343263.110577661], [305969.546799107, 4343443.110577661], [305939.546799107, 4343443.110577661], [305939.546799107, 4343503.110577661], [305909.546799107, 4343503.110577661], [305909.546799107, 4343533.110577661], [305879.546799107, 4343533.110577661], [305879.546799107, 4343623.110577661], [305909.546799107, 4343623.110577661], [305909.546799107, 4343683.110577661], [305939.546799107, 4343683.110577661], [305939.546799107, 4343833.110577661], [305909.546799107, 4343833.110577661], [305909.546799107, 4343893.110577661], [305819.546799107, 4343893.110577661], [305819.546799107, 4344013.110577661], [305849.546799107, 4344013.110577661], [305849.546799107, 4344043.110577661], [305819.546799107, 4344043.110577661], [305819.546799107, 4344073.110577661], [305849.546799107, 4344073.110577661], [305849.546799107, 4344163.110577661], [305879.546799107, 4344163.110577661], [305879.546799107, 4344193.110577661], [305909.546799107, 4344193.110577661], [305909.546799107, 4344223.110577661], [305939.546799107, 4344223.110577661], [305939.546799107, 4344253.110577661], [305969.546799107, 4344253.110577661], [305969.546799107, 4344283.110577661], [306029.546799107, 4344283.110577661], [306029.546799107, 4344343.110577661], [306059.546799107, 4344343.110577661], [306059.546799107, 4344433.110577661], [306029.546799107, 4344433.110577661], [306029.546799107, 4344553.110577661], [305999.546799107, 4344553.110577661], [305999.546799107, 4344583.110577661], [305969.546799107, 4344583.110577661], [305969.546799107, 4344613.110577661], [305939.546799107, 4344613.110577661], [305939.546799107, 4344673.110577661], [305909.546799107, 4344673.110577661], [305909.546799107, 4344703.110577661], [305819.546799107, 4344703.110577661], [305819.546799107, 4344763.110577661], [305789.546799107, 4344763.110577661], [305789.546799107, 4344793.110577661], [305819.546799107, 4344793.110577661], [305819.546799107, 4344853.110577661], [305789.546799107, 4344853.110577661], [305789.546799107, 4344883.110577661], [305729.546799107, 4344883.110577661], [305729.546799107, 4344913.110577661], [305759.546799107, 4344913.110577661], [305759.546799107, 4344943.110577661], [305819.546799107, 4344943.110577661], [305819.546799107, 4345063.110577661], [305789.546799107, 4345063.110577661], [305789.546799107, 4345123.110577661], [305819.546799107, 4345123.110577661], [305819.546799107, 4345153.110577661], [305849.546799107, 4345153.110577661], [305849.546799107, 4345273.110577661], [305879.546799107, 4345273.110577661], [305879.546799107, 4345303.110577661], [305939.546799107, 4345303.110577661], [305939.546799107, 4345333.110577661], [305969.546799107, 4345333.110577661], [305969.546799107, 4345363.110577661], [305999.546799107, 4345363.110577661], [305999.546799107, 4345483.110577661], [306029.546799107, 4345483.110577661], [306029.546799107, 4345513.110577661], [306059.546799107, 4345513.110577661], [306059.546799107, 4345543.110577661], [306089.546799107, 4345543.110577661], [306089.546799107, 4345573.110577661], [306119.546799107, 4345573.110577661], [306119.546799107, 4345603.110577661], [306089.546799107, 4345603.110577661], [306089.546799107, 4345663.110577661], [306119.546799107, 4345663.110577661], [306119.546799107, 4345693.110577661], [306269.546799107, 4345693.110577661], [306269.546799107, 4345723.110577661], [306329.546799107, 4345723.110577661], [306329.546799107, 4345753.110577661], [306359.546799107, 4345753.110577661], [306359.546799107, 4345723.110577661], [306389.546799107, 4345723.110577661], [306389.546799107, 4345753.110577661], [306419.546799107, 4345753.110577661], [306419.546799107, 4345813.110577661], [306479.546799107, 4345813.110577661], [306479.546799107, 4345903.110577661], [306509.546799107, 4345903.110577661], [306509.546799107, 4345933.110577661], [306539.546799107, 4345933.110577661], [306539.546799107, 4345963.110577661], [306569.546799107, 4345963.110577661], [306569.546799107, 4345993.110577661], [306689.546799107, 4345993.110577661], [306689.546799107, 4346023.110577661], [306869.546799107, 4346023.110577661], [306869.546799107, 4345993.110577661], [306929.546799107, 4345993.110577661], [306929.546799107, 4346023.110577661], [306989.546799107, 4346023.110577661], [306989.546799107, 4345993.110577661], [307259.546799107, 4345993.110577661], [307259.546799107, 4345963.110577661], [307289.546799107, 4345963.110577661], [307289.546799107, 4345993.110577661], [307319.546799107, 4345993.110577661], [307319.546799107, 4346083.110577661], [307349.546799107, 4346083.110577661], [307349.546799107, 4346113.110577661], [307319.546799107, 4346113.110577661], [307319.546799107, 4346203.110577661], [307379.546799107, 4346203.110577661], [307379.546799107, 4346353.110577661], [307409.546799107, 4346353.110577661], [307409.546799107, 4346383.110577661], [307439.546799107, 4346383.110577661], [307439.546799107, 4346533.110577661], [307409.546799107, 4346533.110577661], [307409.546799107, 4346593.110577661], [307469.546799107, 4346593.110577661], [307469.546799107, 4346623.110577661], [307559.546799107, 4346623.110577661], [307559.546799107, 4346593.110577661], [307589.546799107, 4346593.110577661], [307589.546799107, 4346683.110577661], [307679.546799107, 4346683.110577661], [307679.546799107, 4346743.110577661], [307709.546799107, 4346743.110577661], [307709.546799107, 4346803.110577661], [307679.546799107, 4346803.110577661], [307679.546799107, 4346833.110577661], [307709.546799107, 4346833.110577661], [307709.546799107, 4346893.110577661], [307739.546799107, 4346893.110577661], [307739.546799107, 4346923.110577661], [307769.546799107, 4346923.110577661], [307769.546799107, 4346953.110577661], [307829.546799107, 4346953.110577661], [307829.546799107, 4346983.110577661], [307859.546799107, 4346983.110577661], [307859.546799107, 4347013.110577661], [307889.546799107, 4347013.110577661], [307889.546799107, 4347103.110577661], [307859.546799107, 4347103.110577661], [307859.546799107, 4347163.110577661], [307829.546799107, 4347163.110577661], [307829.546799107, 4347253.110577661], [307769.546799107, 4347253.110577661], [307769.546799107, 4347283.110577661], [307739.546799107, 4347283.110577661], [307739.546799107, 4347313.110577661], [307769.546799107, 4347313.110577661], [307769.546799107, 4347373.110577661], [307739.546799107, 4347373.110577661], [307739.546799107, 4347403.110577661], [307709.546799107, 4347403.110577661], [307709.546799107, 4347493.110577661], [307739.546799107, 4347493.110577661], [307739.546799107, 4347553.110577661], [307769.546799107, 4347553.110577661], [307769.546799107, 4347583.110577661], [307889.546799107, 4347583.110577661], [307889.546799107, 4347673.110577661], [307919.546799107, 4347673.110577661], [307919.546799107, 4347763.110577661], [307949.546799107, 4347763.110577661], [307949.546799107, 4347793.110577661], [307979.546799107, 4347793.110577661], [307979.546799107, 4347823.110577661], [308009.546799107, 4347823.110577661], [308009.546799107, 4347853.110577661], [308069.546799107, 4347853.110577661], [308069.546799107, 4347883.110577661], [308159.546799107, 4347883.110577661], [308159.546799107, 4348123.110577661], [308129.546799107, 4348123.110577661], [308129.546799107, 4348243.110577661], [308159.546799107, 4348243.110577661], [308159.546799107, 4348303.110577661], [308189.546799107, 4348303.110577661], [308189.546799107, 4348393.110577661], [308219.546799107, 4348393.110577661], [308219.546799107, 4348483.110577661], [308249.546799107, 4348483.110577661], [308249.546799107, 4348513.110577661], [308279.546799107, 4348513.110577661], [308279.546799107, 4348543.110577661], [308309.546799107, 4348543.110577661], [308309.546799107, 4348603.110577661], [308399.546799107, 4348603.110577661], [308399.546799107, 4348633.110577661], [308429.546799107, 4348633.110577661], [308429.546799107, 4348723.110577661], [308579.546799107, 4348723.110577661], [308579.546799107, 4348783.110577661], [308639.546799107, 4348783.110577661], [308639.546799107, 4348813.110577661], [308699.546799107, 4348813.110577661], [308699.546799107, 4348873.110577661], [308759.546799107, 4348873.110577661], [308759.546799107, 4348903.110577661], [308819.546799107, 4348903.110577661], [308819.546799107, 4348933.110577661], [308849.546799107, 4348933.110577661], [308849.546799107, 4348963.110577661], [308879.546799107, 4348963.110577661], [308879.546799107, 4348993.110577661], [308909.546799107, 4348993.110577661], [308909.546799107, 4349023.110577661], [308939.546799107, 4349023.110577661], [308939.546799107, 4349053.110577661], [308969.546799107, 4349053.110577661], [308969.546799107, 4349143.110577661], [309119.546799107, 4349143.110577661], [309119.546799107, 4349113.110577661], [309299.546799107, 4349113.110577661], [309299.546799107, 4349143.110577661], [309449.546799107, 4349143.110577661], [309449.546799107, 4349113.110577661], [309509.546799107, 4349113.110577661], [309509.546799107, 4349173.110577661], [309539.546799107, 4349173.110577661], [309539.546799107, 4349203.110577661], [309569.546799107, 4349203.110577661], [309569.546799107, 4349233.110577661], [309599.546799107, 4349233.110577661], [309599.546799107, 4349293.110577661], [309629.546799107, 4349293.110577661], [309629.546799107, 4349323.110577661], [309689.546799107, 4349323.110577661], [309689.546799107, 4349443.110577661], [309719.546799107, 4349443.110577661], [309719.546799107, 4349473.110577661], [309749.546799107, 4349473.110577661], [309749.546799107, 4349503.110577661], [309869.546799107, 4349503.110577661], [309869.546799107, 4349533.110577661], [309899.546799107, 4349533.110577661], [309899.546799107, 4349563.110577661], [309929.546799107, 4349563.110577661], [309929.546799107, 4349593.110577661], [309989.546799107, 4349593.110577661], [309989.546799107, 4349653.110577661], [310019.546799107, 4349653.110577661], [310019.546799107, 4349683.110577661], [310109.546799107, 4349683.110577661], [310109.546799107, 4349713.110577661], [310139.546799107, 4349713.110577661], [310139.546799107, 4349683.110577661], [310259.546799107, 4349683.110577661], [310259.546799107, 4349713.110577661], [310289.546799107, 4349713.110577661], [310289.546799107, 4349773.110577661], [310319.546799107, 4349773.110577661], [310319.546799107, 4349803.110577661], [310349.546799107, 4349803.110577661], [310349.546799107, 4349863.110577661], [310379.546799107, 4349863.110577661], [310379.546799107, 4350013.110577661], [310409.546799107, 4350013.110577661], [310409.546799107, 4350073.110577661], [310529.546799107, 4350073.110577661], [310529.546799107, 4350133.110577661], [310559.546799107, 4350133.110577661], [310559.546799107, 4350193.110577661], [310589.546799107, 4350193.110577661], [310589.546799107, 4350223.110577661], [310619.546799107, 4350223.110577661], [310619.546799107, 4350253.110577661], [310649.546799107, 4350253.110577661], [310649.546799107, 4350283.110577661], [310619.546799107, 4350283.110577661], [310619.546799107, 4350313.110577661], [310649.546799107, 4350313.110577661], [310649.546799107, 4350493.110577661], [310679.546799107, 4350493.110577661], [310679.546799107, 4350553.110577661], [310649.546799107, 4350553.110577661], [310649.546799107, 4350583.110577661], [310619.546799107, 4350583.110577661], [310619.546799107, 4350613.110577661], [310589.546799107, 4350613.110577661], [310589.546799107, 4350643.110577661], [310769.546799107, 4350643.110577661], [310769.546799107, 4350673.110577661], [310829.546799107, 4350673.110577661], [310829.546799107, 4350703.110577661], [311069.546799107, 4350703.110577661], [311069.546799107, 4350673.110577661], [311099.546799107, 4350673.110577661], [311099.546799107, 4350703.110577661], [311129.546799107, 4350703.110577661], [311129.546799107, 4350763.110577661], [311189.546799107, 4350763.110577661], [311189.546799107, 4350793.110577661], [311279.546799107, 4350793.110577661], [311279.546799107, 4350763.110577661], [311309.546799107, 4350763.110577661], [311309.546799107, 4350793.110577661], [311339.546799107, 4350793.110577661], [311339.546799107, 4350883.110577661], [311519.546799107, 4350883.110577661], [311519.546799107, 4350913.110577661], [311639.546799107, 4350913.110577661], [311639.546799107, 4350943.110577661], [311699.546799107, 4350943.110577661], [311699.546799107, 4350973.110577661], [311729.546799107, 4350973.110577661], [311729.546799107, 4351003.110577661], [311789.546799107, 4351003.110577661], [311789.546799107, 4351033.110577661], [311819.546799107, 4351033.110577661], [311819.546799107, 4351093.110577661], [311849.546799107, 4351093.110577661], [311849.546799107, 4351123.110577661], [311969.546799107, 4351123.110577661], [311969.546799107, 4351213.110577661], [312029.546799107, 4351213.110577661], [312029.546799107, 4351243.110577661], [312059.546799107, 4351243.110577661], [312059.546799107, 4351303.110577661], [312089.546799107, 4351303.110577661], [312089.546799107, 4351333.110577661], [312119.546799107, 4351333.110577661], [312119.546799107, 4351363.110577661], [312179.546799107, 4351363.110577661], [312179.546799107, 4351333.110577661], [312209.546799107, 4351333.110577661], [312209.546799107, 4351303.110577661], [312299.546799107, 4351303.110577661], [312299.546799107, 4351333.110577661], [312329.546799107, 4351333.110577661], [312329.546799107, 4351363.110577661], [312419.546799107, 4351363.110577661], [312419.546799107, 4351423.110577661], [312449.546799107, 4351423.110577661], [312449.546799107, 4351453.110577661], [312479.546799107, 4351453.110577661], [312479.546799107, 4351633.110577661], [312509.546799107, 4351633.110577661], [312509.546799107, 4351663.110577661], [312659.546799107, 4351663.110577661], [312659.546799107, 4351633.110577661], [312689.546799107, 4351633.110577661], [312689.546799107, 4351663.110577661], [312749.546799107, 4351663.110577661], [312749.546799107, 4351693.110577661], [312869.546799107, 4351693.110577661], [312869.546799107, 4351813.110577661], [312899.546799107, 4351813.110577661], [312899.546799107, 4351843.110577661], [312929.546799107, 4351843.110577661], [312929.546799107, 4351963.110577661], [312989.546799107, 4351963.110577661], [312989.546799107, 4351993.110577661], [313019.546799107, 4351993.110577661], [313019.546799107, 4352113.110577661], [313049.546799107, 4352113.110577661], [313049.546799107, 4352143.110577661], [313109.546799107, 4352143.110577661], [313109.546799107, 4352173.110577661], [313169.546799107, 4352173.110577661], [313169.546799107, 4352203.110577661], [313259.546799107, 4352203.110577661], [313259.546799107, 4352233.110577661], [313289.546799107, 4352233.110577661], [313289.546799107, 4352263.110577661], [313319.546799107, 4352263.110577661], [313319.546799107, 4352233.110577661], [313349.546799107, 4352233.110577661], [313349.546799107, 4352203.110577661], [313409.546799107, 4352203.110577661], [313409.546799107, 4352143.110577661], [313499.546799107, 4352143.110577661], [313499.546799107, 4352113.110577661], [313529.546799107, 4352113.110577661], [313529.546799107, 4352083.110577661], [313559.546799107, 4352083.110577661], [313559.546799107, 4352053.110577661], [313589.546799107, 4352053.110577661], [313589.546799107, 4352023.110577661], [313619.546799107, 4352023.110577661], [313619.546799107, 4351963.110577661], [313679.546799107, 4351963.110577661], [313679.546799107, 4351873.110577661], [313709.546799107, 4351873.110577661], [313709.546799107, 4351813.110577661], [313739.546799107, 4351813.110577661], [313739.546799107, 4351783.110577661], [313769.546799107, 4351783.110577661], [313769.546799107, 4351753.110577661], [313829.546799107, 4351753.110577661], [313829.546799107, 4351723.110577661], [313859.546799107, 4351723.110577661], [313859.546799107, 4351663.110577661], [313919.546799107, 4351663.110577661], [313919.546799107, 4351603.110577661], [313949.546799107, 4351603.110577661], [313949.546799107, 4351573.110577661], [313979.546799107, 4351573.110577661], [313979.546799107, 4351543.110577661], [314009.546799107, 4351543.110577661], [314009.546799107, 4351363.110577661], [314069.546799107, 4351363.110577661], [314069.546799107, 4351333.110577661], [314129.546799107, 4351333.110577661], [314129.546799107, 4351273.110577661], [314189.546799107, 4351273.110577661], [314189.546799107, 4351243.110577661], [314249.546799107, 4351243.110577661], [314249.546799107, 4351153.110577661], [314189.546799107, 4351153.110577661], [314189.546799107, 4351033.110577661], [314159.546799107, 4351033.110577661], [314159.546799107, 4351003.110577661], [314129.546799107, 4351003.110577661], [314129.546799107, 4350973.110577661], [314159.546799107, 4350973.110577661], [314159.546799107, 4350853.110577661], [314189.546799107, 4350853.110577661], [314189.546799107, 4350823.110577661], [314249.546799107, 4350823.110577661], [314249.546799107, 4350763.110577661], [314279.546799107, 4350763.110577661], [314279.546799107, 4350733.110577661], [314249.546799107, 4350733.110577661], [314249.546799107, 4350673.110577661], [314309.546799107, 4350673.110577661], [314309.546799107, 4350643.110577661], [314399.546799107, 4350643.110577661], [314399.546799107, 4350613.110577661], [314489.546799107, 4350613.110577661], [314489.546799107, 4350643.110577661], [314519.546799107, 4350643.110577661], [314519.546799107, 4350673.110577661], [314579.546799107, 4350673.110577661], [314579.546799107, 4350643.110577661], [314639.546799107, 4350643.110577661], [314639.546799107, 4350613.110577661], [314729.546799107, 4350613.110577661], [314729.546799107, 4350673.110577661], [314849.546799107, 4350673.110577661], [314849.546799107, 4350643.110577661], [314879.546799107, 4350643.110577661], [314879.546799107, 4350613.110577661], [314909.546799107, 4350613.110577661], [314909.546799107, 4350583.110577661], [314939.546799107, 4350583.110577661], [314939.546799107, 4350613.110577661], [314999.546799107, 4350613.110577661], [314999.546799107, 4350643.110577661], [315059.546799107, 4350643.110577661], [315059.546799107, 4350673.110577661], [315119.546799107, 4350673.110577661], [315119.546799107, 4350703.110577661], [315149.546799107, 4350703.110577661], [315149.546799107, 4350733.110577661], [315179.546799107, 4350733.110577661], [315179.546799107, 4350763.110577661], [315239.546799107, 4350763.110577661], [315239.546799107, 4350793.110577661], [315359.546799107, 4350793.110577661], [315359.546799107, 4350703.110577661], [315389.546799107, 4350703.110577661], [315389.546799107, 4350643.110577661], [315479.546799107, 4350643.110577661], [315479.546799107, 4350613.110577661], [315539.546799107, 4350613.110577661], [315539.546799107, 4350583.110577661], [315599.546799107, 4350583.110577661], [315599.546799107, 4350463.110577661], [315749.546799107, 4350463.110577661], [315749.546799107, 4350493.110577661], [315809.546799107, 4350493.110577661], [315809.546799107, 4350433.110577661], [315839.546799107, 4350433.110577661], [315839.546799107, 4350403.110577661], [315899.546799107, 4350403.110577661], [315899.546799107, 4350373.110577661], [315989.546799107, 4350373.110577661], [315989.546799107, 4350403.110577661], [316019.546799107, 4350403.110577661], [316019.546799107, 4350433.110577661], [316049.546799107, 4350433.110577661], [316049.546799107, 4350403.110577661], [316109.546799107, 4350403.110577661], [316109.546799107, 4350433.110577661], [316139.546799107, 4350433.110577661], [316139.546799107, 4350463.110577661], [316169.546799107, 4350463.110577661], [316169.546799107, 4350523.110577661], [316199.546799107, 4350523.110577661], [316199.546799107, 4350583.110577661], [316229.546799107, 4350583.110577661], [316229.546799107, 4350613.110577661], [316319.546799107, 4350613.110577661], [316319.546799107, 4350673.110577661], [316349.546799107, 4350673.110577661], [316349.546799107, 4350703.110577661], [316439.546799107, 4350703.110577661], [316439.546799107, 4350553.110577661], [316469.546799107, 4350553.110577661], [316469.546799107, 4350523.110577661], [316499.546799107, 4350523.110577661], [316499.546799107, 4350553.110577661], [316619.546799107, 4350553.110577661], [316619.546799107, 4350583.110577661], [316649.546799107, 4350583.110577661], [316649.546799107, 4350673.110577661], [316679.546799107, 4350673.110577661], [316679.546799107, 4350733.110577661], [316709.546799107, 4350733.110577661], [316709.546799107, 4350703.110577661], [316769.546799107, 4350703.110577661], [316769.546799107, 4350673.110577661], [316829.546799107, 4350673.110577661], [316829.546799107, 4350733.110577661], [316859.546799107, 4350733.110577661], [316859.546799107, 4350823.110577661], [316829.546799107, 4350823.110577661], [316829.546799107, 4350853.110577661], [316799.546799107, 4350853.110577661], [316799.546799107, 4350883.110577661], [316769.546799107, 4350883.110577661], [316769.546799107, 4350913.110577661], [316799.546799107, 4350913.110577661], [316799.546799107, 4350943.110577661], [316769.546799107, 4350943.110577661], [316769.546799107, 4351093.110577661], [316799.546799107, 4351093.110577661], [316799.546799107, 4351153.110577661], [316829.546799107, 4351153.110577661], [316829.546799107, 4351183.110577661], [316799.546799107, 4351183.110577661], [316799.546799107, 4351243.110577661], [316769.546799107, 4351243.110577661], [316769.546799107, 4351273.110577661], [316799.546799107, 4351273.110577661], [316799.546799107, 4351513.110577661], [316829.546799107, 4351513.110577661], [316829.546799107, 4351663.110577661], [316889.546799107, 4351663.110577661], [316889.546799107, 4351693.110577661], [316919.546799107, 4351693.110577661], [316919.546799107, 4351813.110577661], [316949.546799107, 4351813.110577661], [316949.546799107, 4351843.110577661], [317009.546799107, 4351843.110577661], [317009.546799107, 4351933.110577661], [317039.546799107, 4351933.110577661], [317039.546799107, 4352413.110577661], [317069.546799107, 4352413.110577661], [317069.546799107, 4352473.110577661], [317099.546799107, 4352473.110577661], [317099.546799107, 4352533.110577661], [317069.546799107, 4352533.110577661], [317069.546799107, 4352563.110577661], [317039.546799107, 4352563.110577661], [317039.546799107, 4352713.110577661], [317099.546799107, 4352713.110577661], [317099.546799107, 4352863.110577661], [317129.546799107, 4352863.110577661], [317129.546799107, 4353073.110577661], [317159.546799107, 4353073.110577661], [317159.546799107, 4353133.110577661], [317189.546799107, 4353133.110577661], [317189.546799107, 4353223.110577661], [317129.546799107, 4353223.110577661], [317129.546799107, 4353313.110577661], [317099.546799107, 4353313.110577661], [317099.546799107, 4353343.110577661], [317069.546799107, 4353343.110577661], [317069.546799107, 4353373.110577661], [317039.546799107, 4353373.110577661], [317039.546799107, 4353433.110577661], [317009.546799107, 4353433.110577661], [317009.546799107, 4353463.110577661], [316859.546799107, 4353463.110577661], [316859.546799107, 4353493.110577661], [316769.546799107, 4353493.110577661], [316769.546799107, 4353523.110577661], [316739.546799107, 4353523.110577661], [316739.546799107, 4353553.110577661], [316709.546799107, 4353553.110577661], [316709.546799107, 4353523.110577661], [316649.546799107, 4353523.110577661], [316649.546799107, 4353493.110577661], [316559.546799107, 4353493.110577661], [316559.546799107, 4353463.110577661], [316499.546799107, 4353463.110577661], [316499.546799107, 4353523.110577661], [316319.546799107, 4353523.110577661], [316319.546799107, 4353553.110577661], [316289.546799107, 4353553.110577661], [316289.546799107, 4353583.110577661], [316229.546799107, 4353583.110577661], [316229.546799107, 4353643.110577661], [316199.546799107, 4353643.110577661], [316199.546799107, 4353673.110577661], [316229.546799107, 4353673.110577661], [316229.546799107, 4353793.110577661], [316199.546799107, 4353793.110577661], [316199.546799107, 4353823.110577661], [316169.546799107, 4353823.110577661], [316169.546799107, 4353913.110577661], [316199.546799107, 4353913.110577661], [316199.546799107, 4353973.110577661], [316229.546799107, 4353973.110577661], [316229.546799107, 4354093.110577661], [316259.546799107, 4354093.110577661], [316259.546799107, 4354153.110577661], [316289.546799107, 4354153.110577661], [316289.546799107, 4354213.110577661], [316379.546799107, 4354213.110577661], [316379.546799107, 4354243.110577661], [316469.546799107, 4354243.110577661], [316469.546799107, 4354273.110577661], [316529.546799107, 4354273.110577661], [316529.546799107, 4354303.110577661], [316589.546799107, 4354303.110577661], [316589.546799107, 4354333.110577661], [316619.546799107, 4354333.110577661], [316619.546799107, 4354363.110577661], [316649.546799107, 4354363.110577661], [316649.546799107, 4354423.110577661], [316709.546799107, 4354423.110577661], [316709.546799107, 4354453.110577661], [316739.546799107, 4354453.110577661], [316739.546799107, 4354483.110577661], [316769.546799107, 4354483.110577661], [316769.546799107, 4354573.110577661], [316799.546799107, 4354573.110577661], [316799.546799107, 4354633.110577661], [316859.546799107, 4354633.110577661], [316859.546799107, 4354663.110577661], [316889.546799107, 4354663.110577661], [316889.546799107, 4354693.110577661], [316919.546799107, 4354693.110577661], [316919.546799107, 4354843.110577661], [317039.546799107, 4354843.110577661], [317039.546799107, 4354933.110577661], [317069.546799107, 4354933.110577661], [317069.546799107, 4354993.110577661], [317099.546799107, 4354993.110577661], [317099.546799107, 4355023.110577661], [317129.546799107, 4355023.110577661], [317129.546799107, 4355143.110577661], [317159.546799107, 4355143.110577661], [317159.546799107, 4355173.110577661], [317189.546799107, 4355173.110577661], [317189.546799107, 4355203.110577661], [317219.546799107, 4355203.110577661], [317219.546799107, 4355293.110577661], [317249.546799107, 4355293.110577661], [317249.546799107, 4355323.110577661], [317279.546799107, 4355323.110577661], [317279.546799107, 4355413.110577661], [317399.546799107, 4355413.110577661], [317399.546799107, 4355503.110577661], [317369.546799107, 4355503.110577661], [317369.546799107, 4355593.110577661], [317429.546799107, 4355593.110577661], [317429.546799107, 4355623.110577661], [317459.546799107, 4355623.110577661], [317459.546799107, 4355653.110577661], [317519.546799107, 4355653.110577661], [317519.546799107, 4355683.110577661], [317579.546799107, 4355683.110577661], [317579.546799107, 4355653.110577661], [317669.546799107, 4355653.110577661], [317669.546799107, 4355683.110577661], [317699.546799107, 4355683.110577661], [317699.546799107, 4355713.110577661], [317729.546799107, 4355713.110577661], [317729.546799107, 4355803.110577661], [317759.546799107, 4355803.110577661], [317759.546799107, 4355863.110577661], [317789.546799107, 4355863.110577661], [317789.546799107, 4355893.110577661], [317819.546799107, 4355893.110577661], [317819.546799107, 4355953.110577661], [317849.546799107, 4355953.110577661], [317849.546799107, 4355983.110577661], [317879.546799107, 4355983.110577661], [317879.546799107, 4356013.110577661], [318029.546799107, 4356013.110577661], [318029.546799107, 4356103.110577661], [318149.546799107, 4356103.110577661], [318149.546799107, 4356163.110577661], [318209.546799107, 4356163.110577661], [318209.546799107, 4356223.110577661], [318239.546799107, 4356223.110577661], [318239.546799107, 4356313.110577661], [318269.546799107, 4356313.110577661], [318269.546799107, 4356343.110577661], [318299.546799107, 4356343.110577661], [318299.546799107, 4356463.110577661], [318239.546799107, 4356463.110577661], [318239.546799107, 4356523.110577661], [318209.546799107, 4356523.110577661], [318209.546799107, 4356643.110577661], [318269.546799107, 4356643.110577661], [318269.546799107, 4356673.110577661], [318299.546799107, 4356673.110577661], [318299.546799107, 4356763.110577661], [318329.546799107, 4356763.110577661], [318329.546799107, 4356793.110577661], [318359.546799107, 4356793.110577661], [318359.546799107, 4356913.110577661], [318389.546799107, 4356913.110577661], [318389.546799107, 4357033.110577661], [318419.546799107, 4357033.110577661], [318419.546799107, 4357063.110577661], [318539.546799107, 4357063.110577661], [318539.546799107, 4357093.110577661], [318569.546799107, 4357093.110577661], [318569.546799107, 4357123.110577661], [318539.546799107, 4357123.110577661], [318539.546799107, 4357243.110577661], [318569.546799107, 4357243.110577661], [318569.546799107, 4357273.110577661], [318629.546799107, 4357273.110577661], [318629.546799107, 4357333.110577661], [318659.546799107, 4357333.110577661], [318659.546799107, 4357393.110577661], [318689.546799107, 4357393.110577661], [318689.546799107, 4357543.110577661], [318719.546799107, 4357543.110577661], [318719.546799107, 4357603.110577661], [318749.546799107, 4357603.110577661], [318749.546799107, 4357693.110577661], [318689.546799107, 4357693.110577661], [318689.546799107, 4357723.110577661], [318629.546799107, 4357723.110577661], [318629.546799107, 4357753.110577661], [318539.546799107, 4357753.110577661], [318539.546799107, 4357783.110577661], [318509.546799107, 4357783.110577661], [318509.546799107, 4357843.110577661], [318479.546799107, 4357843.110577661], [318479.546799107, 4357933.110577661], [318449.546799107, 4357933.110577661], [318449.546799107, 4357963.110577661], [318479.546799107, 4357963.110577661], [318479.546799107, 4358113.110577661], [318509.546799107, 4358113.110577661], [318509.546799107, 4358143.110577661], [318479.546799107, 4358143.110577661], [318479.546799107, 4358203.110577661], [318329.546799107, 4358203.110577661], [318329.546799107, 4358233.110577661], [318269.546799107, 4358233.110577661], [318269.546799107, 4358263.110577661], [318209.546799107, 4358263.110577661], [318209.546799107, 4358293.110577661], [318179.546799107, 4358293.110577661], [318179.546799107, 4358323.110577661], [318149.546799107, 4358323.110577661], [318149.546799107, 4358353.110577661], [318119.546799107, 4358353.110577661], [318119.546799107, 4358323.110577661], [318089.546799107, 4358323.110577661], [318089.546799107, 4358353.110577661], [318029.546799107, 4358353.110577661], [318029.546799107, 4358383.110577661], [317999.546799107, 4358383.110577661], [317999.546799107, 4358413.110577661], [317939.546799107, 4358413.110577661], [317939.546799107, 4358473.110577661], [317879.546799107, 4358473.110577661], [317879.546799107, 4358533.110577661], [317849.546799107, 4358533.110577661], [317849.546799107, 4358623.110577661], [317879.546799107, 4358623.110577661], [317879.546799107, 4359013.110577661], [317849.546799107, 4359013.110577661], [317849.546799107, 4359043.110577661], [317789.546799107, 4359043.110577661], [317789.546799107, 4359163.110577661], [317759.546799107, 4359163.110577661], [317759.546799107, 4359193.110577661], [317729.546799107, 4359193.110577661], [317729.546799107, 4359223.110577661], [317699.546799107, 4359223.110577661], [317699.546799107, 4359373.110577661], [317789.546799107, 4359373.110577661], [317789.546799107, 4359493.110577661], [317819.546799107, 4359493.110577661], [317819.546799107, 4359583.110577661], [317849.546799107, 4359583.110577661], [317849.546799107, 4359673.110577661], [317909.546799107, 4359673.110577661], [317909.546799107, 4359703.110577661], [317939.546799107, 4359703.110577661], [317939.546799107, 4359763.110577661], [317969.546799107, 4359763.110577661], [317969.546799107, 4359823.110577661], [317999.546799107, 4359823.110577661], [317999.546799107, 4359853.110577661], [318029.546799107, 4359853.110577661], [318029.546799107, 4359883.110577661], [318119.546799107, 4359883.110577661], [318119.546799107, 4359973.110577661], [318149.546799107, 4359973.110577661], [318149.546799107, 4360033.110577661], [318179.546799107, 4360033.110577661], [318179.546799107, 4360093.110577661], [318239.546799107, 4360093.110577661], [318239.546799107, 4360123.110577661], [318269.546799107, 4360123.110577661], [318269.546799107, 4360243.110577661], [318299.546799107, 4360243.110577661], [318299.546799107, 4360333.110577661], [318329.546799107, 4360333.110577661], [318329.546799107, 4360363.110577661], [318359.546799107, 4360363.110577661], [318359.546799107, 4360453.110577661], [318389.546799107, 4360453.110577661], [318389.546799107, 4360483.110577661], [318419.546799107, 4360483.110577661], [318419.546799107, 4360513.110577661], [318449.546799107, 4360513.110577661], [318449.546799107, 4360813.110577661], [318479.546799107, 4360813.110577661], [318479.546799107, 4360843.110577661], [318509.546799107, 4360843.110577661], [318509.546799107, 4360873.110577661], [318539.546799107, 4360873.110577661], [318539.546799107, 4360933.110577661], [318569.546799107, 4360933.110577661], [318569.546799107, 4360963.110577661], [318599.546799107, 4360963.110577661], [318599.546799107, 4360993.110577661], [318569.546799107, 4360993.110577661], [318569.546799107, 4361113.110577661], [318599.546799107, 4361113.110577661], [318599.546799107, 4361203.110577661], [318629.546799107, 4361203.110577661], [318629.546799107, 4361413.110577661], [318479.546799107, 4361413.110577661], [318479.546799107, 4361383.110577661], [318449.546799107, 4361383.110577661], [318449.546799107, 4361413.110577661], [318419.546799107, 4361413.110577661], [318419.546799107, 4361443.110577661], [318449.546799107, 4361443.110577661], [318449.546799107, 4361623.110577661], [318479.546799107, 4361623.110577661], [318479.546799107, 4361743.110577661], [318449.546799107, 4361743.110577661], [318449.546799107, 4361773.110577661], [318329.546799107, 4361773.110577661], [318329.546799107, 4361833.110577661], [318299.546799107, 4361833.110577661], [318299.546799107, 4361893.110577661], [318329.546799107, 4361893.110577661], [318329.546799107, 4361923.110577661], [318359.546799107, 4361923.110577661], [318359.546799107, 4361983.110577661], [318389.546799107, 4361983.110577661], [318389.546799107, 4362043.110577661], [318419.546799107, 4362043.110577661], [318419.546799107, 4362133.110577661], [318449.546799107, 4362133.110577661], [318449.546799107, 4362283.110577661], [318419.546799107, 4362283.110577661], [318419.546799107, 4362343.110577661], [318389.546799107, 4362343.110577661], [318389.546799107, 4362493.110577661], [318359.546799107, 4362493.110577661], [318359.546799107, 4362553.110577661], [318329.546799107, 4362553.110577661], [318329.546799107, 4362643.110577661], [318359.546799107, 4362643.110577661], [318359.546799107, 4362673.110577661], [318419.546799107, 4362673.110577661], [318419.546799107, 4362793.110577661], [318389.546799107, 4362793.110577661], [318389.546799107, 4362823.110577661], [318359.546799107, 4362823.110577661], [318359.546799107, 4362943.110577661], [318269.546799107, 4362943.110577661], [318269.546799107, 4362973.110577661], [318239.546799107, 4362973.110577661], [318239.546799107, 4363033.110577661], [318209.546799107, 4363033.110577661], [318209.546799107, 4363063.110577661], [318149.546799107, 4363063.110577661], [318149.546799107, 4363093.110577661], [318119.546799107, 4363093.110577661], [318119.546799107, 4363123.110577661], [318059.546799107, 4363123.110577661], [318059.546799107, 4363153.110577661], [318029.546799107, 4363153.110577661], [318029.546799107, 4363213.110577661], [317999.546799107, 4363213.110577661], [317999.546799107, 4363243.110577661], [317969.546799107, 4363243.110577661], [317969.546799107, 4363303.110577661], [317879.546799107, 4363303.110577661], [317879.546799107, 4363333.110577661], [317849.546799107, 4363333.110577661], [317849.546799107, 4363363.110577661], [317789.546799107, 4363363.110577661], [317789.546799107, 4363393.110577661], [317759.546799107, 4363393.110577661], [317759.546799107, 4363363.110577661], [317639.546799107, 4363363.110577661], [317639.546799107, 4363453.110577661], [317609.546799107, 4363453.110577661], [317609.546799107, 4363483.110577661], [317639.546799107, 4363483.110577661], [317639.546799107, 4363513.110577661], [317609.546799107, 4363513.110577661], [317609.546799107, 4363573.110577661], [317549.546799107, 4363573.110577661], [317549.546799107, 4363543.110577661], [317519.546799107, 4363543.110577661], [317519.546799107, 4363573.110577661], [317489.546799107, 4363573.110577661], [317489.546799107, 4363603.110577661], [317459.546799107, 4363603.110577661], [317459.546799107, 4363633.110577661], [317369.546799107, 4363633.110577661], [317369.546799107, 4363663.110577661], [317339.546799107, 4363663.110577661], [317339.546799107, 4363693.110577661], [317189.546799107, 4363693.110577661], [317189.546799107, 4363723.110577661], [317159.546799107, 4363723.110577661], [317159.546799107, 4363753.110577661], [317129.546799107, 4363753.110577661], [317129.546799107, 4363783.110577661], [317099.546799107, 4363783.110577661], [317099.546799107, 4363873.110577661], [316919.546799107, 4363873.110577661], [316919.546799107, 4363903.110577661], [316859.546799107, 4363903.110577661], [316859.546799107, 4363933.110577661], [316829.546799107, 4363933.110577661], [316829.546799107, 4364083.110577661], [316799.546799107, 4364083.110577661], [316799.546799107, 4364113.110577661], [316769.546799107, 4364113.110577661], [316769.546799107, 4364143.110577661], [316739.546799107, 4364143.110577661], [316739.546799107, 4364173.110577661], [316709.546799107, 4364173.110577661], [316709.546799107, 4364143.110577661], [316619.546799107, 4364143.110577661], [316619.546799107, 4364053.110577661], [316589.546799107, 4364053.110577661], [316589.546799107, 4364083.110577661], [316409.546799107, 4364083.110577661], [316409.546799107, 4364113.110577661], [316349.546799107, 4364113.110577661], [316349.546799107, 4364083.110577661], [316289.546799107, 4364083.110577661], [316289.546799107, 4364053.110577661], [316229.546799107, 4364053.110577661], [316229.546799107, 4364023.110577661], [316199.546799107, 4364023.110577661], [316199.546799107, 4363993.110577661], [316109.546799107, 4363993.110577661], [316109.546799107, 4364083.110577661], [316079.546799107, 4364083.110577661], [316079.546799107, 4364113.110577661], [316049.546799107, 4364113.110577661], [316049.546799107, 4364263.110577661], [316019.546799107, 4364263.110577661], [316019.546799107, 4364353.110577661], [315989.546799107, 4364353.110577661], [315989.546799107, 4364323.110577661], [315899.546799107, 4364323.110577661], [315899.546799107, 4364353.110577661], [315839.546799107, 4364353.110577661], [315839.546799107, 4364383.110577661], [315779.546799107, 4364383.110577661], [315779.546799107, 4364533.110577661], [315749.546799107, 4364533.110577661], [315749.546799107, 4364593.110577661], [315809.546799107, 4364593.110577661], [315809.546799107, 4364653.110577661], [315839.546799107, 4364653.110577661], [315839.546799107, 4364713.110577661], [315869.546799107, 4364713.110577661], [315869.546799107, 4364773.110577661], [315899.546799107, 4364773.110577661], [315899.546799107, 4364803.110577661], [315929.546799107, 4364803.110577661], [315929.546799107, 4364833.110577661], [315839.546799107, 4364833.110577661], [315839.546799107, 4364953.110577661], [315809.546799107, 4364953.110577661], [315809.546799107, 4364983.110577661], [315839.546799107, 4364983.110577661], [315839.546799107, 4365043.110577661], [315869.546799107, 4365043.110577661], [315869.546799107, 4365073.110577661], [315839.546799107, 4365073.110577661], [315839.546799107, 4365103.110577661], [315809.546799107, 4365103.110577661], [315809.546799107, 4365253.110577661], [315839.546799107, 4365253.110577661], [315839.546799107, 4365313.110577661], [315779.546799107, 4365313.110577661], [315779.546799107, 4365433.110577661], [315809.546799107, 4365433.110577661], [315809.546799107, 4365523.110577661], [315719.546799107, 4365523.110577661], [315719.546799107, 4365553.110577661], [315689.546799107, 4365553.110577661], [315689.546799107, 4365613.110577661], [315569.546799107, 4365613.110577661], [315569.546799107, 4365673.110577661], [315539.546799107, 4365673.110577661], [315539.546799107, 4365703.110577661], [315569.546799107, 4365703.110577661], [315569.546799107, 4365763.110577661], [315539.546799107, 4365763.110577661], [315539.546799107, 4365853.110577661], [315479.546799107, 4365853.110577661], [315479.546799107, 4365883.110577661], [315419.546799107, 4365883.110577661], [315419.546799107, 4365913.110577661], [315359.546799107, 4365913.110577661], [315359.546799107, 4365943.110577661], [315269.546799107, 4365943.110577661], [315269.546799107, 4366033.110577661], [315239.546799107, 4366033.110577661], [315239.546799107, 4366063.110577661], [315149.546799107, 4366063.110577661], [315149.546799107, 4366123.110577661], [315119.546799107, 4366123.110577661], [315119.546799107, 4366153.110577661], [315089.546799107, 4366153.110577661], [315089.546799107, 4366183.110577661], [314999.546799107, 4366183.110577661]]]}}]}