date,temperature_2m,temperature_2m_min,temperature_2m_max,volumetric_soil_water_layer_1,snow_cover,total_precipitation_sum,surface_runoff_sum
2021-01-01,-2.213090168837938,-5.501947930518595,3.427722817278946,0.3261172761308386,47.91700049867021,0,0.013006494400349069
2021-01-02,-1.7296712456019714,-5.379671072452603,4.531474076940681,0.3278238066544769,41.17461110649379,0,0.013802755386271376
2021-01-03,-0.9235407294956359,-4.877591331968893,4.831682505506173,0.3292156435919146,34.59117596132535,0.0008583068797918258,0.013576923532688872
2021-01-04,-1.9807169677517686,-5.5494112055352165,3.2006067154255544,0.3280704660618559,29.376003920101947,0.000852346317969932,0.009449618927975918
2021-01-05,-3.1698873316987757,-5.342512479741499,0.936976785862722,0.32437500919856077,26.124007161458337,0.0009114436891727661,0.004342769054656333
2021-01-06,-3.8507446153789235,-5.891174511199279,0.05243140687336052,0.3205010975506289,24.06325631648936,0.0008583068833445395,0.0029653310775756836
2021-01-07,-5.0656893736927175,-7.879297784034218,-1.3462159501745117,0.31737488009405473,22.4227480191711,0,0.002305431568876226
2021-01-08,-4.948898426353487,-8.312114309757291,0.6409215399559735,0.3154466561391844,20.75141047484486,0.0008583068797918258,0.002712138155673412
2021-01-09,-2.8896573411657225,-8.220876490816133,5.284546872402782,0.31684503487661375,17.853934992796987,0.0017021478697643033,0.008017078359076316
2021-01-10,0.01006087445200833,-6.624479383103368,9.730262853744204,0.3201070555558441,13.713547553745569,0.0013191104244469898,0.010096868301959747
2021-01-11,3.841486242307873,-3.2703530818857813,12.915755056827647,0.32222390141047486,9.40709566156915,0.0017225742112714215,0.009874428840393716
2021-01-12,3.83070217971263,-2.236835885555163,10.34708355842755,0.32062377388595686,6.2781859485815605,0.002572633036379557,0.005886275717552671
2021-01-13,3.5382433546350613,-1.9725286605510077,9.679958457135163,0.3170207517366883,4.16047969304078,0.000852346317969932,0.004452276737131971
2021-01-14,3.8388707370623076,-2.161653169672517,13.903430435505342,0.3129289424165766,2.481874030363475,0.000852346317969932,0.0037240221145305227
2021-01-15,4.006911733640866,-2.438517858626972,14.20229738925368,0.308751838088881,1.35763242464539,0,0.002028333379867229
2021-01-16,5.301280079834854,-1.3554251812873774,13.576109216568337,0.3042594612067473,0.7595017453457447,0,0.0010439690123213096
2021-01-17,3.9290216270068314,-2.2451410171833217,11.291834275265977,0.2998700351579815,0.43718382923315596,0,0.0006070796479570104
2021-01-18,4.638876613319354,0.03732643939081393,10.223364842191678,0.29756390186066317,0.26888055463209215,0.31814315207374744,0.0028550624847412105
2021-01-19,3.588392720323942,-1.8102198823969187,10.081301685089782,0.3195033513062389,0.17415606992464538,5.191511803484978,0.06064461900832805
2021-01-20,3.4076792831962175,-2.424193167179166,11.428271938892143,0.3318163797365013,0.1126894254210993,0,0.00015465503043316777
2021-01-21,3.089108257428999,-6.6303090196974495,13.694008230655774,0.32185538271640207,8.351683704565604,11.706709861755371,0.012955386587913998
2021-01-22,-8.943559119041891,-11.044539755963243,-7.161214430788707,0.32094143265528036,95.9501305546321,4.147953936394225,2.9168230421999664e-06
2021-01-23,-6.333492433263889,-9.58231168706364,-3.2229467513713206,0.3184350737443207,91.79118738918439,0.0039255998481070135,0.004146263954487252
2021-01-24,-4.100607849012864,-9.021840067112675,2.7463373711768844,0.32412603121277284,82.92954724900264,0,0.01609325408935547
2021-01-25,-1.1547242590721423,-6.038016071725377,3.433000215571,0.33686008047550275,69.79179583610372,0,0.028095727271222053
2021-01-26,-1.4422809411447859,-5.090021076608189,3.418640980821997,0.3447767568818221,56.20727296653368,0.0004351138045421976,0.026387737152424262
2021-01-27,-0.7410860399827642,-5.374813583049345,5.762940362159265,0.34736008610285757,44.250491744237586,0.0004351138045421976,0.024288480586193973
2021-01-28,-0.5515859428026807,-5.491562603889604,7.397057521089618,0.3472623595109223,33.97616217863475,0.0012814997489840607,0.021318932797046414
2021-01-29,0.955605291812991,-5.703113507209918,10.56570668321977,0.3464243814454856,24.912210840536343,0.05993727513983453,0.020362785521973955
2021-01-30,4.232105238894216,-2.8875649959482814,12.416413327480905,0.34620452231549204,17.124401249445917,0.2946263210132433,0.019681200068047706
2021-01-31,4.338926350478599,0.8421069206075692,9.214144962391977,0.35157066778088286,12.031873337765958,4.0972406558778935,0.06540265489131845
2021-02-01,3.937659665371535,0.30997768970248274,9.798878316676385,0.3709591371793273,8.364109942929963,1.6031585830200747,0.03179184933926197
2021-02-02,2.864079877163516,-2.2379363364361473,8.472301401990546,0.369586987867423,5.222976922650708,3.20653928075744,0.04916425715101526
2021-02-03,3.0440753530949025,-2.504058383373481,9.246142772918075,0.35656063269216115,3.098172581449468,0.0017200663364747015,0.005220732790358523
2021-02-04,3.140746970210534,-2.9245396390874108,10.291606432326319,0.3445431946017218,1.6750879598847517,0.0012814998058274796,0.003076170353179282
2021-02-05,4.836779828443628,-2.4669626438871113,12.346449377181706,0.3351235491164187,0.8837274213209219,0.001725554398035456,0.0015915074246994993
2021-02-06,8.260178096581882,1.0229795415350957,15.222439120678212,0.32530628501946196,0.4229270556294326,0.07569348382430882,0.0018170539368974402
2021-02-07,7.474851059068198,3.6631576213431076,10.80852252067406,0.3189936779915018,0.1825264572251773,0.040671698226599384,0.0007096123188099963
2021-02-08,6.651387053685857,1.4594933692445373,11.624583467524124,0.3264587131797844,0.09231286015070922,2.493470911450855,0.03102954397810266
2021-02-09,5.553508891112439,0.1780253958195041,10.052401278881339,0.32954658345973237,0.04327626329787234,0.004931903877246789,0.00016847823528533287
2021-02-10,6.5708563351462335,1.8425964355468978,12.697400291929876,0.32070018416600865,0.019261829565602837,0.552456556482518,0.0051377935612455326
2021-02-11,5.966033602775431,-0.4846438793425637,12.904583610372361,0.31441001080452124,0.00797006593528369,0.001173894454671262,3.2782554626464844e-05
2021-02-12,6.636176554362008,-0.74769735133392,14.80555329018453,0.30593976771577874,0.0029023298980496454,0.04272112176687051,0.0003891422393474173
2021-02-13,6.386806423106122,-0.6347026419132087,12.717984398375187,0.30216700506548505,0.0009644420434397164,0.49007325720193423,0.004414738492762788
2021-02-14,6.319136044657843,-1.1290876023312604,13.910949707031273,0.2950867754347781,0.0001838846409574468,0.0025794424800551496,2.1146967055949757e-05
2021-02-15,6.3409628766648565,-0.17834479149349455,14.020373989673391,0.2880872685858544,0,0.0008486429123877315,9.16262890430207e-06
2021-02-16,7.1218437384206466,0.33214955431352006,15.412597071870866,0.2815266061336436,0,0.000852346317969932,2.9168230421999664e-06
2021-02-17,7.546886127553118,0.5304281681142182,16.212643757272296,0.2750678258584746,0,0.0017046927496267017,1.7817984236047622e-05
2021-02-18,10.824044702408168,0.5388877057014855,20.02351671584111,0.2677538093945659,0,0.0004351138045421976,2.9168230421999664e-06
2021-02-19,6.853980566254785,0.7567328270445707,11.671939411569173,0.26609005488402454,0,1.0323085683457396,0.008703546321138423
2021-02-20,4.277982487238932,-0.1671810718292658,8.143050303357736,0.29781904017671623,0,8.918319547429997,0.10749520139491305
2021-02-21,4.397902784956273,1.4144681889960333,6.84972475741774,0.3840189967595094,0,9.750109910964964,0.13061520901132137
2021-02-22,3.2732824907235467,0.06699627815411179,7.710475321018972,0.3643178763964497,0,1.9509172355805895,0.024063790098149726
2021-02-23,1.7304212691936434,-1.4886400588015063,4.492774151741212,0.36640574949007504,1.513625817265071,4.066801070098336,0.042772102863230604
2021-02-24,-3.5021336088788972,-10.053177139606857,0.9255810027427088,0.35675115382417716,21.615060186724286,6.927850588736786,0.004729691972123815
2021-02-25,-9.735289201668786,-13.534577779566964,-6.838390399040037,0.34400456475873364,43.98667684785017,0.02046937638140739,1.8705712988021525e-06
2021-02-26,-5.797865590305162,-10.314732912753467,-2.1393386516165,0.3368155783795296,41.96139392176418,0.002038225112213927,0.00041063795698449967
2021-02-27,-2.621750786963907,-5.690407675885116,1.6203474978183403,0.3329352629100177,40.08499591367464,0.04797116507301751,0.0017360803928781062
2021-02-28,1.6459771338929814,-5.160163976791035,9.169115042179211,0.3406365577210771,31.898916431183512,0.0017046927496267017,0.0266853799211218
2021-03-01,5.594325602646443,-3.2269415023478825,13.022654237138488,0.3458185507050643,20.175432180851065,0.0004351138045421976,0.028377898195956618
2021-03-02,6.5188898208293615,1.869231788148294,11.291472869223757,0.34326592573882847,11.277717060062056,0.19425800506104812,0.019374299556651015
2021-03-03,3.7783720598153434,-1.9356412197680954,8.416431508165747,0.3391455278328969,6.201096035571808,0.2592107717027055,0.014197699567104908
2021-03-04,4.781629375701289,-1.484520315616666,11.261773681640648,0.3584569646957073,2.9394461990248226,6.942573950543452,0.10581403336626419
2021-03-05,4.7466747608590945,-2.2375586976396047,11.38068328208114,0.3618459823283743,1.272601534796099,0.050151665137259153,0.003818565226615743
2021-03-06,3.9596002727535735,-0.9864590259308282,7.7752725154795765,0.395213382802111,1.930355510305851,20.17530735502852,0.302355593823372
2021-03-07,1.8709745339468349,-1.140338329558654,4.664792779151451,0.3953290411766539,12.978588347739361,1.2202002899802538,0.024167907998916948
2021-03-08,3.9713371817947483,-1.5381725554770385,9.815796288023625,0.3817761198003241,7.154633477393617,0.15709818677557202,0.02187858236596939
2021-03-09,7.53602959653167,-1.8361001521982816,13.999560287150956,0.37135040066766395,3.0509398548315603,0.7415975661987955,0.01859588825956304
2021-03-10,4.618352354333786,0.9266104190907807,8.25867757594334,0.39745494220273714,1.8098923703457446,8.97929478197787,0.1481979451280959
2021-03-11,4.253002548217802,-0.7358793218084879,10.019646112969603,0.3825558195722864,2.3722348044104606,0.00283026945477646,0.007508409784195269
2021-03-12,9.171617797418719,-1.705284280979864,15.645535018596263,0.36754615729582224,0.8240279393838652,1.0821930271513918,0.016837868284671865
2021-03-13,3.8778182361143068,-7.956938333714239,13.142487741023956,0.39542019350308893,21.122247617464538,25.10441964783782,0.2277059123871174
2021-03-14,-4.839919538024447,-8.843587737387775,-1.5292252560879096,0.3860953148375166,95.23858495401154,0.9344479113146821,3.741142597604305e-06
2021-03-15,-0.4378738538593119,-5.456178510949943,3.471433274289417,0.39186957068477113,80.69431723736702,0.014128582923855534,0.06798994033894638
2021-03-16,1.0792713516993084,-3.752818915184485,5.409335067424391,0.39748659607366466,53.64771996897162,0,0.09095973156868144
2021-03-17,3.2282094157334136,-1.4327160125082883,9.718635721409598,0.3949824826937195,30.349651969747338,0.0011319175224885607,0.0671755760274035
2021-03-18,8.187719612933234,-1.7020321460480157,16.551578732754344,0.3883381945021609,13.41047623005319,0.0009511378462253134,0.05000227309287862
2021-03-19,11.977778741823034,5.110984380194504,18.06248798776182,0.38257799080923094,4.1225495899822695,4.073454340954064,0.0934864929381837
2021-03-20,7.293987750330735,4.419550339719105,10.84019639035491,0.4206845574345149,1.1864600648271277,21.726506441152022,2.15314119420153
2021-03-21,6.787443564124165,2.458596152447662,11.534340911215946,0.397249132521609,0.3827789090203901,0.10023516534273129,0.00410441388475134
2021-03-22,8.47940762837731,2.211115475918407,14.52098752285574,0.3773224201608211,0.11624729886968083,0.001399060513110871,0.000673976350337901
2021-03-23,6.9541146433945515,1.1009766923620574,12.0479401284076,0.3899580394122617,0.03406540890957447,5.048406187421868,0.09494037070172898
2021-03-24,11.108609103480156,1.034575377119371,18.33841585199886,0.37044181553184563,0.008606216755319147,0.10433437966199524,0.0020060133426747424
2021-03-25,15.143393888541162,10.030059295005008,21.276266024975087,0.35530047856324104,0.001375152371453901,0.9369556573201794,0.013325886523469964
2021-03-26,11.419955463274162,5.661184562520801,16.618547350295067,0.3946029581922166,0,11.760895493177758,0.23354875280501994
2021-03-27,9.82973269198805,6.112561749397462,12.311247675469604,0.4234831952034158,0,35.75868224621551,5.8582165456832715
2021-03-28,6.318769065369964,-0.0621029468292658,10.362151515230241,0.4278887241444689,0.5068452875664894,27.17353696234471,2.5280206127369658
2021-03-29,1.4601993506682005,-0.85152198304519,4.464059772897296,0.4080462083748892,10.72776173260195,1.844932740564847,0.02657688678579127
2021-03-30,2.4891058901523295,-1.9684172934673974,7.356470310941677,0.39438358875031165,9.141876870013297,0.17812841739974014,0.029538793766752204
2021-03-31,2.869211981482555,-2.692444756690469,7.294693058095102,0.3863816687401305,5.67685235206117,0.5913097719647514,0.031288253500106486
2021-04-01,1.974141027572318,-3.2858217279961535,7.7597978307845965,0.3775452823503643,3.26750470966312,0.0019391754889550204,0.012453312569476188
2021-04-02,4.743037241401417,-3.2404968261718525,12.269480019427382,0.36731130451175337,1.5469276374113474,0.0008678511703015209,0.007667566867584878
2021-04-03,11.136290359497101,-1.265596235559319,18.614658307014647,0.35949396715096543,0.5554389683067374,1.3132902358359173,0.027446543916742845
2021-04-04,5.106700550918052,0.600481138838121,9.389166649351752,0.41914935281090693,0.1676806294326241,27.418518510123313,2.3097247519391644
2021-04-05,4.8284254520497685,-1.0474314588181288,10.024707226043073,0.4027655445937569,0.06768547761524822,0.05146528176355593,0.002136636287608045
2021-04-06,6.724968048528603,0.002477442964617114,13.223621579434033,0.3885909953015916,0.021082322140957448,0.7927859717212831,0.01750391848543857
2021-04-07,8.363849109622628,0.22193674939746283,14.40157879768536,0.3758273537277329,0.005181668328900709,0,4.261098009474733e-05
2021-04-08,9.384756169420626,1.0922256145071703,16.056142604097428,0.3633660039157732,0.000827307734929078,0,1.0399108237408577e-05
2021-04-09,10.506649747807941,1.9641870376911796,17.191107242665414,0.3525149839144226,0,0.01925065162334036,0.00032161144500083113
2021-04-10,11.50502249264548,3.314319691759497,18.706733411423727,0.3421658860876205,0,0.12488929515189312,0.0026539285132225524
2021-04-11,11.753892552260837,3.8529905278632204,18.246621963825653,0.33191600014977424,0,0.0005061955707400982,6.657965639804271e-06
2021-04-12,11.404440028954934,6.038687068858068,16.640093604554544,0.3226077302973321,0,0.055628123985048225,0.0009139801593537027
2021-04-13,11.125855122559493,5.152141424950155,15.31734645113034,0.31400159470578454,0,0.1584764098861239,0.0020414590835571285
2021-04-14,10.976466534661943,4.1781327267910795,15.93061867571894,0.3137082417805989,0,0.973824554255848,0.014946118314215476
2021-04-15,11.078722043409446,5.749016035364051,15.840080163833965,0.3050529723471783,0,0.0017166632915177615,2.4222313089573635e-05
2021-04-16,11.183227474131494,4.750913124896133,16.948406138318674,0.29512867758460076,0,0.002563071632266656,3.379710177157787e-05
2021-04-17,11.606185012168094,4.283185463763321,17.91162544412818,0.29798026659809945,0,2.5407895128727946,0.038997797255820414
2021-04-18,9.819136450476712,4.309968274704976,14.326633924119037,0.34267530779466554,0,6.574955709334788,0.11459246594855126
2021-04-19,12.444395195169669,3.500572951296565,17.029727822161757,0.33423426743094803,0,0.11621460001519385,0.0016800900723071808
2021-04-20,12.80110124628598,7.69463397086937,17.372929219996696,0.32021916977902676,0,1.162675657170884,0.015085301500685669
2021-04-21,9.708289916126448,2.4648295950382537,14.344413919651783,0.3139307549659242,0,0.8510383519720524,0.010362457721791367
2021-04-22,9.679072511280708,2.1439409621218646,16.769534756274954,0.30098411343621867,0,0.0013338071135741358,1.7817984236047622e-05
2021-04-23,11.829958297513077,2.6663206059882207,18.74043429760225,0.2870475119732796,0,0.0021297994976521295,2.447594987585189e-05
2021-04-24,13.33779983249962,5.343795581574158,19.04760385066907,0.27654603998711763,0,0.02005455338334325,0.00030068641013287486
2021-04-25,15.550899559724435,6.817404953976917,22.572154268305376,0.2653175949204898,0,1.0012648941638157e-06,0
2021-04-26,16.423773239352194,9.195837077688687,23.70385560380654,0.25292480955732627,0,0,0
2021-04-27,18.25356238615431,8.561467337101085,25.98255407455122,0.24163241555504758,0,0.000863607851897541,2.9168230421999664e-06
2021-04-28,19.11845513472322,9.983649201088785,26.409558170399787,0.23144605650123976,0,0.0004351138045421976,1.4584115210999832e-06
2021-04-29,19.149961228066317,10.433344155169568,26.308011578499027,0.221288307676924,0,0.0008583068797918258,2.9168230421999664e-06
2021-04-30,15.469639684798896,9.968893822203313,20.985150016622363,0.2192327783462849,0,0.4758781574118887,0.00458340695563783
2021-05-01,14.271062669686394,8.563009513692675,18.968558193774957,0.21985808568643336,0,0.23502732845062904,0.0027572855036309424
2021-05-02,17.212710390023314,7.850223882147629,23.32895507812502,0.21450925515898572,0,0.0007781576603016955,1.8705712988021526e-05
2021-05-03,18.479131214331254,12.220585794651782,24.572921428274622,0.23932146654061387,0,4.931002411431552,0.0638550266306451
2021-05-04,18.805417638467585,13.400132069689183,23.96196399445231,0.2563278117078416,0,1.1015967485702771,0.013684845985250271
2021-05-05,15.035520659101802,12.741883622839117,17.82250236348905,0.2879917577648839,0,4.241049987102214,0.06251087848176347
2021-05-06,14.552036975292465,11.455497644302715,17.85968881160657,0.29239033908708717,0,3.163555708235019,0.03345374097215368
2021-05-07,15.727481509269573,11.254048643720935,19.728514715965776,0.29158244572632697,0,1.4897853770104847,0.017564854723341922
2021-05-08,17.467611180298743,10.770782275910094,22.95810072878576,0.28385415855028956,0,1.6035866864184114,0.017892616860409997
2021-05-09,16.060568827094777,11.441381121696333,20.79740094124005,0.29402464197037065,0,3.479867322616496,0.04026363504693863
2021-05-10,15.13036461417559,11.054860281437024,19.536856663480737,0.3331908422158965,0,9.214077194580346,0.12475226787810628
2021-05-11,15.507414737999023,9.577546139980907,20.975819234645137,0.3204589492040323,0,0.03548112319133499,0.0004708766937255859
2021-05-12,15.924548867408287,8.999989221451152,22.008304936835128,0.29170619612889925,0,0.0017195939676639682,1.7817984236047622e-05
2021-05-13,16.186027978667163,9.816794472552381,22.40200344653842,0.2692000774627036,0,0.0022671474636247672,2.1812763619930185e-05
2021-05-14,16.202567529340175,9.987901728203978,22.548669433593773,0.25027703630163317,0,0.0017425424516659405,1.5154797980125914e-05
2021-05-15,16.864090861327266,9.662747581968938,24.000485619078315,0.23374814513727282,0,0.0025601584638934582,2.447594987585189e-05
2021-05-16,17.575673204787268,9.010881789187188,24.478237070935858,0.21993857309327902,0,0.002234365314158841,1.756434744976936e-05
2021-05-17,18.20746508118109,8.947813707716945,24.831164745574323,0.2074113994625443,0,0.000852346317969932,2.9168230421999664e-06
2021-05-18,18.35965786386046,10.083989634412424,24.993686237741045,0.19634597453665226,0,0.0008583069366352447,2.9168230421999664e-06
2021-05-19,18.663063674277474,10.742509752638817,25.10284761469417,0.18632864715359734,0,0.0008583068797918258,2.9168230421999664e-06
2021-05-20,18.91664632702552,10.65312506493104,25.586158200527784,0.17794669672107022,0,0.052045888043644385,0.0004162813754791909
2021-05-21,17.748950211545267,11.075383807243208,23.08456641663898,0.17176602681477862,0,0.11371951153937808,0.0009570984130210064
2021-05-22,17.80116290910872,10.745355549264485,23.683805554978413,0.16587886404483876,0,0.009148298425877348,5.446849985325589e-05
2021-05-23,16.714657654999012,10.548443863239717,23.344059850814517,0.171769776581027,0,2.5293857493299114,0.02522443203215903
2021-05-24,17.835587708493524,11.057763152426885,23.577824823907104,0.18890614611037232,0,1.5509529618442377,0.01302348806502971
2021-05-25,18.769356028238967,11.015736681349756,25.321171147772624,0.19036040069363638,0,0.941192089243138,0.007245261618431578
2021-05-26,19.806109289074644,11.246101866377183,26.29756437261056,0.18256481251818069,0,0.18214441045147203,0.0012507464023346596
2021-05-27,20.763838287786403,11.566907582384498,27.22583910353643,0.17141200938123335,0,0.019377216379693214,0.00012884748742935504
2021-05-28,21.92691074668941,13.904703537961293,28.71294834867439,0.16189568972756677,0,0.12877076230150586,0.0008320554773858252
2021-05-29,22.08461879973719,14.661843157829145,28.53713885368187,0.15879133508560503,0,0.6837402252440757,0.004816562571424119
2021-05-30,22.66847784434653,14.668222825070668,29.555737044963454,0.15260015717634917,0,0.002666229851882313,1.3823204852165058e-05
2021-05-31,22.78694148773845,14.412667716817674,29.961599666514314,0.14625350194619902,0,0.11623045231433624,0.0005871691602341672
2021-06-01,23.58391102459417,14.943796555539418,30.912717518907932,0.15991041846309145,0,2.9380534492796615,0.02291583000345433
2021-06-02,23.704471699058598,14.875419259578646,30.64254351676781,0.1624772660275723,0,0.050478920023492045,0.00031165620113940943
2021-06-03,24.539426808999814,15.157435380651616,31.627574320042406,0.15107506555868377,0,0.0012771693036484066,2.9168230421999664e-06
2021-06-04,25.2816796485414,17.006117995241876,32.228881706075484,0.14204734639918548,0,0,0
2021-06-05,27.275763245170033,18.143204124937686,34.5348617229056,0.1349312829633131,0,0.0004261732051702438,0
2021-06-06,26.81421571826259,17.485793612865717,34.659032099297725,0.13136601549513793,0,0.2907837959081586,0.001630123625410364
2021-06-07,25.99855467613708,18.628952935401454,31.55376625872675,0.12903172919090758,0,0,5.580009298121676e-06
2021-06-08,23.25507919095088,16.496825068047727,28.574913252160925,0.127113380161583,0,0.08402929650889959,0.0004604141762916078
2021-06-09,22.47106827539758,15.815484229554544,28.37281753864696,0.12530432897256621,0,0,0
2021-06-10,22.603862556836305,15.104740808365216,29.294198997984562,0.12381226018810948,0,0,0
2021-06-11,22.625574761248675,15.197724947016312,29.103866512217444,0.12363327513349816,0,0.1758613484971067,0.0009686388867966671
2021-06-12,22.488400614853468,15.483609008789083,28.636656026637326,0.1227983569422512,0,0.0011557594258734519,2.6631862559217086e-06
2021-06-13,21.6090098333697,14.529712693234728,27.25796424378742,0.12305975027963625,0,0.2654350817448524,0.0013625368158868016
2021-06-14,20.40199016002901,13.0973312702585,26.68522670015378,0.12284541840248919,0,0,0
2021-06-15,19.635211189757015,12.21365992769284,26.058674524185523,0.12171248848556625,0,0.0008467811198897834,0
2021-06-16,20.33907529952681,11.826698920067344,26.969812336373856,0.12088956900522217,0,0.000852346317969932,0
2021-06-17,21.077423406830942,12.498872083298725,27.45862342347492,0.12028879206231298,0,0.002142786968306609,5.580009298121676e-06
2021-06-18,21.948526147071355,13.85662056131568,28.318194774871195,0.11980296195821558,0,0,0
2021-06-19,22.658207337399755,14.637629342586457,28.993070886490212,0.11941465012570644,0,0.0012839790315410937,1.4584115210999832e-06
2021-06-20,21.002786346868444,14.273652486598262,27.119068486639815,0.11915643570270944,0,0.001722058641462354,4.37523456329995e-06
2021-06-21,21.09968948905352,13.744086797186691,27.401008118974424,0.11894299933250914,0,0,0
2021-06-22,22.135334658791848,14.454436671480241,28.581551734437355,0.11873509562607354,0,0,0
2021-06-23,21.580374673072356,14.890375859686689,28.146792537608068,0.11859109756794381,0,0.0012852091799686605,2.9168230421999664e-06
2021-06-24,22.345109439065304,15.044089589220432,28.51101970266791,0.1184635432899421,0,0.0008553266184208042,2.9168230421999664e-06
2021-06-25,22.11497399620977,15.37958055861455,28.24059026190577,0.11836327086103723,0,0.0012878037409791432,2.9168230421999664e-06
2021-06-26,22.595116638291827,14.95261879778925,29.26898966038483,0.11827458320780003,0,0,0
2021-06-27,24.036080794638785,16.236533047290582,30.503156686336457,0.11816492283597903,0,0,0
2021-06-28,24.534980638652865,16.45793463524354,30.853115000623358,0.11806726117506094,0,0.000852346317969932,1.4584115210999832e-06
2021-06-29,24.33460332992232,16.976244532808366,30.646487946205973,0.11954736912504155,0,0.38213603039507915,0.001713253082113063
2021-06-30,24.46450765893816,16.82799890396445,30.785128589386655,0.12423131144638602,0,0.7858792517024394,0.004461534479831128
2021-07-01,25.12248994813745,16.462554282330473,31.663149699759,0.12570668754848183,0,0.22419133084885617,0.0009966023424838452
2021-07-02,25.060248654954002,17.27549594311006,31.716675778652778,0.12373119922394447,0,0.00878965601007989,2.8153683276886632e-05
2021-07-03,25.632976569858865,16.76256441156917,32.647930778341106,0.12180875954053079,0,0.037857953458705136,0.00017615074807025017
2021-07-04,26.40071776640333,17.347258807243207,32.98939118080953,0.1205348806178316,0,0.01285674142323803,4.5971667512934254e-05
2021-07-05,26.82633293909386,17.838796477622193,33.73213780179939,0.12085974131915585,0,0.2795743209743066,0.0010976766018157308
2021-07-06,27.17342218169085,18.2615455140459,33.536745111993035,0.12040231582966257,0,0.0036231380827883453,1.7817984236047622e-05
2021-07-07,27.869932680603476,18.904706979305207,34.768636760305874,0.11932634935311393,0,0.0008583068797918258,2.9168230421999664e-06
2021-07-08,29.434533664351687,20.15150659439414,36.68314163532664,0.1186528388490068,0,0.0004401270530252077,0
2021-07-09,27.278495972545443,20.728825670607566,33.253543805061526,0.11828028361002604,0,0.0012814997489840607,2.9168230421999664e-06
2021-07-10,24.117956018109716,19.169819089199656,28.71810354679191,0.11811232059559923,0,0.000852346317969932,2.9168230421999664e-06
2021-07-11,22.912062603023916,17.076883648811524,28.22250496072974,0.11812476841270501,0,0.027964723768791177,0.00012269679536210728
2021-07-12,23.17327750185705,16.649067201005675,29.09594700590095,0.11812967340996923,0,0.00207183199776448,5.580009298121676e-06
2021-07-13,23.178290414472013,16.352290246841775,28.97577722427695,0.11799318029525431,0,0.0017163601455649768,1.4584115210999832e-06
2021-07-14,23.51190496133577,16.295352432575655,28.912290857193334,0.11793420128788505,0,0.006050251768400924,2.1939582013069312e-05
2021-07-15,22.84278288496304,15.968375672685362,28.556031377264812,0.118080480047997,0,0.18423592780412404,0.0010717422404187792
2021-07-16,20.918433312490503,16.47225633986455,25.99010399351731,0.12397406016681212,0,0.8979310380651595,0.004002768942650328
2021-07-17,23.36834316659483,16.271867078415912,28.772459898603746,0.12386947523617574,0,0.04153682820254076,0.0002003730611598238
2021-07-18,24.121357464621287,18.66859280200717,29.62020400027013,0.12200487285641068,0,0.0017106532368416083,2.9168230421999664e-06
2021-07-19,24.22801486887832,18.50059775494517,29.600435881919072,0.12071997459898602,0,8.953378555622506e-05,0
2021-07-20,24.41356989813192,18.027427381150286,29.941063738883834,0.11982164585843999,0,0.0021177403470303145,8.908992118023811e-06
2021-07-21,23.830599856545764,17.168468069522962,29.786330397585626,0.11926619347105634,0,0.02002614609738614,7.957854169480344e-05
2021-07-22,24.28893120948308,16.63693776232133,30.583819774871202,0.11882981645300034,0,0,0
2021-07-23,25.621568785322502,16.515076527696998,32.07650854232465,0.11841355181754903,0,0.0008583068833445395,0
2021-07-24,27.910210056169678,18.380152990462953,34.4477673469706,0.11810887925168301,0,0.0008583068797918258,0
2021-07-25,28.819175906891548,21.833850876828482,34.456681791264984,0.11792356612834523,0,0.000860500051658164,2.9168230421999664e-06
2021-07-26,29.060765719582882,23.687926401990545,34.30958667511638,0.11781125170119265,0,0.0008583068797918258,2.9168230421999664e-06
2021-07-27,26.470841309026643,20.400645609104906,31.712832446808534,0.11775632547148573,0,0,0
2021-07-28,25.138010844778535,19.430775224401618,31.087784203062686,0.11771846257203013,0,0.000852346317969932,2.9168230421999664e-06
2021-07-29,24.698540943226927,18.51278082664979,30.440671490608402,0.11770821970405307,0,0.0021492319888238853,2.9168230421999664e-06
2021-07-30,23.19929903449744,17.82053482380321,28.37782657704457,0.11770150475468194,0,0.0008583068797918258,2.9168230421999664e-06
2021-07-31,24.360546739727067,17.94989065616691,29.786111255402282,0.11780710152700437,0,0.2504093059759298,0.0009765650363678627
2021-08-01,23.20801612908115,17.61340078800285,29.30355542771362,0.14519785346714317,0,3.9759583295205063,0.01968443393707275
2021-08-02,23.838103149630527,16.886312281831806,30.27303161621096,0.16171059304095325,0,2.054867254521405,0.010015989871735267
2021-08-03,23.909839551668664,16.872852211810194,30.617339373649457,0.1630211038792387,0,0.5407174900836524,0.0022954129158182343
2021-08-04,23.75578308917109,16.97605558354806,29.691710192091946,0.15314273428409655,0,0.07395110231764772,0.0003632078779504654
2021-08-05,23.95662420827449,17.420943694419073,30.269986221638153,0.1431321732541348,0,0.027574313447830522,0.0001310668093092898
2021-08-06,24.204641845378482,17.31403139804274,30.583605307721097,0.13562134005499224,0,0.0009974900371297675,6.657965639804271e-06
2021-08-07,24.650487943067635,17.539759859125688,30.698239460397296,0.1301827126360954,0,0.0004351138045421976,0
2021-08-08,25.118546476431796,17.642687274040085,31.77163059965095,0.12640618669225814,0,0.0012945832281729963,2.9168230421999664e-06
2021-08-09,24.416382057785164,17.088456953332802,31.453952675677378,0.1238080802538716,0,0.0008444112609140575,0
2021-08-10,23.4968717047509,16.412679923848927,30.122593916223423,0.12203497108838235,0,0,0
2021-08-11,23.848969017191163,16.90447640926282,30.02982385513632,0.12079350897606382,0,0.001707026910935383,2.9168230421999664e-06
2021-08-12,24.17877439133666,17.043191528320335,30.522672093168236,0.11991020635510168,0,0.001309018387019023,2.9168230421999664e-06
2021-08-13,22.299223195069253,16.01384069564497,28.379605557056202,0.11931518392359956,0,0.001281411890374784,2.9168230421999664e-06
2021-08-14,20.607258984721327,14.938799009931868,26.543552349983397,0.11893441491093196,0,0.00216250612083968,2.9168230421999664e-06
2021-08-15,19.805632657531334,13.879555495241878,25.878613476043075,0.11865468397208138,0,0.00042649025612689076,3.741142597604305e-06
2021-08-16,20.4646620432536,13.309627516726252,27.100257970931704,0.11842754174631538,0,0.0017195939108205494,2.9168230421999664e-06
2021-08-17,21.763203857638338,14.407203771712954,28.551776577564016,0.11823893878476838,0,0.00042021264334834996,0
2021-08-18,22.35342809528327,15.647049989091611,28.650513929001846,0.11809162112837987,0,0.002157688072657038,2.9168230421999664e-06
2021-08-19,22.392532267469072,16.001033377140146,28.6550799430685,0.11807977662864305,0,0.02064019367887166,0.00018997395292241523
2021-08-20,22.833341062829874,15.743558972947165,28.633467264378346,0.11804774128798895,0,0.004604061029538649,1.7817984236047622e-05
2021-08-21,22.665481616081088,16.194540015687355,28.708678160322496,0.11793364666877908,0,0.000852346317969932,2.9168230421999664e-06
2021-08-22,22.04265240337834,15.455654192985394,28.10005447712353,0.1178463929088403,0,0.0004261732051702438,0
2021-08-23,21.70371922161564,15.341472349775621,27.789122885846094,0.11779280317590592,0,0.0004351138045421976,0
2021-08-24,21.899273559894986,14.422302505817843,28.303326156291572,0.11775438024642619,0,0.0017090805499719863,2.9168230421999664e-06
2021-08-25,22.462710609165512,15.383026902219104,29.017019523458302,0.11773342105513769,0,0.0025976571009778127,2.9168230421999664e-06
2021-08-26,22.695462182227622,15.189211386822661,29.315921929542075,0.11770986732861674,0,0.0012934207802572928,2.9168230421999664e-06
2021-08-27,22.20105500728529,15.18268542999919,28.77347671833446,0.11769910501250137,0,0.0017217039953720814,2.9168230421999664e-06
2021-08-28,21.990316182670885,14.87572813642788,28.642284506939852,0.11768424663137882,0,0.0004261732051702438,0
2021-08-29,21.84277439252708,14.76135909709527,28.382015861348922,0.11796372866799645,0,0.06520807709169643,0.00024000380901580162
2021-08-30,21.69654064313742,15.292106206366377,27.81334683032748,0.11808208979613391,0,0.0004410743663640915,0
2021-08-31,20.03778941918775,13.872873314390814,25.490518318338623,0.1179588236707322,0,0.0007563447943636113,0
2021-09-01,20.108771842253148,12.802241548578811,26.555536278258,0.117882594656437,0,0.000852346317969932,2.9168230421999664e-06
2021-09-02,21.238386638451995,13.523210890749688,28.232491091464446,0.117818331887536,0,0.0017190739072248107,1.4584115210999832e-06
2021-09-03,21.72513027596983,13.439445268346931,29.275997015770464,0.11778582850246565,0,0.004287825504434295,7.292057605499917e-06
2021-09-04,22.447372804465896,13.898236798225588,30.099410296501016,0.11775223752285571,0,-1.446096575818956e-07,0
2021-09-05,23.034019264599984,15.730122407953811,30.348353609125688,0.11771067084995566,0,0,0
2021-09-06,23.10219662984214,16.814482993267973,30.22237120283413,0.11769197612789505,0,0.0017201011246470443,2.9168230421999664e-06
2021-09-07,23.629068466619426,17.154335833610393,30.816432741855074,0.11768172514354083,0,0,0
2021-09-08,24.058721066197627,17.241794927069503,31.540105941447827,0.1176682708956671,0,0.0004351138045421976,0
2021-09-09,20.831470741109683,14.381496543072661,27.30640473061422,0.11767399294156554,0,0.0008468390433336026,2.9168230421999664e-06
2021-09-10,18.332446353993532,12.436830691073826,24.62884144884477,0.11769781721399185,0,6.492086868092883e-06,0
2021-09-11,17.162755049035926,11.130567380215282,23.249643528715115,0.11771603036434093,0,0.00010475199273292054,0
2021-09-12,17.45949549302988,10.431579070395633,24.310362730634992,0.11772697394621286,0,0,0
2021-09-13,18.177099065577746,10.851813198657768,25.672021224650948,0.11773566929161125,0,0.0021517276422855502,2.9168230421999664e-06
2021-09-14,19.45872156941301,10.795662543114219,27.262559606673893,0.11773379170302803,0,0.000852346317969932,2.9168230421999664e-06
2021-09-15,21.23170599159623,12.230585950486226,28.343421319190508,0.11772197966879985,0,0.0017225742112714215,2.9168230421999664e-06
2021-09-16,20.77623246375553,13.263328195125519,28.282597448470767,0.11772254510974207,0,0.0017225742112714215,2.9168230421999664e-06
2021-09-17,21.530554797125205,13.21605036309427,29.662833810359896,0.1177063556427651,0,0.0008595241638431617,0
2021-09-18,22.46331579871213,13.915807780813683,29.561887505713948,0.1176925334524601,0,0,0
2021-09-19,21.155339561624746,13.502449457696166,28.35027628147858,0.11768777184452571,0,0.00042987102233382757,0
2021-09-20,19.184063831626972,12.800621259973427,26.218438266186027,0.11768969813137188,0,0,0
2021-09-21,18.37051922683177,11.547082909117377,24.753137921272458,0.11770747840827239,0,0.000852346317969932,0
2021-09-22,17.357367543971318,10.732124166285761,24.17421985382731,0.1177277477075022,0,0.000852346317969932,2.9168230421999664e-06
2021-09-23,17.918923825744205,10.643609164623527,25.450333096118705,0.117739137690118,0,0.0012814998058274796,0
2021-09-24,18.623689913918817,11.09100965134643,26.42940959524603,0.11774082860202653,0,5.904496447328711e-06,0
2021-09-25,20.05903630628657,11.241161330202814,28.556570109915246,0.11773266082114361,0,0.0012841062471125042,2.9168230421999664e-06
2021-09-26,20.413848944589635,12.139674994286091,28.432621213223097,0.11772321606358736,0,0.00042319288695580326,0
2021-09-27,15.94288774314504,11.832999890915914,21.028977479325988,0.11775155033625609,0,0,0
2021-09-28,17.439397411481735,12.068383269614383,23.771850196351416,0.11779028168806792,0,0.00258088101645626,2.9168230421999664e-06
2021-09-29,17.50076205747349,11.118736104762322,24.00736304749836,0.11781560478480993,0,0.0008441930390290509,1.4584115210999832e-06
2021-09-30,16.784165589352888,10.295065177755175,24.060754004945167,0.11782402146792581,0,0.0004351138045421976,0
2021-10-01,14.673915311123485,8.574910460127183,21.697093882459296,0.11786694087035265,0,0.051335197791230074,0.00018198439415465008
2021-10-02,11.59805621695013,6.781548682679542,17.535233258186523,0.11828140908099234,0,0.0023976355160712916,8.496832340321642e-06
2021-10-03,10.96147889482216,4.854694577480907,16.84343242239447,0.11825058308053522,0,1.4867254094497184e-06,0
2021-10-04,10.780409156853452,4.087453704184696,17.606907621343105,0.11821570971333388,0,0,0
2021-10-05,12.852045454201143,6.731540371509331,19.804221100502847,0.11818749448086353,0,0.01260701635964266,4.8698262965425524e-05
2021-10-06,12.341621837210175,7.145271268804044,19.11985272346661,0.12092025702726752,0,0.391126439932867,0.0016565018511833026
2021-10-07,12.88554308735734,6.957490831740381,18.894967716298225,0.12074561423443733,0,0.0009543084083719457,2.9168230421999664e-06
2021-10-08,11.76559920344795,7.270059204101585,15.875595222635493,0.1272413429639018,0,2.115081345781367,0.008346742772041484
2021-10-09,5.683826892933969,1.9618606892038124,7.331203119805541,0.15867650187607352,0,2.8748083621897593,0.011902984152448937
2021-10-10,4.324016938987371,-0.26849975585935226,8.80301182523689,0.16334906774209743,0.0018831726507092196,0.0003695487976074219,0
2021-10-11,6.418619632044607,-1.0084130469788668,13.044288472926386,0.15878470941638267,0.0015347960992907802,0.0008645750426694576,0
2021-10-12,8.762858251476972,1.6601968968168446,16.227212849069172,0.15403356619760497,0.0009841810726950355,0.000852346317969932,2.9168230421999664e-06
2021-10-13,10.337414680643317,2.3075484904837325,17.556575239465616,0.149793944122098,0.0003023188164893617,0,0
2021-10-14,10.73517230689951,3.6635208454538124,18.809979832426052,0.14602931678717865,0,0.0021594590862150653,2.9168230421999664e-06
2021-10-15,11.084052279316804,2.995757407330475,19.493654356611557,0.14248047686637716,0,0.000852346317969932,1.4584115210999832e-06
2021-10-16,10.663652365934784,3.7930464074966976,18.55920156925285,0.13939883455317073,0,0,0
2021-10-17,12.116460467399458,4.293831942943839,18.774801960397294,0.13675849048803881,0,0.0017106532936850272,2.9168230421999664e-06
2021-10-18,12.496711538869457,7.950806508165746,18.71562928544716,0.13467327686066324,0,0.0008702277796146518,2.9168230421999664e-06
2021-10-19,12.817884123240823,7.723015058801552,19.30091195613782,0.13293925346212182,0,0.0344263745928595,0.0001277061218911029
2021-10-20,12.299125076185756,6.694714485330807,19.35977172851565,0.13207349574312252,0,0.20073658608375708,0.0007595153565102434
2021-10-21,7.13621927356046,1.9451317969789121,13.284973404255341,0.16579097991294048,0,5.680650853096171,0.03184194260455192
2021-10-22,3.0764637236899897,-0.7670256919048974,7.500934292407767,0.19762034855835828,0,0.017981896918230475,9.295788217098154e-05
2021-10-23,5.799819291567989,-0.8383558557388402,12.57517596305687,0.19042257484814798,0,0.0008583068797918258,2.9168230421999664e-06
2021-10-24,8.622298669476892,-0.15669302433092805,15.980373041680542,0.1833432596626011,0,0,0
2021-10-25,10.148286251311637,4.581346227767642,15.9716337812708,0.17706024224031053,0,0.007997429402118365,2.8724366046012713e-05
2021-10-26,9.278032540936863,5.0465339173662125,14.706805030335794,0.17162802405391178,0,0.000852346317969932,2.9168230421999664e-06
2021-10-27,9.693046277634656,4.249284200465448,14.435080475502849,0.16722544947414533,0,0.0046299492036017366,2.1939582013069315e-05
2021-10-28,4.632533832306568,2.026702491273294,7.480546862013819,0.20017424509034934,0.4013117796985815,5.039871182847531,0.02307952084439866
2021-10-29,4.930943106252275,0.2582327335439057,10.73202793851814,0.2095214519094913,0.5480035876551418,0.013574450574022656,0.00031657041387355073
2021-10-30,7.224721978911298,-0.6391988551362804,14.300935266373028,0.20163817980610732,0.30805352393617025,0.000852346317969932,0.0001848378080002805
2021-10-31,5.726298593291181,-0.5087303648603496,10.345770003947829,0.19765585500297814,0.195502618018617,0.3182139168394372,0.001505778190937448
2021-11-01,5.122349970391487,-1.2724015905501764,12.177289078083467,0.19196476496703233,0.12247236535904256,0,7.843717615655128e-05
2021-11-02,6.557414343002024,-0.6761776538605159,14.24286992499171,0.18600161126319395,0.07161077404698582,0.001713645133349928,6.30287413901471e-05
2021-11-03,8.25927701097855,2.1492041405211326,14.654101367706968,0.18112666082720383,0.039495719747340424,0.12056944079230114,0.0004770273857928337
2021-11-04,3.6069047643783403,-4.00008681277009,9.802645744161426,0.18293044989836127,2.084670046542553,2.104588488742457,0.004341500870724942
2021-11-05,0.44690120237095243,-4.320906683739173,6.666849534055042,0.18569286698145224,5.788222725509751,0.0013810522558103796,0.0019358193620722345
2021-11-06,1.3838440644825785,-3.837023016746985,8.32588663304108,0.1848853090976147,4.251036125886524,0.0004261732051702438,0.001606852450269334
2021-11-07,3.6358811182333515,-3.928564453124977,8.888588049056706,0.18340620757840204,3.069636524822695,0.0020570731120197376,0.001178745259629919
2021-11-08,2.7495813139787026,0.4400745148354615,5.8912532075922766,0.19639019526488388,2.5563331117021275,1.9711320689501182,0.009262530093497418
2021-11-09,4.499895636917031,0.46551189016790834,8.817783956324822,0.20551227001433678,1.83611445866578,3.1382801321794735,0.018695123652194407
2021-11-10,4.121727603885303,-1.5975408026512405,9.601715087890648,0.2746396653195645,1.0464802194148937,3.994308090981325,0.026298583822047455
2021-11-11,5.094196013863238,-2.347507752763441,12.768901029546232,0.25942553797512186,0.5849955673758865,0.0017131405911641195,0.0004192616077179604
2021-11-12,4.496968779327201,-0.5014694538522046,10.22656736982632,0.2453326367317362,0.32795462101063827,0.0012928152841595875,0.0002553488345856362
2021-11-13,5.194974701793497,-0.7447079922290331,11.110105603806538,0.2351114421871537,0.18044727947695033,0.11077529566741662,0.0005495358020701307
2021-11-14,3.0664611410587534,0.5876193432097966,5.993440863426717,0.22801638122991466,0.11016629266400708,0.007506761042766308,9.923539263136844e-05
2021-11-15,2.4930041942190693,-2.6517576177069255,8.996037779463121,0.22109639593895447,0.06881129488031915,0.0009505037542596178,4.8698262965425524e-05
2021-11-16,6.173119494931937,-2.420959537587245,13.930589651554213,0.21483219227892283,0.040997271165780134,0.9634292505929709,0.0029778226892998878
2021-11-17,-4.202667390539273,-8.576470297955428,-1.6487463119181953,0.21612905407628266,36.28659061945921,6.129516312314245,0.00021616195110564534
2021-11-18,-2.6307561103333588,-8.775665153341068,3.0318996348279814,0.21869846641594634,38.01568213929521,0.001116255491436814,0.004604649036488634
2021-11-19,-0.7910623590996698,-4.926722165371486,6.757500116875854,0.2254557859813068,32.030731937056736,0.0008523463748133508,0.006653273359258124
2021-11-20,1.9877404152079177,-5.037457729907723,10.473134142287256,0.23471018743853198,24.398672290558512,0.0012755393754559918,0.008809883543785582
2021-11-21,4.8001103232093145,-1.2062735699592526,11.970883828021131,0.24171271087430043,16.97188296487145,1.3030444279138464e-05,0.007910677727232588
2021-11-22,6.030475207930788,-0.2578939884266727,13.038891211976416,0.24462358461204148,10.82261365525266,0.0021457671550706436,0.006524489281025338
2021-11-23,6.259210597369708,-0.6324695343666661,14.47720187572725,0.2450469618993448,6.387176210660461,1.078975644483346,0.010072011896904478
2021-11-24,5.552912285987395,0.3259957171501224,12.186321761760327,0.27354252321500305,3.7605434120124115,2.6994478194134723,0.019551464851866374
2021-11-25,7.276113050203824,0.19283291431185776,14.584131313892145,0.266023595282372,1.8191139599955672,0.08528720821865869,0.0026404223543532346
2021-11-26,3.85151363940953,-0.22377040132560896,8.441471245948327,0.255454527401755,0.890355233266844,0.042186962797286655,0.000813032718414956
2021-11-27,3.0983075432743887,-1.3229154546209878,9.646633781270799,0.24632175256174507,0.5402385305851064,0.0008553266184208042,0.00041615455708605173
2021-11-28,3.9561587042842685,-0.8039561819522711,9.867386318774956,0.2389107048088777,0.32084580008865243,4.368416739453096e-07,0.0002275121972915974
2021-11-29,4.666903602654234,-1.7795423791763398,12.183561414353411,0.23213399251302083,0.18888727282801418,0.0004351138045421976,0.00015566957757828082
2021-11-30,5.890305942508364,0.29077531530504264,14.262921142578147,0.22538199729107797,0.10405446586879433,0.0017195939676639682,0.00010005971218677276
2021-12-01,6.982894337430942,-0.5933919054396382,16.707833537649623,0.21918621198505372,0.054425698138297875,0.0008553265615773853,5.377099869099069e-05
2021-12-02,9.507850360194023,1.5397908312209336,18.81326254986704,0.2131608651884904,0.026930961879432624,0.0017225741544280027,4.521075715409948e-05
2021-12-03,9.432004717563068,4.318939533639484,14.545321785135494,0.20921345703990746,0.014177471187943262,0.000852346317969932,1.3315931279608543e-05
2021-12-04,4.816677071862195,1.6347418602476955,9.02215102175451,0.20654742734652037,0.007985649379432625,0.15492185542283785,0.0007262889375077917
2021-12-05,2.930747160674855,0.35183222344583387,6.3469301913647165,0.20534870878179023,0.004871038342198582,0.0668253961114889,0.0003188848495483398
2021-12-06,4.616202244860084,-3.055551342253967,11.358520702605574,0.2022868866616107,0.0029224152260638294,0.001714108634587319,1.2237974937925945e-05
2021-12-07,5.452302448462102,0.6671406198055412,11.102680222531607,0.20048817573709687,0.001333942819148936,0.24002820541101483,0.0010231073866499231
2021-12-08,2.112290684043973,-3.287591682596386,8.797663911860063,0.1978057455509267,0.0008726728723404255,0,0
2021-12-09,2.879417514124682,-3.312274819232025,12.459957106570002,0.19454202854886965,0.0006177969858156029,0.0017239907492694329,2.9168230421999664e-06
2021-12-10,6.423236860451148,-2.7885001973902694,15.387486883934532,0.19166418576071445,0.00016345301418439716,0.000852346317969932,2.9168230421999664e-06
2021-12-11,6.240982253162603,1.8115696034533142,10.804291355863553,0.1897733728936378,0,0.275349236515109,0.0012098474705472906
2021-12-12,3.5904141771032614,0.42345425220248284,7.692666301321498,0.19015067621325768,0,0.5342247638296573,0.0024229288101196285
2021-12-13,-0.2396769665656885,-3.254605167470057,2.5957598097781145,0.2528404966313788,9.924397786458332,11.806602744311862,0.04693719934909902
2021-12-14,-2.912091194315148,-5.204047085376473,-0.04100582041636694,0.27059612409442874,33.6442206200133,0.749060574952772,0.0005143119933757376
2021-12-15,-1.5707101348443848,-5.0812835693359135,2.258144427360395,0.2607606062652371,33.699159879210995,0.01699943491255731,0.0012248754501342773
2021-12-16,-0.828005897576058,-3.735859712641267,4.366154642308035,0.25842645523395946,30.1017889793883,0.0007047298106741398,0.006131415671490608
2021-12-17,0.9393299400383974,-4.520084137612177,9.971176926633168,0.26008630306162733,24.85416493517287,0.0004351138045421976,0.0071937099416205215
2021-12-18,3.5806858955545815,-3.490782262923847,12.488705444335958,0.26227782499705643,19.176811488807623,0,0.007618868604619451
2021-12-19,4.73305356722354,1.1132479403881541,9.395747667677881,0.2928395751520252,14.582734236480494,6.174532656973981,0.049395130035725036
2021-12-20,3.716857617966695,-1.6994851619639066,11.434186829911924,0.31119240835203343,10.901911222850176,0.01997288236089902,0.0074495660497787145
2021-12-21,5.981614749989629,-1.811060479346719,13.203878849110726,0.3036380578440132,6.989389752327128,3.531926109434289,0.03301228614563637
2021-12-22,4.519078688925916,1.552099934030109,9.26131883986455,0.3320342232994999,3.9808967752659576,5.804028282671937,0.052070871312567525
2021-12-23,2.450927880469803,-2.2271191536111807,7.7926629898396165,0.33795111635898023,2.870008795988475,0.9332111541261064,0.01091671750900593
2021-12-24,1.4726633112481526,-3.3158729066239796,7.830923916431207,0.3110066434170337,1.9353674922429076,0.24607397130108785,0.002819933789841672
2021-12-25,2.5550046609648764,-0.9685552718791328,7.597222121218439,0.3153222050227172,1.566768478501773,5.378011756754936,0.04289239010912307
2021-12-26,-2.2471474045557294,-4.119987779982523,-0.1734371104138736,0.3353626711148742,48.372233072916664,10.079651175956458,0.008412307881294412
2021-12-27,-4.101916198189347,-7.256602705285882,0.6301833781790454,0.3170878308884641,63.46140881261081,0.020468052022632497,0.0027018024566325734
2021-12-28,-1.736991679414772,-5.9984680175781016,5.689386830431372,0.31353748943788784,57.79752915835549,0.0004410743663640915,0.009544352267650847
2021-12-29,-0.6323831057717363,-5.066003093313641,8.159996454766478,0.3156782786051432,49.76129453402039,0.004266559567867034,0.012618493526539903
2021-12-30,2.00632374540291,-4.531606471284883,8.709420711436193,0.3187437341568317,41.119522246232265,0.0017276387187306912,0.013692708725624893
2021-12-31,4.09507496340057,-0.4559164493641727,9.534903798204809,0.328888797083645,31.22803877160904,1.7476238467836878,0.02947208729196102
2022-01-01,1.4086968306954288,-0.5355170067320252,3.3096781629197363,0.3769229672479291,28.152517938275707,10.997305144575362,0.1204556607185526
2022-01-02,4.137041221781014,-1.3508955285904027,9.371581836456972,0.38291085155297677,26.135998102282795,5.126390558608034,0.07188187000599312
2022-01-03,4.000654637221775,2.6092730583028816,6.8747726765085,0.40299197257833275,19.567214857601947,16.50975505735503,0.2553583459651217
2022-01-04,2.211414832257233,-1.22151781447388,5.379424659242044,0.4062181756851521,12.160259793328901,3.1623638690786153,0.05861279812264949
2022-01-05,2.2535899980693994,-1.088333909054997,5.902377124542908,0.3905445044767772,8.61098286513741,2.7826612934153125,0.04360415834061643
2022-01-06,0.7839270733772719,-1.8152773593334213,2.920526772357071,0.40579650283705254,11.012174132867909,7.585285255147191,0.0962247239782455
2022-01-07,-0.16294831079791994,-3.594327366605695,4.171833833735063,0.38347075983142176,14.137900667664006,0.00493082584132432,0.009511633122220952
2022-01-08,-0.3564688283500701,-4.059924965716401,4.042206654650122,0.3714016285348446,10.96395826407358,0,0.008209969135040933
2022-01-09,-0.33459865759449436,-3.9488239694148706,5.340918618060195,0.362754532293225,8.212736522052305,0.0008553266184208042,0.007178111279264409
2022-01-10,-0.14505436944620614,-4.185102422186646,5.934166896089617,0.3554043113762605,5.99571212876773,0.0012858445188612677,0.005706035076303685
2022-01-11,1.088957517366921,-4.290323720079764,9.041100424908599,0.34900120674295626,4.210830839982269,0.0012904404798064206,0.004700904196881233
2022-01-12,3.07765314629739,-1.282068000955762,8.71573590217755,0.3462303107511913,3.020674382203014,1.587854928158699,0.017765037556912035
2022-01-13,1.5351179244670639,-1.7943730780418656,6.739530133186525,0.3539536739917512,2.9611366217863475,1.221667192662414,0.016531982320420288
2022-01-14,6.043215812520805,-2.068509300718893,10.625428934300222,0.34552990798409094,1.9179123033023049,0.5500199312745706,0.00902427003738728
2022-01-15,7.1152369965898385,5.079509589012655,9.982149424451485,0.35341340734603555,0.9816226174645389,5.098986637462163,0.06680184222282247
2022-01-16,6.55981934730046,4.215379301030607,9.78395781821395,0.3805215280952182,0.4392349567819149,9.058791145365287,0.1388995571339384
2022-01-17,4.170982858644324,1.1597382890417447,5.680450114798061,0.41701871452602085,0.23051411513741135,14.343697390610574,0.29024088636357737
2022-01-18,4.336497892555634,-0.31135968147437887,9.567607214095768,0.4145284314527579,0.1579908438608156,14.705634490226588,1.4883804511516652
2022-01-19,-1.7906340037677095,-5.701402250249311,1.1584669397232605,0.4089123556799921,25.174592060062054,8.735676395132186,0.37971116760943796
2022-01-20,-0.4876580475069714,-5.6997572878573575,6.861536163979411,0.39120393577196916,24.953968583776593,0.0004410743663640915,0.01996140530768861
2022-01-21,0.7030814312874178,-4.696121670337411,7.443724547041246,0.38275364544374724,19.382418065713654,1.507306705855171,0.02048960391511308
2022-01-22,-3.2629752517591757,-4.170581509204598,-1.9757001511593855,0.3717797489030987,35.211685505319146,2.328590129261411,3.8552791514295214e-05
2022-01-23,-2.4121711839175166,-5.341428066821785,1.96074225243104,0.3679299212516622,35.68771089594414,0.031091938627527113,0.0129962221105048
2022-01-24,-1.9198413172512103,-5.713272484312643,4.30171119202961,0.3668452404915018,29.44791493517287,0.0017105262820242637,0.018160964580292396
2022-01-25,-1.1599796349274982,-5.066521177900575,4.370567484104909,0.36302767543927994,23.875629571143612,0.000852346317969932,0.011076096524583532
2022-01-26,-1.6536889881106713,-5.586123527364505,4.095548783971931,0.3597469789762024,19.15282649046986,0,0.012446083921067256
2022-01-27,0.6645639622465346,-5.732778216422849,7.329724445748859,0.3571131794165212,14.433545614472518,0.002583204808799681,0.013366785455257334
2022-01-28,2.8666530879677,-1.973970518720888,9.765298007396963,0.38711565707592255,11.507403521165779,10.38810909941804,0.16795536305042022
2022-01-29,-1.0677040668243858,-3.5593700003116457,3.6290998093625557,0.38163683194640674,13.6731133643617,0.1458015847144955,0.007612654503355634
2022-01-30,-0.42954440015423806,-4.917557671729531,5.624925199468108,0.36977795269472374,10.58992893949468,0.0015139578749767677,0.011720651007713157
2022-01-31,-0.9799401330609538,-5.111773356985516,5.332189421958134,0.3639289504247354,7.537635056515957,0.2112594038446835,0.011423737444776169
2022-02-01,1.2654757344131193,-4.68235239881148,7.531825353744205,0.35789441047830783,5.078238585992907,0.000852346317969932,0.007700793286587329
2022-02-02,0.8297014601687478,-4.306133318961911,5.768805840674889,0.35618837234821726,3.6871938718971626,1.3274251146519438,0.02038618351550812
2022-02-03,-0.12041949549463786,-4.8121650858128096,6.739417023354412,0.35340517463413534,2.6045382452349286,0.0004261732051702438,0.004180568329831387
2022-02-04,1.2961201931568163,-5.061839846347217,9.715627337516645,0.3457466125488281,1.5930511691046099,0.0012934207802572928,0.0027386431998394902
2022-02-05,5.446084808457851,-3.967278987803335,13.861527398292077,0.3526964742241176,0.8891085577349291,9.745980830800429,0.6260213699746638
2022-02-06,-0.5021271780027267,-2.235010155211081,2.7452253625748235,0.41006616632989107,55.46174783909574,26.160146155083602,0.8178248684457008
2022-02-07,-0.5377894841187243,-3.5934533951130088,2.635688749272796,0.40191078186035156,78.27151242519946,4.030241995766128,0.07203195957427329
2022-02-08,-1.9453370682736346,-6.693066211456925,0.15658121311920492,0.3995436323449966,91.84008165724732,9.870484344457237,0.059320571574758965
2022-02-09,-3.1430327800994027,-11.467948556453601,2.9470882334607937,0.3937172801782053,91.47168938386525,0.004988549238639299,0.03938890518026149
2022-02-10,0.04053932893364184,-6.4336064764793655,7.520052905792908,0.3968903291309978,81.08299846243351,0.00042249565366814945,0.0800659047796371
2022-02-11,4.67358338646859,-2.7812764918550297,8.68241713503576,0.4001488462407538,66.7489316683289,0.03338468835708943,0.10232804937565579
2022-02-12,2.3430703156383634,-0.38220507033325524,5.6129567247756205,0.40571628327065323,52.36205569869237,2.8705305875615865,0.12528756831554655
2022-02-13,2.1281937592418814,-0.7823068172373444,5.684620049659264,0.39909889816392397,37.51726507092198,0.01323628500668224,0.06311472426069543
2022-02-14,-0.620534106856522,-3.5602527374916666,2.153705613156605,0.3862402679226922,31.55678433898493,0.5381531520934585,0.006990293239025359
2022-02-15,-1.2574456235195381,-5.092986476167696,3.7537172358086996,0.38261470118312974,27.562207377548756,0.04217179902240032,0.03064128946750722
2022-02-16,-0.9446707542906034,-4.7393429370636415,4.352266611951485,0.37868285483502323,20.706502105496458,0.024210328751421987,0.02540273869291265
2022-02-17,-0.5474078293387558,-4.791663701483521,5.5290585781665795,0.3747946042541071,14.552312236812943,0.020449529302881117,0.025193107889053667
2022-02-18,0.565075578080879,-5.061756994369159,7.2092627992021505,0.3704407414646013,9.08362699468085,0,0.020464810919254384
2022-02-19,3.131437983411461,-2.885899969871985,10.66798725533995,0.3682248622813123,5.445326698249113,0.9546830966944967,0.02465412971821237
2022-02-20,3.738104188526795,-1.5405699384973177,9.703155322785095,0.3637375256693955,2.999240913120567,0.16178476039313147,0.011172573617164124
2022-02-21,4.699239013888318,-2.304244605531061,11.61313437603892,0.35539264543682125,1.4184771165780141,0.05958340269453982,0.00525313488980557
2022-02-22,4.7006593176659255,0.7956833859707674,8.273535805560194,0.35200338160738026,0.7088558981604608,1.243037078956043,0.0213856392718376
2022-02-23,3.4187136494521733,1.886126968708467,5.403751064868705,0.3790246354772689,0.5383705950797872,5.2297475489254746,0.106131523213488
2022-02-24,2.842235667993003,-2.085273060900077,6.313686484478912,0.3844714360879668,0.7226257757092198,2.0763134702723076,0.04230160662468443
2022-02-25,2.2836922260041006,-2.8074769365026366,8.830396871363886,0.38197033388394835,0.45818581006205666,3.609869581485453,0.07288354508420253
2022-02-26,3.2554633986020196,-3.317765061398747,10.456478946766977,0.37305476682405936,0.18607636580230497,0.0004351138045421976,0.0008742860023011552
2022-02-27,8.139999984849458,-2.275142133996819,15.300150704891145,0.35978479317739503,0.06915274545656028,0.569523141636898,0.008068122762314816
2022-02-28,4.103670969753425,0.04851502763466363,7.501007339802216,0.3786347409512134,0.025425254875886524,6.029295033562826,0.1126619095497943
2022-03-01,2.587238455156932,-3.1376074608335878,7.501239727913088,0.3788590235067597,0.012017952127659572,0.7356968331844248,0.01143090268398853
2022-03-02,2.9647153002150675,-3.753559388505629,10.116677466859231,0.36338501517654304,0.0047851562499999995,0.0008612870487922919,3.3543464985299614e-05
2022-03-03,5.230812197205049,-2.310798547622982,12.506883661797728,0.35279476084607714,0.0016598099512411348,0.024726921975207972,0.00035559877436211766
2022-03-04,10.433993024352604,-0.5307852237782352,17.186648884225423,0.3438450779475219,0.0003317542109929078,0.23552445651762838,0.003616099661969124
2022-03-05,7.618261959535878,5.288310339095767,11.997571450091444,0.3890200621692846,0,12.106954036852235,0.2564636950797223
2022-03-06,5.133975671538252,1.0256315190741583,9.50472899092007,0.40960215575306125,0.2320551446143617,13.586283236284718,0.5717581256907037
2022-03-07,4.7754968737879855,0.7240956407912461,9.332944699551218,0.41913425634938767,0.6820977393617021,11.447578858753737,0.7546595436461428
2022-03-08,5.218424038176852,1.3440743304313725,9.098742610850255,0.41508211176446147,0.36757985649379427,6.015164611187386,0.16435752523706312
2022-03-09,3.9081973623722353,-1.0206809835230823,7.11028721586189,0.4225645782254266,0.2201944121232269,25.42216300369986,3.2238169553432057
2022-03-10,8.845858634786435,-0.7546993174451235,16.84662845692738,0.4003359097960993,0.09719117076684397,1.428300966505445,0.036570937075513475
2022-03-11,12.085596487708152,6.1764777650224625,17.72050041036405,0.3987034195703817,0.03175524988918439,2.8142999461342417,0.06571291609013334
2022-03-12,13.37934758341905,9.110339355468772,18.769522094726586,0.4135610810408355,0.006248268506205674,7.601821379220372,0.30722256670606896
2022-03-13,9.092002443895291,5.651578732754344,11.414846542033764,0.42120622404923674,0.0013498725620567373,14.664083528923632,1.4545515496680075
2022-03-14,10.671025182845769,4.451789304043406,15.780458036382168,0.416994203066995,0.0003591118129432624,25.12180096696163,5.102949320001805
2022-03-15,6.869087403209516,3.9059487200798095,9.448934611868372,0.4229137961746107,0,31.77889737677067,9.693220574805077
2022-03-16,12.116543173282711,4.750307773021963,18.39632022938832,0.41644150483692793,0,6.204891965642025,0.34355426088292546
2022-03-17,7.33522006636816,-0.11351733917883364,12.98958532455122,0.42001925529317646,1.95081484097961,11.373381918980987,0.42749009233839963
2022-03-18,1.7427744276980364,-0.26047363281247726,4.883955545628347,0.41373224190786373,23.33768007535461,1.336331697220498,0.06525950863006268
2022-03-19,1.8213143558367135,-2.3886003859499443,6.15369184778094,0.4027364771416847,16.411160862699468,0.055523692191051875,0.0443286084114237
2022-03-20,2.978889235368045,-2.854908460251806,9.16954137923872,0.3952151359395778,9.909627451795211,0.06750978779390161,0.039046875973965264
2022-03-21,6.312341497975901,1.6349701577044775,11.356176173433369,0.38821853204821866,4.639235303080674,0.029915289404142,0.026408725596488793
2022-03-22,7.72278898523211,2.0336646546709,12.757918792075321,0.3901778200839428,1.7331428690159574,4.024817017696409,0.1908001747537166
2022-03-23,3.022905536408152,0.16600478152013576,6.252063962246533,0.4036527106102476,0.988561405695922,3.712864822438782,0.09806638068341193
2022-03-24,1.6405471341829951,0.08316403652761584,4.081476284595269,0.4001886273106785,5.135554839871453,3.5767841099931634,0.059478523883413764
2022-03-25,10.893207376899475,0.1739167558386198,18.61251181744517,0.39141351145209996,4.2254681959219855,0.04833939933076451,0.029986399285336758
2022-03-26,8.555635844562087,2.3178443421709,13.485340199571997,0.3893503013232075,1.2570689965647164,2.2307711078765546,0.06208115435661153
2022-03-27,4.764208678658157,-0.44103322130566214,9.642065105032437,0.3832981217837503,0.42276117852393613,0.1599089895402106,0.006940073155342264
2022-03-28,7.398860187395262,-1.2877918649226834,12.520855388235558,0.3705482239418841,0.1364718389849291,0.1360084148163491,0.004235100238881213
2022-03-29,1.8311148433820825,-3.5122433276886404,6.230943330805375,0.37545722258006425,1.5329534435948582,2.371031172727115,0.04474755297315881
2022-03-30,5.293708647058383,-3.656742956283222,12.669979793467443,0.3644839807605067,0.9831726507092197,0,0.00752895436388381
2022-03-31,9.056281526714367,-1.1545039400141062,16.89608926975983,0.35318156303243436,0.27005173703457447,0,0.002437449516134059
2022-04-01,10.592556015988645,2.687369943172396,16.527303362907272,0.34239071514589564,0.06081006205673758,0.004514726244809587,0.0005942709902499584
2022-04-02,9.551485605442815,2.766275673724258,15.970092968230572,0.3396573763367132,0.013563483488475176,1.3287318059274473,0.023946166038513184
2022-04-03,10.952804703408106,1.9736122293675424,18.400036296438685,0.3334068650049521,0.0027077099955673755,0.000852346317969932,3.779188115546043e-05
2022-04-04,12.90470245577768,3.9588266575590323,21.014346313476587,0.3212619213347739,0.00027045933067375885,0.0017285328794969246,2.447594987585189e-05
2022-04-05,14.86558814353134,4.6494439956989915,23.717742075818673,0.31022119183912344,0,0.0017136334804490616,2.260537857704974e-05
2022-04-06,15.895069127725385,7.326152460625853,22.28064140157499,0.3029922052478114,0,0.00301281619385918,4.2293934111899515e-05
2022-04-07,15.692663785244575,8.58771596056352,22.65554225191159,0.29965114458232905,0,0.3133021593115055,0.004042653327292584
2022-04-08,16.413042460773024,8.079980598612057,23.908794776429545,0.2948414444077945,0,1.0347267414661163,0.015237356754059487
2022-04-09,16.13691202258389,10.001857481611559,21.767105557056205,0.2906313821779075,0,0.012263338616553774,0.00015157968439954392
2022-04-10,17.835400469083336,10.072095570665747,24.389067694481405,0.27926187988714124,0,0,4.66057594786299e-06
2022-04-11,16.961068038399354,9.232771788252185,24.003715547602248,0.2713373657659436,0,0.19965057672863543,0.0029567074268422224
2022-04-12,13.59466127436215,8.406216560526119,18.75437420784161,0.264050798889593,0,0.1378432120471653,0.0018763415356899827
2022-04-13,15.057096781629209,7.975220375872694,21.585364678565515,0.2557977148827086,0,0,0
2022-04-14,15.266692446986026,7.403903263173227,22.212194174908603,0.2465249406530502,0,0,0
2022-04-15,16.083403404722844,7.089989844788919,23.561794979014316,0.23759003497184591,0,0.0021382859927143727,1.1667292168799866e-05
2022-04-16,17.118993239707166,7.237772125893473,23.35352484520448,0.22876295265576518,0,0.0008404254003835376,2.9168230421999664e-06
2022-04-17,17.756010845536075,11.51697952595165,22.16839943743769,0.2210296847296099,0,0.0062598826014223915,7.50130795417948e-05
2022-04-18,12.991456284759753,10.099468539623526,15.401062531166911,0.26288187013450237,0,8.623410222275863,0.11377778459102549
2022-04-19,13.12997564221109,8.966298724235394,19.107121893700153,0.35594255704406297,0,22.213443225900313,1.3077698489452931
2022-04-20,9.91677105139335,6.9874848061419765,12.401482959503845,0.4010652799132868,0,9.956114152599067,0.24502473942776942
2022-04-21,11.219337506666276,6.194214191842609,15.94154825413483,0.38310279846191403,0,2.4178125541408355,0.04383661645524045
2022-04-22,13.024561450498354,6.860014310796232,17.723950195312522,0.369600209445818,0,0.8939902374091172,0.014036957253801061
2022-04-23,14.853741993464492,6.964047306141977,19.8424570935838,0.353114305320361,0,2.371783839793052,0.04343625078810022
2022-04-24,13.72176182794235,9.556221170628346,17.33578101624836,0.37475574033480163,0,4.534185059583977,0.08410247082405901
2022-04-25,14.131767419044026,8.839081654650121,18.936119631503512,0.36398305419488997,0,0.622325374622699,0.010332591990207102
2022-04-26,16.22408326061062,7.929271681765314,21.087323517495037,0.34427686650702294,0,0.2619049001681405,0.003863839392966412
2022-04-27,16.59658455273786,11.445975965134663,21.47942310089763,0.33084821227594463,0,0.24535161380197948,0.0032331715238855243
2022-04-28,19.173516631971893,11.17634446164397,25.233815034906932,0.31615512929064155,0,0.006095652884625373,7.025738979907746e-05
2022-04-29,18.464299844511885,12.110214233398459,24.18742656301947,0.3131270523612381,0,1.2648423300389524,0.017767827561561096
2022-04-30,18.654573862603385,11.152648276471098,24.51580063840178,0.3012198590217753,0,0.0038491283570441194,4.444984679526471e-05
2022-05-01,20.829527142030994,13.612601811835129,26.972505480177883,0.28568604922463703,0,0.0009111267568767558,8.908992118023811e-06
2022-05-02,19.016165201714717,15.788077171812688,23.52825083631152,0.2805736785239361,0,0.7531933962030614,0.009520383591347551
2022-05-03,15.38657808236198,12.735516227559863,17.99667520725983,0.31062339349841395,0,5.839147212657523,0.08430905798648265
2022-05-04,14.076350194511706,10.468264705576818,16.743293470017477,0.32653401151616523,0,1.8173205789207079,0.02792046425190377
2022-05-05,14.93813224684264,10.121299581324822,19.974824686253346,0.33662791150681515,0,5.199699579333005,0.08520991244214646
2022-05-06,16.67066420426608,10.109441619223759,21.41635001973905,0.32720383718504126,0,0.1542629079615816,0.001995677643633903
2022-05-07,18.778125119040226,10.766162758685196,25.264508316364715,0.3030960001844041,0,0,0
2022-05-08,20.70229234086709,11.79851002794633,27.901403938455807,0.2826140248183663,0,0.0017106532936850272,1.7817984236047622e-05
2022-05-09,18.795669295940016,12.474157520050719,25.58889406894118,0.27562464720813945,0,1.8207569704655882,0.018599819629750353
2022-05-10,14.180156218075597,11.29593720131734,17.16914568961937,0.3752974192301432,0,14.552033137762898,0.22964921403438487
2022-05-11,15.065193463048228,9.903481601146964,19.720071151408767,0.35474860820364446,0,1.367940737800575,0.01775419458429864
2022-05-12,15.743138568959369,9.38106481673872,21.25367464106136,0.32731976069457136,0,0.00971004049828712,0.0001703805111824198
2022-05-13,14.78485713715252,10.509227087142643,18.549344326587455,0.315964830006268,0,1.181339456577655,0.01224621813347999
2022-05-14,12.256338054575853,8.543833176633166,16.21883161828875,0.37056176205898844,0,11.310317858645616,0.1819906082559139
2022-05-15,14.386222723020733,8.105727500103912,19.41463077626332,0.35129940222341116,0,0.37691415619868146,0.005103869641080816
2022-05-16,16.448931027135128,10.653321091672229,21.801019611764485,0.3248280058515833,0,0.0012904404798064206,9.574788682004238e-06
2022-05-17,17.864181139790446,10.522518076795235,23.39996078166558,0.30422737987328924,0,0.021250831319930708,0.00024488631715165806
2022-05-18,17.048984151529105,11.478478938975256,22.5099304199219,0.3005315767112353,0,1.7460610003158374,0.018656444042286974
2022-05-19,16.902263032629154,11.284133261822662,22.798786179562857,0.3049313727845537,0,2.2358569693058095,0.026346521174654046
2022-05-20,16.688133123411383,11.146480024621862,21.73039239112369,0.29988151442074606,0,1.0563667150253946,0.011642562582137736
2022-05-21,17.36525099463498,9.183090599547063,23.429369727601415,0.29008825045105413,0,4.313161398433894,0.061888517217433194
2022-05-22,9.655185142138333,6.0777204148313055,13.209065668633663,0.37746013884848734,0,10.16774748223807,0.17662263931112085
2022-05-23,12.378847246643534,5.62281162992439,18.284264682201652,0.3369600850639613,0,0.0017136334804490616,2.1559126833651927e-05
2022-05-24,17.404449433130594,6.420569302173394,24.374362377410257,0.31113626196029337,0,0.003013965442491137,6.651624720147316e-05
2022-05-25,22.039541874878807,11.385356497257336,28.282458431162752,0.29038359188864415,0,0.001284479992591514,1.7817984236047622e-05
2022-05-26,20.771964125937615,15.282369086082968,26.496155174742377,0.28039221256337266,0,1.1496036610655047,0.01098399466656624
2022-05-27,15.10725833541114,11.062953088638652,18.73314806349736,0.3481481349214594,0,21.35981175493687,1.3180309153617695
2022-05-28,13.18091713113991,8.373754298433367,17.30564899850401,0.3604828016132327,0,0.7876921206323633,0.009757407168124585
2022-05-29,14.072488730680881,8.136626807679544,18.30919475149603,0.3321999218446989,0,0.0012895953318547981,1.7817984236047622e-05
2022-05-30,14.830848558574722,9.773165633830642,19.49538223591259,0.3088184113198138,0,0.0012785216654265241,5.833646084399933e-06
2022-05-31,16.35465341662687,10.601234403569668,21.499118886095435,0.2902109376082183,0,1.0899384506046772e-05,0
2022-06-01,17.774631716680897,11.2573966168343,23.761290724734064,0.2739837646484375,0,0.00017906757111245012,4.787394341002119e-06
2022-06-02,18.509296311723443,10.892775385430541,24.94769507874836,0.2600723753584192,0,0.1367517608227603,0.0010246292073675925
2022-06-03,17.13927760834392,9.839662073013653,22.92136068141209,0.24629001482158686,0,0.0008583068797918258,1.4584115210999832e-06
2022-06-04,16.981375435903576,9.421868312105243,22.341532800552713,0.23407887668474345,0,0.04437375704380061,0.0004728423788192424
2022-06-05,18.300519935120956,11.505283761531771,23.89739970755072,0.2265293040174119,0,0.6639692377082107,0.00621257944309965
2022-06-06,19.7746125485035,11.986940489424057,25.68417637601814,0.21690413021872226,0,0.003527453502846719,2.796345568717794e-05
2022-06-07,21.290737668842315,13.216598445811192,27.487503765999023,0.20429123952879125,0,0.0004351138045421976,2.9168230421999664e-06
2022-06-08,21.349062442103182,14.450194468396797,27.779053643409267,0.19393184201937194,0,0.10217282361697877,0.0008581166571759161
2022-06-09,21.97036078973867,13.999303809632668,28.916630456802714,0.18481413388083165,0,0.10222700857992366,0.0007073295877334919
2022-06-10,21.693184575290562,14.375925656582467,28.79588415267622,0.18257401107896307,0,1.0647290542494297,0.009699007298084015
2022-06-11,20.300755748342976,13.686543241460294,26.485859907434364,0.19515890026768892,0,2.2772804651338525,0.019659577532017483
2022-06-12,18.980655012739497,13.823685081968938,23.459490252555707,0.20229590936755457,0,1.9520610564313756,0.016170423081580627
2022-06-13,19.860954928567242,13.891702530231905,25.107445899476417,0.1999185927370761,0,0.004115827535160063,4.07087041976604e-05
2022-06-14,21.50426333812958,13.480591209898627,27.659502264793904,0.18554775968511053,0,0.0017195939108205494,1.7817984236047622e-05
2022-06-15,22.355630114399833,14.129791454558697,28.149944419049223,0.17466881393540837,0,0.22841305170178647,0.0015403362030678607
2022-06-16,22.042862108920502,15.233658291431205,28.08343837007565,0.17194452759221934,0,1.0854148484290913,0.008611666395309123
2022-06-17,21.252243742706124,14.81691225741774,27.19352884495514,0.19281740662053964,0,3.7404437014056096,0.03347174918397944
2022-06-18,21.39739552761647,14.28529247527429,27.67616622600152,0.20029023623635583,0,0.3644758776632211,0.0023047974769105305
2022-06-19,19.580366445771375,13.945460088202317,26.240836934840445,0.19808718363444008,0,2.4146951704740283,0.017499860296858117
2022-06-20,16.915890251322026,11.765862582592275,21.09265376963516,0.20497962464677527,0,1.4610884671515605,0.010332655399403671
2022-06-21,17.03794623029994,11.601869688642807,21.218808113260494,0.20020399702356217,0,0.20106105094260357,0.001318974697843511
2022-06-22,18.310508957991384,12.105137017432702,22.845843765583467,0.18788660739330537,0,0.05508731019760448,0.00034976512827771775
2022-06-23,21.889470772709434,12.88915275411405,28.22643952065328,0.1748076445667456,0,0.0008583068797918258,2.9168230421999664e-06
2022-06-24,23.924055886775907,15.162177357775121,30.511741086269964,0.16189191831764596,0,0.001732242481011781,2.9168230421999664e-06
2022-06-25,24.30257950911286,16.73710560900102,30.68698542168802,0.15129235450257644,0,0.0021517276422855502,1.7817984236047622e-05
2022-06-26,25.41237042744957,17.39246215820315,31.55322142256069,0.14298812649774212,0,0.0004321335609347443,0
2022-06-27,26.46571826258452,18.164320665724752,32.724722484832135,0.13728262177595857,0,0.14477816033373234,0.0008048529320574821
2022-06-28,27.01208914357723,20.107655366938186,32.750158756337285,0.13257000158864554,0,0.001716613724056515,2.9168230421999664e-06
2022-06-29,28.04951516009393,19.63366251194733,35.731571148811526,0.12850128606701572,0,0.0008553265615773853,1.4584115210999832e-06
2022-06-30,26.576204351330503,18.572290103993538,33.42449899227063,0.12591938803381952,0,0,0
2022-07-01,24.583051340630742,17.987019055954974,31.05785567912652,0.12427167148454814,0,0.0013042251225670043,2.9168230421999664e-06
2022-07-02,25.631721756306106,17.61335040153343,32.033995737928045,0.12300148821891622,0,0,0
2022-07-03,27.66452921333045,20.208129233502348,34.63106949177197,0.12178754062517315,0,0.0004351138045421976,0
2022-07-04,23.900421191276415,15.816595199260329,29.157675495553544,0.1210301067812223,0,0.0008583068797918258,2.9168230421999664e-06
2022-07-05,19.760189870739683,14.65928533026515,23.99958022097326,0.12063477969338708,0,0.0021661336973011203,5.833646084399933e-06
2022-07-06,21.531472326508656,14.252468157829146,26.887898676446166,0.12029018537372563,0,0.0004351138045421976,0
2022-07-07,21.07733764377892,15.110163392411923,26.149216022897296,0.11996381232079038,0,0.0004425709789757093,0
2022-07-08,22.18383384866921,15.016881350253513,28.669174973508163,0.11963757995172594,0,0.0012889569021012903,2.9168230421999664e-06
2022-07-09,22.010682951474045,16.106238182554875,27.902331737761823,0.11939798179247701,0,0.003011132434949104,1.7817984236047622e-05
2022-07-10,22.360352422835998,15.998645928565514,28.1252996566448,0.11919657118777009,0,0.0012856564239882573,2.9168230421999664e-06
2022-07-11,22.346195924366643,16.31762429095331,27.76029409854972,0.11898872700143369,0,0,0
2022-07-12,22.205945830649547,16.148452434133997,27.659634983793243,0.11881362428056433,0,0.0012814998058274796,2.9168230421999664e-06
2022-07-13,22.44793256664953,16.26483439993353,27.73924469643453,0.1187570423099166,0,0.012789853407982865,7.127193694419049e-05
2022-07-14,24.00556485602197,17.009088004903614,30.35337037431435,0.11864667040236451,0,0.0008583068833445395,2.9168230421999664e-06
2022-07-15,25.17772741926478,17.413936403964453,31.83704489849985,0.11843782249071919,0,0.0004395939718904174,0
2022-07-16,25.787870090565807,17.517354242852416,32.062869197764314,0.11827418009440104,0,0.0008553266184208042,1.4584115210999832e-06
2022-07-17,27.012765094405403,19.69784610829457,33.43968551311089,0.11814908237322004,0,0.0017225742112714215,4.37523456329995e-06
2022-07-18,27.607173346120433,20.927443419111558,34.02494344508396,0.11804907778476147,0,0,0
2022-07-19,26.788231515546226,21.02693520403925,32.46736742384892,0.11800030917986064,0,0.0008642672355563263,0
2022-07-20,27.17045613552664,20.04715732006319,34.29171876298622,0.11794119489953872,0,0.0008525781254320464,5.833646084399933e-06
2022-07-21,28.15367042866162,20.462985294423223,35.45487911143203,0.11786840993461878,0,0.0025796561544666474,5.833646084399933e-06
2022-07-22,29.108405036114657,20.907198642162587,36.12433114559095,0.11779728341609873,0,0.0008552757435609237,2.9168230421999664e-06
2022-07-23,29.283504375160184,21.63395229907748,35.524319393076816,0.11773658103131232,0,1.4249565083446214e-05,0
2022-07-24,28.25560098472218,20.23147355749254,34.86736015157499,0.11770765426311086,0,0.0008520459005012526,2.9168230421999664e-06
2022-07-25,28.205440937880937,19.77897137581036,34.57047625602562,0.11769678372863338,0,0.0008732080445383872,2.9168230421999664e-06
2022-07-26,29.00546407226132,21.770122836498526,35.79257013848489,0.11767861927654726,0,0.0008581418455833045,2.9168230421999664e-06
2022-07-27,27.818827462703634,21.66886038272941,33.81602289727395,0.11768323208423372,0,0.0012755393754559918,5.833646084399933e-06
2022-07-28,26.156719965292226,20.364037176903278,31.90656231819317,0.11770081486262328,0,0.0017344949583275593,5.833646084399933e-06
2022-07-29,25.11265934612736,19.21124942860707,31.008025149081636,0.11772240442587129,0,0.002568958734627813,5.833646084399933e-06
2022-07-30,22.927830521603877,17.340867062832466,29.103441798433366,0.12303737342780362,0,1.008112107691199,0.005538222637582332
2022-07-31,22.221357464621274,16.66891875571395,27.679235450257668,0.12792501517221436,0,0.5181973284813673,0.0021512204028190447
2022-08-01,22.502273440530125,16.04337203654839,27.958103975336623,0.12723351065994154,0,0.12687665726103814,0.0005181165451699115
2022-08-02,20.719340966948405,15.645861556682203,25.23344564234959,0.13579945936270638,0,1.7889597947992888,0.009410178407709649
2022-08-03,21.765463178377644,14.673901237325486,27.148986232027116,0.139094329725766,0,0.0007532378410760574,0
2022-08-04,22.30584811758491,16.216856611535928,27.892346775785423,0.13300996875086574,0,0.0021199514321779134,2.9168230421999664e-06
2022-08-05,22.348436293365282,15.631238117623859,27.82380552900601,0.12847459400799258,0,0.0018511046413492449,2.9168230421999664e-06
2022-08-06,22.60901348032851,15.922994800324156,28.37793046667223,0.1253544990052568,0,0.0008553266184208042,2.9168230421999664e-06
2022-08-07,22.618583665671938,15.938610515188685,28.29361182679523,0.12321766521913784,0,0.0008375542961402971,2.9168230421999664e-06
2022-08-08,22.653918838501003,16.18060685827379,28.01237955296295,0.1217502323448235,0,0,0
2022-08-09,22.396052180621673,15.957003005007504,27.712034184882004,0.12071357618832416,0,0.0021447997369250515,5.833646084399933e-06
2022-08-10,21.7368443834021,16.382336295919238,27.133924054084964,0.12046827762684921,0,0.11251194679493347,0.0004574339440528382
2022-08-11,21.293986919754825,15.903381802173392,27.0102046236079,0.12015091645802167,0,0.0012587359561286255,-3.741142597604305e-06
2022-08-12,22.40003029573051,16.06518100170381,28.814023021941512,0.11952150764194786,0,0.00042716596837522047,0
2022-08-13,23.397960654725445,16.77326757552778,29.80943512612203,0.11903145431626772,0,0.0008572023553199415,2.9168230421999664e-06
2022-08-14,24.53443577813765,17.50098519832532,30.735789262487557,0.11863756653264904,0,0.001293420723413874,2.9168230421999664e-06
2022-08-15,24.854245782405794,17.758202540620868,30.74888331636472,0.11833908405709775,0,0.0004287652082268778,0
2022-08-16,24.899055897597737,17.778578997672895,30.926938580452152,0.11813793047100093,0,0.001734495072014397,2.9168230421999664e-06
2022-08-17,24.237355082085806,17.950537953478246,30.39282083714264,0.11800367206546429,0,0,0
2022-08-18,23.049773377222387,17.406263765375687,29.495789028735892,0.11791040948096743,0,0.000852346317969932,2.9168230421999664e-06
2022-08-19,22.61078236086151,16.737185084566182,29.11713912639214,0.11784854915970606,0,0.0012945874914294109,2.9168230421999664e-06
2022-08-20,20.264796745354435,14.105863205930042,26.37357229679191,0.11783051186419545,0,0.0017046928064701206,2.9168230421999664e-06
2022-08-21,19.20762263358909,13.49327399071229,25.62381215196977,0.11782221692673703,0,0.00044208587723915116,0
2022-08-22,19.927685051776017,13.228766128864716,25.870416519489712,0.11780145793941849,0,-1.1920917586394353e-05,0
2022-08-23,19.664951310935628,13.69944094394118,25.532895222116046,0.11778755999625996,0,0.000852346317969932,2.9168230421999664e-06
2022-08-24,19.71449530851759,13.095471580992376,25.165698566842607,0.11778095597071005,0,0.0008523463748133508,2.9168230421999664e-06
2022-08-25,18.807714067283285,12.616619678253844,23.999171675012484,0.11778177843026234,0,0.0008583068797918258,2.9168230421999664e-06
2022-08-26,18.942734016256153,12.087377864756506,25.20565776419134,0.11777986025979331,0,0,0
2022-08-27,19.839625113737522,13.01764351053443,26.129520951940677,0.11776200152458027,0,0,0
2022-08-28,19.776597844117095,13.077975139212121,26.07947134464347,0.11774632338936446,0,0.0004261732051702438,0
2022-08-29,20.07326579263027,12.294988559154778,26.83551979876581,0.11773006358045213,0,0,0
2022-08-30,20.574877859345584,13.115351770279277,27.076890012051216,0.11771872500155833,0,0.0004351138045421976,0
2022-08-31,20.406381596233846,14.411533177152617,26.85160821143619,0.11771726405366936,0,0.0004467869594293461,0
2022-09-01,21.10821162825781,14.251115839532103,27.836105086955637,0.117713714491391,0,0.0008612871056357108,2.9168230421999664e-06
2022-09-02,21.873675861764482,14.485280657829145,28.753418098612055,0.1177036610055477,0,0.0008540495741726772,1.4584115210999832e-06
2022-09-03,22.122823961406752,15.356008521546732,29.143819086602413,0.11769230889935864,0,0.0004351138613856165,0
2022-09-04,22.235556687700004,14.939193855447996,29.090076917283096,0.11767894393163367,0,0.0008511478313266707,2.9168230421999664e-06
2022-09-05,22.19277478481863,15.992961932243208,29.013149245241873,0.11768045357778563,0,0.00128501659446556,2.9168230421999664e-06
2022-09-06,21.959119179908274,15.107932752244036,28.980424986494373,0.1176840491328679,0,0.0021372263745433884,5.833646084399933e-06
2022-09-07,22.64747237618089,14.43155614974653,30.01980772627163,0.11767785092617604,0,0.0004466088689980552,0
2022-09-08,22.418232364519298,15.461120215882666,29.83291788304108,0.11767328140583444,0,0.0012894783480987826,2.9168230421999664e-06
2022-09-09,22.339833829081673,15.747567424368373,29.245394118288754,0.11768212014056267,0,0.0012993812106287805,5.833646084399933e-06
2022-09-10,22.182483732615818,15.062239496758664,28.975546069855408,0.11777360253300226,0,0.03561561411857533,0.00021983968450668012
2022-09-11,16.462486440239257,10.46469921355554,21.437661223715946,0.1180088773686835,0,0.00620698998302378,1.7817984236047622e-05
2022-09-12,14.559296806822454,9.767963036070501,20.45764121197642,0.11799400004934754,0,0,0
2022-09-13,16.95884538204115,9.152769957197496,24.00077008186505,0.11796368267519254,0,0.0017285345847994904,2.9168230421999664e-06
2022-09-14,19.106225767203277,10.806894180622528,26.140578509391645,0.11792431283504405,0,0.000852346317969932,2.9168230421999664e-06
2022-09-15,19.58971414498404,14.167692533452481,25.33588152946312,0.11788741578447058,0,0.00043008486727558193,0
2022-09-16,18.506700388590513,12.182611213846432,25.151659442008828,0.11786188436738142,0,0.0030068777050473727,5.833646084399933e-06
2022-09-17,18.65194722168837,11.296720399247862,24.71566642598905,0.11792330099335799,0,0.012443986586131743,4.8698262965425524e-05
2022-09-18,18.61779349577345,12.207047028237223,24.78621319709942,0.11792706158144255,0,0.0008583068797918258,0
2022-09-19,19.243840118841092,12.35219609686671,25.87929668020697,0.11789550781249998,0,0.003001513505296316,1.116001859624335e-05
2022-09-20,19.574255306162765,12.714907122672894,26.065237167033764,0.11805991044281221,0,0.034868463556817234,0.00015370389248462433
2022-09-21,19.373279736566232,12.891821873441678,26.02905760420132,0.11809907737353167,0,0.004070363146193484,3.741142597604305e-05
2022-09-22,19.861659024285963,12.650282384994204,26.811003794568673,0.11801108772873033,0,0.000852346317969932,2.9168230421999664e-06
2022-09-23,19.65166840519468,13.014958612969604,26.364630191884164,0.1179414410963126,0,0.00257457492125468,2.9168230421999664e-06
2022-09-24,18.90916810001889,12.14348151024354,25.83173581387136,0.11790459815492019,0,0.0017012785065162461,2.9168230421999664e-06
2022-09-25,18.35585734320027,11.161791148084296,25.68091956605305,0.11787471365421374,0,0.0004351138045421976,0
2022-09-26,18.307568372902313,10.591456831262487,25.842997384578645,0.11785107876392122,0,0.0008642672355563263,2.9168230421999664e-06
2022-09-27,17.69840788333978,11.510274684175553,24.772469768118373,0.11784688530238809,0,0.0004261732051702438,0
2022-09-28,16.80649896716397,10.449684435256005,24.127310310526124,0.11784891980759639,0,0.0004351138436220481,2.9168230421999664e-06
2022-09-29,17.70258321829724,10.397581579330142,24.563425786444505,0.11785045109742077,0,0.0004351138045421976,0
2022-09-30,17.855032145723413,11.618737857899788,23.678261744722427,0.11785879473314215,0,0,0
2022-10-01,15.228741157477652,9.65373015708114,21.598904094290248,0.11827421255990968,0,0.08767995425121122,0.0003280791830509267
2022-10-02,14.655236386238284,8.886491945956639,19.92206700101814,0.11853926367793521,0,0.04776177254128963,0.00017722870441193276
2022-10-03,12.676828078682568,7.5807956776720635,17.834422529504675,0.1188314748994002,0,0.0034026642267351837,1.7817984236047622e-05
2022-10-04,13.140895399810605,6.0922095765459,20.332985151574988,0.11868775550355302,0,0.0017269108525397314,2.9168230421999664e-06
2022-10-05,12.482405323001533,6.056237922830807,20.316250220765482,0.11855237162705008,0,0.001700356051514973,2.9168230421999664e-06
2022-10-06,12.02157805963614,5.482907753802383,18.49238982504989,0.11846167652319507,0,0.0008574562784247064,2.9168230421999664e-06
2022-10-07,12.55892346970581,6.30166548059344,18.524465293072666,0.11840025719175946,0,0,0
2022-10-08,12.406225556177475,5.927591981279113,19.59545067320481,0.11833888655858682,0,0,0
2022-10-09,12.772507606668697,5.8402935920877885,20.061002820603413,0.1182871067777593,0,0.0012993811537853617,2.9168230421999664e-06
2022-10-10,12.739129825348574,6.360993730260994,20.19631542449304,0.11824890299046294,0,0.0008583068051848386,2.9168230421999664e-06
2022-10-11,13.448775874469314,5.686949579766479,20.26371765136721,0.1182221676440949,0,0,0
2022-10-12,13.316198308417157,7.20266983356884,20.104164091069666,0.11819531325752852,0,0.0008583068797918258,0
2022-10-13,13.38171600720564,6.189313003864718,20.647278741065517,0.11818055227293191,0,0.0012814998058274796,2.9168230421999664e-06
2022-10-14,14.385609311584068,6.918326000457137,22.051979876579146,0.1181444668600745,0,0.0004261732051702438,0
2022-10-15,15.20402536865669,7.447573333090947,23.50715786548373,0.11810447476434369,0,0.000433205098460121,2.9168230421999664e-06
2022-10-16,16.398613425180447,8.137457664976752,23.963123467628012,0.11806553509218473,0,0.0008616761419943941,1.4584115210999832e-06
2022-10-17,14.898012802448715,9.815531044818007,21.117201135513653,0.12605969314034102,0,1.9213615579580638,0.007407081888077106
2022-10-18,12.060231334605145,9.08981894635142,15.845260100669071,0.17786708317749889,0,8.391635278392526,0.04701037356194029
2022-10-19,4.729540534053296,0.5058549596908473,8.867142892391145,0.33991467902000916,0,15.05610099494851,0.11071118902652821
2022-10-20,7.389153798421236,-0.12342087765955176,14.882114751288254,0.29750273143146055,0,0.0017043551565620874,2.9168230421999664e-06
2022-10-21,11.509512101843024,2.0648991361577687,20.69408686211771,0.2688251576525099,0,0,0
2022-10-22,14.066205283090595,4.988231967357901,22.52280370834028,0.24926275429150732,0,0.010305389444878759,4.952258252082987e-05
2022-10-23,9.902844993104349,7.892803240836957,12.896970188871366,0.3297128447404144,0,12.415299199992136,0.09410552521969409
2022-10-24,9.402455350185994,7.39662566489364,13.17876411600318,0.36595596421694926,0,10.304643118635136,0.08877921611704725
2022-10-25,9.84029549132005,5.972185889710794,14.565456828665248,0.36519492670153897,0,14.791768848522947,0.15157549939257034
2022-10-26,7.190494318211345,2.7273959545379216,11.05913209306435,0.3695093141379931,0,2.294272184371948,0.025299571930093967
2022-10-27,7.281661167550617,2.16181478297459,12.178512962828314,0.3352047020661915,0,0.0008561632398595975,7.450580596923828e-06
2022-10-28,10.532658621605433,4.549905460438853,15.04860171054274,0.321482657033501,0,0.26026374471862157,0.002369126106830353
2022-10-29,12.087527820235474,8.66377992021279,16.68353751973905,0.31071644776256374,0,0.6101467075546544,0.00496329145228609
2022-10-30,8.118362342888593,4.362299622880674,10.805177859042574,0.33713624832477973,0,4.464885211925872,0.042395959509179945
2022-10-31,7.428858022486931,2.658043849214617,13.416463324364216,0.3305607329023645,0,0.024514439253195824,0.00040055589472993893
2022-11-01,11.308833469904924,1.9905913008020506,17.587940621883334,0.3188753195688234,0,3.588021118533329,0.03575302184896266
2022-11-02,7.666119238670849,3.5437957114361924,10.037075481009,0.38650098760077295,0,12.750404438982978,0.19600930366110295
2022-11-03,9.087718246676422,3.815671620470435,13.92510005869766,0.3632297786415045,0,1.8490128060554925,0.021126802931440637
2022-11-04,8.134529776607032,4.249337314037589,11.245811170212788,0.3947340674434148,0,12.092337456098486,0.16620799582055276
2022-11-05,7.559316635131852,2.2912095739486595,12.336413704080806,0.37551166723805957,0,0.0645420486353516,0.000591861440780315
2022-11-06,6.987721249735975,3.1978476017079682,13.242082571476086,0.3892131507819426,0,9.406942227389827,0.13042060618704937
2022-11-07,4.492572592336257,0.6192762009641184,6.401837288065182,0.4251719211010222,0.46497638242464534,26.216356931746407,1.1357607359581805
2022-11-08,-1.311559052162966,-4.385492527738507,0.8542832394863923,0.4079194251527177,33.330165392287235,7.614660009322419,0.03438046638001786
2022-11-09,-0.19236227536029746,-4.603415955888441,5.530151821704643,0.3871520211510624,36.619350828346626,0.0008562217885810242,0.012425983205754705
2022-11-10,2.121760115386771,-4.583932884703269,8.711955943006172,0.37787121441347377,30.532397980385635,0,0.017037163389490004
2022-11-11,2.2765853448962794,-2.8364117561502433,8.215595781042243,0.3710237462469872,24.059814453125,0.0004351138613856165,0.01726683149946497
2022-11-12,1.5686884643338512,-3.3148615410987134,8.047248483211458,0.36527116924312936,18.048381399601062,0.0025689600988698658,0.016792911164304043
2022-11-13,2.366389503208474,-2.4355429142079226,7.323965064515481,0.3605147882556238,12.855221492686168,0.20171105851432,0.01592832676907803
2022-11-14,3.0190082063066335,-1.6288083989569253,8.728222331594935,0.3542697852384959,8.723504681959218,0.002170877151437456,0.010688888265731484
2022-11-15,4.164164384882527,-0.2468461056972844,8.225469710979079,0.3514597087887162,5.777212849069148,2.5028598435381624,0.039604750085384284
2022-11-16,1.004688576772707,-3.9398484250332215,4.406860741148626,0.38011013058060444,5.836509239250887,4.1174523765068844,0.06009885605345381
2022-11-17,4.163426914620941,-4.074587623109186,10.690752199862889,0.3620943028876122,4.56014101285461,0.16014734481243376,0.007321923337084182
2022-11-18,8.126402499151599,5.148857928336958,13.973968635721432,0.3808761921334774,2.661793896830673,14.193503653744534,0.24837344250780471
2022-11-19,5.371605814940556,0.0777020393534137,10.199887993995201,0.3984252821469137,1.0210095994015957,2.038380566964911,0.03886248203034097
2022-11-20,4.140967700498353,-0.8078134739652365,10.69173687874005,0.37594815788539593,0.5577214234264184,0.0006616115570068359,0.0011928538058666473
2022-11-21,4.453073682852693,-0.4215377482961874,10.242704350897629,0.36393597650189774,0.3249293550531915,0.0004351138045421976,0.0006446178923261926
2022-11-22,5.360035913886775,0.8765115291514523,12.441845962849092,0.3545355289540392,0.18240975454343972,0,0.0004027118074133041
2022-11-23,7.569137976355618,0.28474049669633256,16.871498854616878,0.3467372975450881,0.09540946365248226,0.001716613667213096,0.00025604633574790144
2022-11-24,8.590040720946416,2.9497420290683407,15.782087090674889,0.3399731575174534,0.04853203956117021,0,0.00011794110561938996
2022-11-25,7.245616341989956,1.432557126309032,14.497844874605242,0.33402526260267756,0.025479623781028367,0.0017097644331443007,7.545694391778174e-05
2022-11-26,5.643533490228338,0.6244618517287462,13.430450958901286,0.3287887654405959,0.013459593860815602,9.153552582574775e-06,2.742447751633664e-05
2022-11-27,6.630808203947484,-0.0728412384682286,15.394785909449821,0.3237624851524407,0.0069606050531914885,0.0004351138045421976,1.7849688834332407e-05
2022-11-28,5.202298425444493,1.6429503745221306,11.876250506461957,0.3252247776545531,0.00349519337322695,1.118401770891126,0.01179911988846799
2022-11-29,4.39218668295138,1.3930253698470974,8.039228333818173,0.3284428129804895,0.002043855274822695,1.0607215191672812,0.011107325553894041
2022-11-30,3.835341473843215,-0.38029733211433897,7.8684615764212325,0.32830966922408295,0.0011874584441489361,0.08914958913189192,0.0009164531180199156
2022-12-01,3.369452943193168,0.7283534273188391,5.768014396505175,0.32369524908403974,0.0006815159574468085,0.22263024821463562,0.0026522164649151743
2022-12-02,0.16293634996348377,-4.202969944730695,3.6634313055809735,0.3204535545186793,0.009068525598404256,0.03773506651391303,0.0004079113615320084
2022-12-03,-1.3901073645192406,-5.006895738966898,2.8626734956782136,0.3159318964532081,0.018058787677304962,0,2.9168230421999664e-06
2022-12-04,-1.027430346333378,-4.053659966651407,3.1711648494639517,0.312710046430006,6.194520861037233,4.961303447155243,9.60649328028902e-05
2022-12-05,-6.838141226261198,-10.999944613842231,-3.9066119904213537,0.31094161500322054,62.768788092863474,4.269811891421727,2.073480727824759e-05
2022-12-06,-6.45526567283249,-11.661992109582755,-1.3687161709399707,0.3125552319465799,60.146396761414,0.0024473729985537767,0.0051514899477045585
2022-12-07,-4.138405057217201,-7.913294171272417,0.6169661501620904,0.31581315385534414,54.90166708222517,0.00030873937809720945,0.007630155441608834
2022-12-08,-3.0651227342321192,-7.440512539478035,0.5660219882397168,0.31938537976420517,54.29916091810727,1.5953739905856001,0.009016248774021228
2022-12-09,-6.290457039691021,-11.322493273146584,-0.9428968713638404,0.32116015278701243,62.60495137965425,1.125973843513651,0.007433143067867198
2022-12-10,-5.1474876457917516,-9.902043638838077,0.5789359884059402,0.32363053720893586,60.033775210549635,0.005235190053070332,0.0100634199507693
2022-12-11,-2.7602160785214873,-6.789883228058488,2.507941842586458,0.32881894213088014,53.366910460992905,0.000870227722771233,0.01650896478206553
2022-12-12,-1.6842521369879688,-4.327470040828601,2.187942504882835,0.3321127627758269,48.27081117021276,0.5242399705550386,0.014199221387822578
2022-12-13,-1.7627758242559532,-5.5430048516455885,4.93653739766874,0.337148517581588,41.90946122839096,2.5369135596036422e-06,0.021807278724426917
2022-12-14,1.54291405373432,-4.477193239901906,9.01924022918054,0.34144268171161624,32.85197113253546,0.001299723237480066,0.021813778167075297
2022-12-15,2.7652648438798813,-1.9700734889253428,11.200844038293738,0.3444371351959012,23.69828443594858,-1.0693895546864951e-05,0.022602017889631558
2022-12-16,2.880845141579946,-2.116568512612178,11.75195695593004,0.3435679415439037,16.223377590314715,0.0008553265615773853,0.016784033876784305
2022-12-17,1.9972908777548295,-2.6716952060131085,9.849511718750021,0.3401340538728322,11.220808399822694,0.0017199189983330143,0.010620533151829497
2022-12-18,2.788096726870732,-2.833209618101706,7.904497122257335,0.33640463538203674,7.901541722074468,0.0021457663024193607,0.007664840272132387
2022-12-19,1.405142555507387,-2.987527595682324,6.084989507147629,0.3327206090832433,5.69020667109929,0.0004261732051702438,0.004751314508154037
2022-12-20,1.5513359069824597,-2.3878865343458884,6.50853277977479,0.3292516911283452,4.119434978945035,0.0012904404798064206,0.003821862504837361
2022-12-21,-0.44686318796574537,-2.4809241112242124,2.988667459690847,0.32603678060761576,3.5491269808289,0.19027262720541369,0.0018713956183575569
2022-12-22,-1.0352515362678463,-3.8474017204122113,3.3449623270237923,0.32361336024940435,3.4968272107712766,0.017653564132499324,0.002206830268210553
2022-12-23,-1.8181848350145982,-4.341133669589405,2.6986046973695372,0.3208661072643091,2.9112574800531914,0.0016433126814534146,0.0012228780604423362
2022-12-24,-1.721250996691084,-5.408916781810982,4.66443429500501,0.3187306776114389,2.385291306515957,0.0021278857502693427,0.001393512208411034
2022-12-25,0.36831641501570667,-5.843885835688142,7.265508383892975,0.3168471532510527,1.8620307651817374,0.0017086835555346624,0.0013276617577735413
2022-12-26,2.314661026001011,-2.877781125332424,7.827036106840115,0.3156852262239929,1.3731604609929078,0.22713846344154165,0.00362542081386485
2022-12-27,2.1242655003324726,-2.11144701369263,5.984461098528945,0.3162106398995041,1.0486158438608157,0.39048042692950324,0.004341881325904359
2022-12-28,1.2659464031246954,-1.4247012523894387,4.712020614299391,0.32087926661714594,0.8271075742464539,1.2887091079225217,0.015172869601148239
2022-12-29,-0.01424713946400732,-4.102620875581758,3.433413111909929,0.3251906131176238,0.9467995068705672,0.5974571121499893,0.006471415783496613
2022-12-30,-0.10349646493896146,-4.9331765682139075,4.120093812333799,0.32083473746658214,0.9876423287898936,0.0005214771302699444,0.0006819342045073814
2022-12-31,-1.5344955065571428,-4.750160834129797,1.8498026097074693,0.3199647402932458,4.736396692154255,1.5122225309257973,0.007078812477436472
2023-01-01,-1.2732771257981852,-5.215934136573281,3.8493901029546436,0.3187726555141151,5.621421002327128,0.000852346317969932,0.0032352640273723195
2023-01-02,-0.7290067036946469,-3.23775842544878,3.3432928856383204,0.3162719997108405,4.693823761635638,0.0004351138045421976,0.0015061586461168654
2023-01-03,0.5789001573062376,-3.4318238603307614,2.969245423661924,0.3140369496446974,6.982179465868795,2.9239891956148734,0.0022952860974250954
2023-01-04,1.4862762884045706,-2.8025315954329892,7.815718890251019,0.3197479031610151,17.90318213929521,0.04445384102169517,0.015531321789355986
2023-01-05,5.558538017543525,-3.1995813897315264,12.479510108460792,0.3243674285022925,12.024710147938828,0.0017106532936850272,0.014862386470145369
2023-01-06,2.2572199178925847,-0.2872569632022711,4.894014983481572,0.3437423300235829,8.90908480164007,4.226730922298768,0.05940417660043595
2023-01-07,5.399196275751667,-1.0821389705576567,11.490682139295235,0.3560788120783812,6.462868461879432,2.191379096748665,0.03688113486513178
2023-01-08,3.3379980127862443,0.2917934985871238,7.417810058593772,0.3542835830796695,3.9589840287012414,1.6047347099223035,0.025166697958682444
2023-01-09,1.6179729326397203,-1.3572235107421646,6.625199857671233,0.36537741262016565,9.220161860039893,11.992755215139146,0.08159967813086003
2023-01-10,-7.641970771086103,-13.701817354242829,-1.8143322883768056,0.36477958462762494,94.34385077293882,17.201285159231904,0.00015100900163041785
2023-01-11,-19.259692193430343,-27.612015354886946,-13.639848360102203,0.35113387141667357,99.94998337765955,0.0826053796930516,0
2023-01-12,-23.30954709425038,-28.528987998150736,-15.141603964947615,0.3448190161522398,99.94998337765955,0.0008389036706153383,0
2023-01-13,-20.590866448693212,-27.510133199488834,-12.735965290475376,0.34084513779227615,99.94998337765955,0.0017046928064701206,0
2023-01-14,-17.444924515528005,-24.73627884235786,-8.458798152842396,0.33793524343071246,99.94998337765955,0,0
2023-01-15,-14.477828906444786,-22.234954509329267,-5.045238803295355,0.3355869563758796,99.94998337765955,0.0013049809126641776,0
2023-01-16,-10.04099991439926,-19.355292267494985,-0.6811532527842192,0.3336785066212323,99.94998337765955,0.0017216834748978727,0.00013493477030003322
2023-01-17,-7.908596555561012,-14.000156808406725,1.254918849214617,0.33559285968753466,99.94998337765955,0.0004351138045421976,0.005468028656979825
2023-01-18,-3.912101686085331,-13.006933334025907,3.238299625477915,0.3396067003831795,98.99912801972518,0.0004261732051702438,0.009164689703190579
2023-01-19,-3.43915743185272,-6.4231553097988465,0.5169778377452021,0.3411286293192113,97.0198359929078,0.002893488389650264,0.00670767844991481
2023-01-20,-4.188834286412426,-7.66862857899765,0.05363204631401876,0.3427277152419935,94.87660959663121,0.0031765650245243375,0.010163511367554359
2023-01-21,-5.036982854207346,-8.127879171168528,-0.376329592440968,0.34380655762151624,92.1911679964539,0.00047842228579921014,0.009704333670595857
2023-01-22,-5.473743214167568,-9.48161686024765,-1.642321517619658,0.3432847909048094,88.7391289893617,0.04499637066049779,0.007313046049564441
2023-01-23,-5.395696245017603,-8.35666328592501,-1.6237194304770384,0.3423651918451836,85.82201559729609,0.03856249311000167,0.00668592909549145
2023-01-24,-5.5014755600732865,-8.094767209316798,-2.3532504467253763,0.34275638228612587,83.22775168993795,0.13216182262253146,0.009169603915924722
2023-01-25,-5.536089711831774,-8.01555123836434,-2.0962195213804624,0.34193023519313076,81.5275861591312,0.08404216857580321,0.006548014092952647
2023-01-26,-4.714256876411133,-10.053888069315137,0.8950428414852287,0.3467665624956712,78.17843147440159,0.0008536523523616779,0.018433497307148387
2023-01-27,-3.294190421679304,-8.295721630339905,2.208309027489218,0.3558106145114763,72.61747007978724,0.0008553265615773853,0.03201967858253641
2023-01-28,-1.2431773192493258,-6.199564897253135,5.18608093261721,0.36664349170441324,64.23355634973403,0.0012814998058274796,0.05074181455246945
2023-01-29,-0.5665918444910462,-5.023057004238674,4.725965069709963,0.37110137668907217,52.80182118517287,0.0008938419861632164,0.04631090671458143
2023-01-30,0.46290534540272305,-4.309063525910051,5.665458257147629,0.37359695164024403,42.933045559064716,2.5424032875321245,0.051863333012195346
2023-01-31,1.3696322799574552,-2.191653117727703,6.825836895881837,0.38503389561429935,38.53873732546542,2.654330072141904,0.08282838983738675
2023-02-01,4.240325400169885,0.2590856024559735,7.945539433905441,0.40472179980988193,28.95339234264184,8.586683537781393,0.21742816935194298
2023-02-02,2.3996045701047497,0.7250431141955015,4.328849695083965,0.4221682420013643,18.498267121010638,10.924970215928091,0.46608631915234505
2023-02-03,1.8327213314408226,-2.676350954745655,7.442438523312855,0.41685286447511494,15.57395279255319,15.7963586614487,1.3377968301164342
2023-02-04,2.4411199826721095,-1.839161649663375,7.5291177952543435,0.41508572355229795,16.86487422429078,3.6352709886875556,0.11663462253327066
2023-02-05,1.9451437091151265,-2.6024878968583547,7.857089493122529,0.4055577758356189,12.27882071420656,0.47745698650294094,0.038921991561321506
2023-02-06,0.6094578871490407,-4.283187996072949,6.898188944065846,0.393786418184321,8.42985822528812,1.3486498212805698,0.03617234686587719
2023-02-07,2.1386881808017355,-4.532268897523249,10.051129669838785,0.38620367658899185,5.615249265846631,0.9792250521525874,0.031600892543792725
2023-02-08,4.388289415075451,0.4757584592129549,10.844226269011823,0.3976742656518381,3.5310249058067376,8.361758957512933,0.21890395499290305
2023-02-09,-0.05982161176961791,-5.050146809030064,2.9581654000789785,0.4225378861664035,17.744880319148933,16.581409281759,0.23516378504164676
2023-02-10,-6.732133121355177,-9.069155559133952,-5.242173604762278,0.3992614286165711,58.79960106382978,1.3686404582278766,3.538233168581698e-05
2023-02-11,-5.943948507647123,-9.266782590176174,-3.2633448174659017,0.3882414878682887,59.31622236535904,0.06809398806300569,0.00021330853726001496
2023-02-12,-2.8647395898264,-6.447174526782724,1.7397860263256546,0.3875310397317223,53.56351430906471,0.01173380841600134,0.024174185509377336
2023-02-13,-0.34955312038987835,-2.0463162685962204,0.5671314645321037,0.3929083939139724,68.36965799534573,9.819793701171875,0.08402733092612408
2023-02-14,1.5184030708691874,-1.2842976671583881,5.580338498379344,0.42440091396899937,72.9930047650709,14.182616411303957,0.6279817921050052
2023-02-15,2.7914974672574764,0.23547395746760913,4.677206355967442,0.4263468180987851,57.25057554853723,15.492203494754952,2.1405484448087972
2023-02-16,5.457965058130599,3.345614169506339,8.296911231507668,0.4275291091161416,35.7272696420656,19.577611049878232,3.01710436952875
2023-02-17,3.1192410002363773,-2.099713784075775,6.314403257978746,0.4249586795238738,19.750622645168438,10.57156134159007,1.1647217451257907
2023-02-18,0.4372452675028193,-3.681578031499312,6.05334790818237,0.4082981136673731,12.105636012300529,0.009212833227361153,0.04262017442824993
2023-02-19,2.700219518242176,-3.670986224235349,7.819684292407769,0.3993409853455023,7.296167165336879,0.03289726088438483,0.03155507939927121
2023-02-20,4.039838528464052,-2.573698522689472,10.310962173786592,0.3916439543379113,3.935636912677305,0.07228496226858586,0.0195709948844098
2023-02-21,5.963809839884475,-1.2213106195977166,13.235390001662257,0.3832773709128089,1.8769545101950353,0.08523775486876128,0.011940585806014689
2023-02-22,6.7172051233603,1.5047392500208006,12.767202499065016,0.38398615789751633,0.8094671154698582,1.784221162107711,0.04484120835649206
2023-02-23,7.205859824106238,-1.3491980370054626,14.919360221700485,0.37640609741210934,0.3177924839317376,0.14459034219614894,0.0046184088321442295
2023-02-24,8.822540954156997,3.6512686222157806,13.852011303191512,0.375830684147828,0.11795316655585106,5.855014603143221,0.17024747868801682
2023-02-25,1.498185310634342,-1.3790435141705224,4.099691902322994,0.40272994075261115,0.7089878379875886,3.1015353360844333,0.08578554112860497
2023-02-26,2.4348458093954464,-2.4118889991273043,8.604367000498693,0.3871432906346963,1.3551210660460993,0.12440998493270564,0.010702331015404232
2023-02-27,3.35564966945785,-2.6749098757479826,10.671688518118371,0.37668513575344215,0.5426740497562056,0.000870227722771233,0.0033044434608297145
2023-02-28,4.261203790218294,-3.4308547648977497,11.685856531021464,0.368727707017398,0.20885035738031915,0.0025817898290370067,0.0012698325705020985
2023-03-01,5.593870325291433,-1.9063061653299305,12.642498519572829,0.3617016190332723,0.07695762688386523,0.0008583068620282575,0.00047918329847619883
2023-03-02,7.422869640377422,-0.9476527437250436,14.944187375332467,0.3540810145384876,0.025537455673758862,0,0.0001642932283117416
2023-03-03,8.318534345153395,2.6132216433261526,14.84615868101731,0.3468214183834427,0.00701670545212766,0.18967694414336522,0.003117830195325486
2023-03-04,8.884860886918757,3.225991496633998,15.780803923911257,0.34129806139790414,0.0017837849069148933,0.14747577768604697,0.0035278974695408596
2023-03-05,10.698749114773817,4.527701844560361,16.644053097988717,0.3394830852535599,0.0002749612145390071,1.26206621200394,0.020614202986372277
2023-03-06,10.30388999830748,4.57606350513217,15.960566224443173,0.34188828705050417,0,1.0489457967184264,0.016481952464326897
2023-03-07,12.015708942278065,3.8822505869764186,19.531405574717443,0.3317187911229776,0,0.0008712741532690416,1.7817984236047622e-05
2023-03-08,9.15100859784067,4.186701867935528,13.725413805373194,0.32745428423509526,0,1.0601504620781947,0.015060571914023541
2023-03-09,8.719328740978943,4.649974027593107,12.357338828228913,0.35051596350703673,0,3.7984712741988798,0.06913732975087267
2023-03-10,12.661207066529203,5.259204296355573,20.29521958371428,0.34749503440045293,0,0.15952238366872598,0.0023318097946491644
2023-03-11,12.166897707458947,8.4476103437708,17.150898969934364,0.36464154399033133,0,9.713662562228365,0.2212257461344942
2023-03-12,7.139884220962004,1.1930671204912129,11.283179425178712,0.40928980779986013,0,12.416461680706869,1.16664653128766
2023-03-13,8.43999873492737,0.3455712501039124,16.231628353037753,0.3836990681100399,0,0.0008384401439798239,1.4076841638443316e-05
2023-03-14,10.420139126067497,3.0307374994805745,17.351658662836623,0.37022064695967,0,0.000852346317969932,1.7817984236047622e-05
2023-03-15,10.258005136801021,3.475515682139318,17.639073408410926,0.35966592342295545,0,0.0012881691304755805,2.447594987585189e-05
2023-03-16,10.037749034800452,3.613703106819338,17.65582950673207,0.3497891067613101,0,0.0008583068797918258,1.7817984236047622e-05
2023-03-17,10.66853481049236,2.0691859468500895,18.689341768305376,0.340878220145584,0,0.001290691045596759,2.073480727824759e-05
2023-03-18,10.315624637468497,5.164682396422063,16.27960373898772,0.3667806287183829,0,9.046687600960977,0.19989026353714312
2023-03-19,8.200688674602128,3.941731619327649,12.751250181806869,0.41635176476011876,0,17.12728561234492,1.4549367922417662
2023-03-20,6.273653144024796,1.779833464926884,10.422688780439683,0.41140753833960136,0,4.072028608734786,0.10675949619171465
2023-03-21,7.636926015218117,1.2803088898354613,13.817854536340615,0.39004682175656585,0,0.25670697826477495,0.0061667028893815715
2023-03-22,9.612668872048697,1.9715072307181076,16.34867261521362,0.37510167115123555,0,0.0024942880285612153,4.8698262965425524e-05
2023-03-23,9.735869089762385,4.0837418576504545,15.644007776138654,0.3711355412260015,0,1.3282892550918444,0.0287831463712327
2023-03-24,10.671502769416122,4.5180021894739255,17.343142700195333,0.36245529770005674,0,0.010980884086320851,0.00022611719496706698
2023-03-25,11.387004516818022,4.410284293966113,16.49026430819899,0.3529599886414007,0,0.3353532666074956,0.006090516739703239
2023-03-26,10.429180529438883,4.499957989631838,16.05717111141126,0.34598769871055657,0,0.3620076685754785,0.006059256005794444
2023-03-27,11.144725320694324,3.7519903954039453,18.163340142432702,0.33690507767048283,0,0.019580506263895237,0.000297896405483814
2023-03-28,11.985675384305072,4.246173550220268,18.8146044142703,0.32978413629193676,0,0.5283479994915901,0.007324142658964117
2023-03-29,11.456862120932746,7.744086602393638,15.694735652842443,0.3375026351171182,0,2.4847549325853193,0.03842673403151492
2023-03-30,11.12172642159971,5.827807227601418,16.72018380672376,0.35659301703703317,0,4.928646950011558,0.09763348609843152
2023-03-31,11.408702111751499,5.381173641123692,17.611319359312688,0.3569101617691365,0,1.3135806043097313,0.022381987977535166
2023-04-01,12.138369293754012,5.518726949488886,17.91415041659743,0.3430805855609001,0,0.7582405227036334,0.0106184406483427
2023-04-02,9.931237425026334,6.108902107401119,14.145236595640815,0.37843389037653064,0,10.088715846579033,1.0871288624215631
2023-04-03,7.4962525117482,3.7503734832114586,10.812441951670566,0.40348491533428227,0,10.036119198553555,0.23983082872755984
2023-04-04,7.762520726521834,3.8675669568650495,13.23772505090594,0.3993313674385665,0,4.505437168669192,0.2800885033100209
2023-04-05,5.260039474270894,-0.16134838347737082,9.300283813476584,0.3994415418476077,0,3.7047357001203167,0.1009001376781058
2023-04-06,9.90685676141836,-0.8159626412898708,15.601760214947662,0.38114290710882087,0,0.3983175499887151,0.00732217697387046
2023-04-07,13.055370263174092,8.864032501870033,18.82890086072559,0.3725599248358543,0,1.933143690297961,0.03203159951149149
2023-04-08,13.983101675696426,8.048366855053214,20.478414267682037,0.3661311237524587,0,1.290347624508721,0.02287936971542683
2023-04-09,13.0709639637183,7.320261464220434,18.23724560027429,0.3681201474886414,0,3.0361543309312604,0.0564312681238702
2023-04-10,10.950330049771798,4.364774208880508,14.815643829995034,0.365390544918412,0,1.0082106639975172,0.018512314938484355
2023-04-11,11.128415495960445,2.5422496389835665,16.60849641840511,0.34782252751343634,0,0.003004073732881807,4.2293934111899515e-05
2023-04-12,14.269131607705,5.6203957415641845,21.573607034886155,0.33391331882341535,0,0.00484389120754984,0.00010056698575932929
2023-04-13,17.379507911628032,7.603227006628179,26.011787187292242,0.32011938974366966,0,0,0
2023-04-14,18.194264453860914,8.596811042947994,27.08373971492688,0.30852496370356136,0,1.794570430693879,0.028935265033803087
2023-04-15,12.553853279817217,6.949666968812356,17.62946848767871,0.35042957278853615,0,4.199183370766885,0.082839993720359
2023-04-16,11.366194363857876,5.9377151164602955,16.249873514378347,0.32939172568896136,0,0.0008544990752388332,5.833646084399933e-06
2023-04-17,7.516919591917247,2.071768383269637,11.688450135575986,0.31429075146397795,0,0.0017131263234659855,2.447594987585189e-05
2023-04-18,5.664153273562193,0.6260454543093644,11.268737143658601,0.30341329371675535,0,0.001727986361953647,2.447594987585189e-05
2023-04-19,7.001356795831783,0.32430738083861976,13.11124942860707,0.2936413758189966,0,0.0027534850999550243,3.484335351497569e-05
2023-04-20,9.014039135655635,1.9942838628241581,14.695863244888653,0.28457032332183624,0,0.08911325576457571,0.001240347294097251
2023-04-21,10.226945097903005,2.409799778715116,16.84120450932931,0.2754493740433497,0,0.09597539901733398,0.001464118348791244
2023-04-22,13.04135318242068,2.512595903112556,20.48488905886388,0.2652091303615705,0,0,0
2023-04-23,15.793678619168361,5.310354614257834,23.185766666493535,0.254709644182354,0,0,0
2023-04-24,16.239230741676742,9.664280278632004,22.89900843843503,0.2553313613783383,0,1.770143496024657,0.0192945307873665
2023-04-25,16.410086990248253,9.958170269905276,23.365325018700155,0.24999778693449412,0,0.0012830369655603135,1.7817984236047622e-05
2023-04-26,16.00376247378955,8.18986894323473,23.906572252638817,0.23660485558476005,0,0,0
2023-04-27,14.367891203427163,6.762177098051054,21.202237652717773,0.22517251630201407,0,0.0024905864228593542,2.5807543003812747e-05
2023-04-28,14.86225611368818,5.862713233460793,21.750467373462456,0.21553299545396304,0,0.000852346317969932,2.9168230421999664e-06
2023-04-29,15.663186494002113,6.3064259630568715,21.86882928077213,0.20737580914869375,0,0.05699034646432723,0.0005992169075823844
2023-04-30,16.95760194764917,8.471843898042742,23.06183296365943,0.20017188863551363,0,0.0016086912828637996,9.32115189572598e-06
2023-05-01,17.014604855260114,9.768560336498526,23.588243914665078,0.19348899624871868,0,0.24710178354108067,0.0020642229851256027
2023-05-02,15.827609193409605,8.459492005693175,22.64558085989447,0.18642251305546317,0,0.0023425893125912554,1.9149577364008476e-05
2023-05-03,15.89721472719885,7.7542436964968635,23.09922043820647,0.17892833195679575,0,0,0
2023-05-04,13.654464031787663,7.191376576525122,21.093395606507666,0.17517652579233156,0,0.34049381600552164,0.0025527274354975272
2023-05-05,14.90787115435231,6.265918228474091,22.50221927723988,0.17373679681872645,0,0.8666712605935707,0.006949584534827699
2023-05-06,8.236660804478017,4.683990608377682,11.685785431557537,0.193044110561939,0.17499688331117022,2.1332137128090327,0.020012830166106527
2023-05-07,9.80331393843849,4.284697317569837,14.161714594414917,0.2093386061648105,0.0698311447251773,3.3838659524903387,0.03337454288563829
2023-05-08,12.141028494868744,3.9553393424825685,18.311489803233066,0.21674611788269474,0.019687777039007093,0.12387030935804641,0.000874476229890864
2023-05-09,14.836056694409551,5.273006358045235,21.50298026876249,0.2037301814302485,0.004161472185283688,0.0008587039239671412,2.6631862559217085e-05
2023-05-10,17.942972507882647,7.446476128760827,25.158803607047894,0.19090795584604248,0.000546805740248227,0.000852346317969932,6.657965639804271e-06
2023-05-11,19.529615586192925,10.790069385285095,25.81688927183762,0.18035868922023907,0,0.015314335416376782,0.00011419996302178564
2023-05-12,16.880618107572527,10.582026769759828,21.498694951483568,0.1803881706075465,0,1.8970668949524667,0.015826808645370158
2023-05-13,16.740047086891572,10.076424196933202,23.587802578540575,0.20156882265780834,0,2.7025378130574795,0.024536949522951813
2023-05-14,18.189138404359248,9.788183398956969,24.812909584857067,0.1998000909250679,0,0.0015319027799241085,9.574788682004238e-06
2023-05-15,20.455248861109983,10.766179445956636,26.741155875997364,0.184492985069329,0,0.003534111479855207,3.0309595960251828e-05
2023-05-16,17.667358593230585,9.852122530024126,22.749635022751853,0.17425389391310672,0,0.7702908617725951,0.0053977078579841775
2023-05-17,11.122713118749324,8.60091104710358,13.718394697473427,0.3290178610077986,0,22.37465888882244,0.2621769270998366
2023-05-18,14.727812459959216,7.287953218500687,19.529360896983068,0.32368894806990384,0,0.15280754008191696,0.0016181392872587162
2023-05-19,17.113278674403002,12.600743979596102,21.63040511760308,0.30322565930954953,0,2.5151067591728045,0.024973395022940124
2023-05-20,17.779348719711876,11.55873237772193,23.126452052339616,0.2840578092750928,0,0.10249855670523135,0.0011627978466926738
2023-05-21,19.36891837153877,10.713431435443006,26.338110741148622,0.2581332943963666,0,0,0
2023-05-22,20.65153917353205,11.848844098030273,27.53538182035408,0.2358225125793024,0,0.0008583068797918258,2.9168230421999664e-06
2023-05-23,19.594038970081535,12.701258428046065,25.730181170524453,0.2223582139251925,0,0.9080363714493866,0.006947238394554625
2023-05-24,17.457745683277793,10.53697542231136,22.86674882604723,0.2091543806360123,0,0.02593020845522992,0.0002324581146240234
2023-05-25,15.778657959200823,8.904116821289083,21.614437671417907,0.19411276418266568,0,0.054362669904181295,0.0005666879897421979
2023-05-26,15.984490663785472,8.449492888755008,21.859060993600416,0.18232809567282382,0,0.0012874601225121296,5.199554118704288e-06
2023-05-27,17.777611398358733,9.572495091215115,23.9960966718958,0.17265498113970382,0,0.13091545144339142,0.0008570387008342337
2023-05-28,18.66472228029943,10.550463802256505,24.958599139274455,0.16368972020791775,0,0.0008756766760598111,2.9168230421999664e-06
2023-05-29,19.3651058575786,11.275440621883334,25.792818954143144,0.15553651633837542,0,0.0006433497083948014,2.9168230421999664e-06
2023-05-30,19.979662317587152,12.16205963784078,26.32436555903011,0.149137234518714,0,0.04708082111111697,0.0003744313057432783
2023-05-31,20.67829069854522,12.820993236785263,27.432238704600252,0.14347807431051915,0,0,0
2023-06-01,21.248904978975354,12.676176679895303,28.326252714116542,0.13852925672598762,0,0.0008583068797918258,2.9168230421999664e-06
2023-06-02,21.598681984218324,12.979349793779111,28.553292067507503,0.13458823616623034,0,0.001696999959222012,2.9168230421999664e-06
2023-06-03,22.58785116317425,13.69001542760973,28.60213545129656,0.13150099896370096,0,0.000852346317969932,1.4584115210999832e-06
2023-06-04,21.868601205163003,13.519982585501186,28.064349170441343,0.12931071342305936,0,0.0012814998058274796,5.833646084399933e-06
2023-06-05,22.227564896928524,12.860528564453148,28.80493384827961,0.12746283348570478,0,0.000852346317969932,2.9168230421999664e-06
2023-06-06,23.327057885785493,13.850313876537589,30.073744883435857,0.12576668651391426,0,0.0008608316655056569,2.9168230421999664e-06
2023-06-07,24.190123085941845,15.098446914997528,30.905873270237716,0.12436547516085576,0,0.001716613667213096,5.833646084399933e-06
2023-06-08,25.234647382912065,16.145727084545403,32.119599882085296,0.1230898728607394,0,0.000852346317969932,2.9168230421999664e-06
2023-06-09,25.138425954182967,17.680026245117208,31.852518998815675,0.12210556733692791,0,0.0025749205860847724,1.7817984236047622e-05
2023-06-10,23.92036785639771,17.852782618745866,29.822799877410258,0.1215189237121149,0,0.002574527115939418,1.7817984236047622e-05
2023-06-11,24.591161392428354,17.755734642515815,31.250433674264478,0.1222586746756912,0,0.2443662983305911,0.001252014586266051
2023-06-12,24.47611722202167,17.34495330161239,30.767927843459134,0.12410237197334885,0,0.5305172281012611,0.0026426416762331695
2023-06-13,24.89738870174328,16.74107049170963,31.04983656862951,0.12483255372825244,0,0.05013291826251533,0.0003486871719360351
2023-06-14,24.92659526581461,15.958677446081303,31.502608149102414,0.12279271876558344,0,0.0017203188917847,2.9168230421999664e-06
2023-06-15,25.442812347412126,16.356963202293905,32.1610489865567,0.1212462161449676,0,0.0012854092688030505,2.9168230421999664e-06
2023-06-16,25.785602894235197,16.824282122672898,32.49191907517456,0.12020749572321032,0,0.0035148927547700797,2.1559126833651927e-05
2023-06-17,26.568426962778116,16.99402199603144,33.094159390064014,0.11949616290153339,0,0.0017041156752384268,2.9168230421999664e-06
2023-06-18,26.56876730141067,19.44574091485208,31.98009039696229,0.12171266704586381,0,0.6099835355231102,0.002996845448270757
2023-06-19,25.990924183189453,18.217168215487884,32.01684933926199,0.12250248252922762,0,0.002767367565885503,1.4901161193847656e-05
2023-06-20,24.717042782289784,16.796512490130507,30.378158179749857,0.12099468691129212,0,0.0038404233570892097,1.7817984236047622e-05
2023-06-21,24.90056119878242,16.262094635659096,30.96204697629241,0.12050893256004819,0,0.08535169530335786,0.0005359979386025286
2023-06-22,24.465210015046694,17.549800726707964,30.678684510575987,0.12060724353113918,0,0.1307830241294238,0.0005484895503267328
2023-06-23,23.729813393126154,16.767737076130338,30.44340567081535,0.11995741391012854,0,0.0029994815236022987,5.833646084399933e-06
2023-06-24,24.232746879090687,16.72318816489364,30.79407244743187,0.11930581221343776,0,0.0017225741544280027,2.9168230421999664e-06
2023-06-25,22.088362887226964,15.920591963098426,27.651660415974085,0.11895887496623588,0,0.0012851288602178101,2.9168230421999664e-06
2023-06-26,22.410917609465045,15.46524755599653,28.26436696154008,0.11869326111272717,0,0.0008644618674225057,2.9168230421999664e-06
2023-06-27,23.640701991953772,16.014631425573494,29.84074336924454,0.11844290334282194,0,0.0004261732051702438,0
2023-06-28,23.897855131000505,16.28135609728227,30.377490039581968,0.1182442550118088,0,0.0008583068797918258,2.9168230421999664e-06
2023-06-29,22.506288187554556,15.832602578021133,28.693887653756672,0.11812344003230968,0,0.0012874602930423862,5.580009298121675e-06
2023-06-30,23.306235052338753,16.0863885108461,29.702406862948823,0.11804088294928801,0,0.0017142793353741581,2.9168230421999664e-06
2023-07-01,25.101221233394988,16.61346610860624,31.66299711186837,0.1179501824345149,0,0.0008517578926614533,2.9168230421999664e-06
2023-07-02,25.982805538853874,18.71093535727645,32.29419880319151,0.11794321587745178,0,0.05496879841418976,0.00024165244812661025
2023-07-03,25.31749428823487,18.851885596742044,31.478415890957468,0.11817243048485288,0,0.0017136334804490616,2.9168230421999664e-06
2023-07-04,23.359312790674547,17.7141424300823,28.425513734208792,0.11804404022000359,0,0.0032012765956928786,5.326372511843417e-06
2023-07-05,22.387527739071704,16.346921555539417,28.10231005080205,0.11885060790582751,0,0.22291338184434978,0.0009520256772954413
2023-07-06,21.703870822013712,15.564198595412256,26.50313642785906,0.1256398897644476,0,1.024153067665077,0.004788155251360954
2023-07-07,21.65407935338665,15.17494240618769,27.453123441655606,0.12795672315232295,0,0.46611326795856894,0.0019878149032592773
2023-07-08,22.45500527780955,15.38745383404673,28.06075790080621,0.126511705006268,0,0.0025664852570991053,1.0240585245984664e-05
2023-07-09,23.452335809477702,16.629195907268137,29.712392409304375,0.12383571110718639,0,0.044201506682096964,0.00017389972159203063
2023-07-10,24.713851127895083,16.44504965924204,31.45158210916724,0.12184971207422568,0,0.0008446679353158848,5.580009298121676e-06
2023-07-11,26.43004370344449,16.45689580389796,33.88801529255321,0.12025653757947558,0,0.0021434707946355047,5.833646084399933e-06
2023-07-12,27.783032789298026,18.063010033140813,35.11750605157083,0.11925661344054742,0,0.0021461702317537856,2.9168230421999664e-06
2023-07-13,28.567703266008536,20.883501223300385,35.16637514804274,0.11865469208845852,0,0.001727760491121444,2.9168230421999664e-06
2023-07-14,26.502778971787066,19.927428225253514,32.12481994628909,0.11831498923876604,0,0.0008583068797918258,0
2023-07-15,25.499837123248618,19.226196094269472,31.959670176404607,0.118115588790136,0,0,0
2023-07-16,25.75331553195388,18.556534073200655,32.19328139284826,0.11794354053253822,0,0,0
2023-07-17,26.73814729731135,18.563292612928045,33.36982811461106,0.11780844072923592,0,0.000852346317969932,0
2023-07-18,27.768185181313385,19.143247239133167,34.39490856414148,0.11772582142065603,0,0.0012841465490964765,2.9168230421999664e-06
2023-07-19,26.308514999497877,20.00323220110956,31.986680375768803,0.11768876204253932,0,0.0017253826172236586,2.9168230421999664e-06
2023-07-20,25.605730776414827,18.95799800791641,31.458568102248194,0.11767599227580619,0,0.0008383042313653277,0
2023-07-21,25.342147984065083,19.729123574114883,31.10875835012885,0.1176659604336353,0,0.0017106532013144715,5.833646084399933e-06
2023-07-22,27.14704725116705,19.662757516414583,33.229729250644134,0.11763846485327321,0,0.0012874602930423862,2.9168230421999664e-06
2023-07-23,27.28210514961406,21.066408522585625,33.10103292262303,0.11761205145653257,0,0.0021457670982272248,2.9168230421999664e-06
2023-07-24,27.599221523095558,21.334420776367207,33.7120600923579,0.11770919366931239,0,0.029055615687471035,0.00011895565276450299
2023-07-25,28.459543633968288,20.702085259620198,34.354632048911256,0.11773285561419548,0,0.0013033691175223794,5.833646084399933e-06
2023-07-26,28.881680230215117,21.41955663802778,35.09328652239863,0.117639463167664,0,0.0008494699841321562,0
2023-07-27,28.483667235678833,20.665168989465613,34.85180410831535,0.11759312406499334,0,0.00044107436991680515,0
2023-07-28,25.93494090898665,20.766283335584298,30.99527886573307,0.1185083619246246,0,0.20106796254502965,0.0008260316037117165
2023-07-29,26.710334577628068,20.121849482110225,32.55814949197974,0.11868316975045709,0,0.001714587710921478,2.9168230421999664e-06
2023-07-30,26.776040349108122,20.05875750602562,32.66895797404839,0.11820356490764211,0,0,0
2023-07-31,27.08942729598244,20.47473261407083,33.009035930227746,0.11795181653178329,0,0.0008523463748133508,0
2023-08-01,27.288798774556923,20.664269759807205,33.400561653299555,0.11782022029795544,0,0.002139555988378561,5.833646084399933e-06
2023-08-02,26.68760540468473,20.211275011427883,32.1891319112575,0.11777723866997035,0,0.007351281783727206,2.2573673978764958e-05
2023-08-03,26.89792528355378,20.75788048277512,32.830920215363214,0.11773354550625416,0,0.000852346317969932,2.9168230421999664e-06
2023-08-04,25.964491688613364,20.433742506960627,32.102143827397796,0.1176765739495027,0,0.0008583068797918258,2.9168230421999664e-06
2023-08-05,26.124555000683966,19.875558276886657,32.360058658681034,0.11764030185997061,0,0.0008583068797918258,2.9168230421999664e-06
2023-08-06,23.0735760627909,17.602094739548725,29.232772372631338,0.13277262694446754,0,2.3125265506987875,0.011498560296728256
2023-08-07,22.550813518010155,16.476136812250687,27.92296408795298,0.13802179647675644,0,0.06777859747541136,0.0003194555323174659
2023-08-08,23.630619498178486,16.47178221357632,29.001691323138324,0.13195949310952043,0,0.0008584271995459858,2.9168230421999664e-06
2023-08-09,24.12220539065964,16.756589524289417,29.697971944606074,0.12751677492831615,0,0.002151025000785012,2.9168230421999664e-06
2023-08-10,24.877158079756096,17.817974204205473,30.79990403195647,0.12441074290174117,0,-5.960487214906607e-06,0
2023-08-11,24.32824845009663,17.599258487782603,30.38150394520863,0.12233734671951185,0,0.00044107436991680515,0
2023-08-12,22.264401813263596,15.9562840887841,28.21274797155504,0.12102557784276649,0,0.0008583068797918258,2.9168230421999664e-06
2023-08-13,21.694142629745198,15.414379947743539,28.354377973840613,0.12015271558829231,0,0.0012814998058274796,2.9168230421999664e-06
2023-08-14,20.41834187067993,14.6422584046709,27.117306973071827,0.11950104354966616,0,0,0
2023-08-15,20.156071810350383,13.968113546168572,26.727472573138318,0.11904836072989387,0,0,0
2023-08-16,21.274009731644465,14.524772481715448,28.080524785467937,0.11869506024299784,0,0,0
2023-08-17,22.348749163472085,14.748830267723593,28.844126275245202,0.11839662105479139,0,0,0
2023-08-18,23.060479433316726,15.138810113135825,29.605817689286923,0.11816986300421098,0,0,0
2023-08-19,23.75832338536042,16.263249303939517,30.37734628230969,0.11800243025975869,0,0,0
2023-08-20,24.448419219213186,16.764998480614217,31.42448282444733,0.11787447016289893,0,0.0004351138613856165,0
2023-08-21,24.839818967995082,17.38002066104972,31.401070972199157,0.1177799143689744,0,0.000870227722771233,0
2023-08-22,23.648703484501407,17.57254995792472,29.39782805747176,0.11772563474398132,0,0.000852346317969932,2.9168230421999664e-06
2023-08-23,23.58483139200415,17.078099741834293,29.43126032403177,0.11770155886386303,0,0.0017224120938408305,2.9168230421999664e-06
2023-08-24,23.806808969484184,17.26347182253576,29.762522206407933,0.11768171432170463,0,0.0007247057776615467,2.9168230421999664e-06
2023-08-25,23.21014598278291,16.987739725315848,29.02624492239447,0.11766469968971631,0,0,0
2023-08-26,22.76079583945851,16.427660158847264,28.478013578374355,0.11890951657126134,0,1.0826035382786146,0.0046164431470505736
2023-08-27,16.15845135086819,13.308743610787921,19.53953967804607,0.20273081732134446,0,10.586880813253686,0.0541866142699059
2023-08-28,15.817708062787453,9.987267482027116,20.892492286195168,0.22491315205891926,0,0,0
2023-08-29,18.900332046400575,9.464352806578313,25.537328387321335,0.20231912761715284,0,0.0025749206429281912,2.9168230421999664e-06
2023-08-30,20.50943816976346,14.023461394614383,25.681283049887814,0.1886600007402136,0,0.2769844189232417,0.001156773973018565
2023-08-31,19.720377209169662,14.246821496841777,25.38301027987868,0.1759174590415143,0,0.0004351138045421976,0
2023-09-01,19.480153407103668,13.013929716069669,25.522821434508,0.16346908461117576,0,0.0017175916582345963,2.9168230421999664e-06
2023-09-02,20.03492679460677,13.278257004758167,26.39281155200717,0.1535301235550684,0,0.0008413686600761139,0
2023-09-03,20.292123570002577,12.555122083298725,26.159838282808362,0.14567259389457973,0,0.014951888448785153,4.5147347957529916e-05
2023-09-04,18.770147818707443,11.82165358523107,25.171300815014153,0.1395253824004045,0,0.002142786968306609,2.9168230421999664e-06
2023-09-05,18.335003948888065,11.330452062728579,25.415042309050882,0.13451464767997146,0,0,0
2023-09-06,18.87885601774177,11.364461176446166,25.800320889087455,0.13076786555296985,0,0,0
2023-09-07,20.05624835237547,12.030023842669571,26.888154569585293,0.1280042120750914,0,0.000852346317969932,2.9168230421999664e-06
2023-09-08,22.05503491611348,15.199457306557534,28.335293579101585,0.1275961341587364,0,0.34324615559679394,0.0012785830396286983
2023-09-09,22.400080795829204,15.921417431121201,28.78429104419467,0.1258636582827737,0,0.003436207748563902,1.7817984236047622e-05
2023-09-10,24.56294254005382,15.89171720464181,31.101067725648292,0.12449179033861094,0,0.09586996501000497,0.0003589594617803046
2023-09-11,20.794776283426515,14.616257947556539,25.8286778226812,0.12316671330878073,0,0.0004352874541720976,0
2023-09-12,19.299493013206106,13.652608928274624,25.42596877077795,0.12212988129744291,0,0,0
2023-09-13,19.938795952763137,13.46020390936671,27.0902511921335,0.12124680052412316,0,0.000852346317969932,2.9168230421999664e-06
2023-09-14,20.26016512120025,13.515504812687023,27.645179391414583,0.12051708681363585,0,0.0017225741544280027,1.4584115210999832e-06
2023-09-15,19.862815935391925,13.812669534886158,26.552211225793737,0.11995428369400349,0,0.00044107436991680515,0
2023-09-16,19.835500619766584,13.66502185578044,26.43856584264879,0.11951779034120816,0,0,0
2023-09-17,19.22584651649423,13.93289827387386,25.052449392765148,0.119202266179078,0,0.000852346317969932,2.9168230421999664e-06
2023-09-18,18.838522866431717,14.668721495283433,23.89103679251166,0.11898378142228364,0,0,0
2023-09-19,18.029178554453775,12.194116925178712,22.8778176814952,0.11907700071943567,0,0.2886513446189977,0.001060835858608814
2023-09-20,14.6650077386951,8.805089098341945,20.213247550802052,0.1253074754214456,0,0.5122822015843492,0.0021956068404177403
2023-09-21,14.364585346194902,8.641705517058698,20.4293065497216,0.12412482457803496,0,0.0004351138045421976,0
2023-09-22,13.941941933598098,8.824845334316844,20.20512578436671,0.12303007409927692,0,0.00300407407394232,1.116001859624335e-05
2023-09-23,14.704897524786354,8.642540724734065,21.39691389367938,0.1221330980882577,0,0,0
2023-09-24,14.780449111072752,8.572771112969603,21.313917638900456,0.12135309259942238,0,0,0
2023-09-25,15.508296706828688,8.84403225513217,21.68087047820398,0.12074116916521219,0,0.0008641524118502275,0
2023-09-26,16.269691045233557,9.813069055435527,22.031228507833298,0.12024418174797762,0,0.0004261732051702438,0
2023-09-27,16.01471890388655,10.9251633015085,21.18451148499836,0.11985092974723652,0,0,0
2023-09-28,15.332786381498309,10.046043103806538,20.525374262383664,0.11971222086155667,0,0.0544095293004462,0.00019688555534849773
2023-09-29,14.181151448243062,8.757976385887655,20.025948901886657,0.1201792209706408,0,0.07861091730967715,0.00028870207198122713
2023-09-30,13.181165803408817,8.370644167636327,18.222055053710957,0.12006141987252743,0,0.008682758228597447,2.6314816576369262e-05
2023-10-01,14.292832289350816,7.8029919563456005,20.03657447327961,0.11976818328208112,0,0.0004467606977698324,0
2023-10-02,13.694829870453983,8.064438061004012,18.883846201795237,0.11951135675957862,0,0,0
2023-10-03,15.045006350253507,6.493859668488222,22.40403052796711,0.11926995676459994,0,0.0017344801790386555,2.9168230421999664e-06
2023-10-04,16.93318999540723,8.936071907205807,24.469270097448494,0.11909948308417136,0,0.014604279335508955,7.23498932858731e-05
2023-10-05,17.366454610080602,9.503713534740713,24.016428261614884,0.11979512694879627,0,0.6065158133697451,0.0022044207187409096
2023-10-06,12.36951850728789,9.002120452231573,15.175104928523957,0.15911591441918768,0,5.994363541298724,0.02756347047521713
2023-10-07,12.055805344277251,8.77021510347409,15.78422397045381,0.186842435471555,0,0.5078112825434258,0.0024072033293703766
2023-10-08,12.258552954382955,6.560645829870368,18.06164914394949,0.17984258773479053,0,0.0008584349870943697,2.9168230421999664e-06
2023-10-09,13.8869143492787,5.841612600772962,20.84696986421628,0.17168911331934286,0,0.000852346317969932,2.9168230421999664e-06
2023-10-10,15.371359450428228,8.08511346045963,23.242445406000687,0.16411032439969112,0,0.001728812890178233,2.9168230421999664e-06
2023-10-11,17.647877951547645,8.405755160717275,25.11397068754157,0.1569813423968376,0,0,0
2023-10-12,14.56918804628632,4.407561996135327,22.629516017183363,0.17240999911693816,0,9.884077183641422,0.05813475618971155
2023-10-13,4.779574030341865,1.4766270414312062,8.929647047976252,0.26728763445049314,0,0.5650750024843314,0.003020433669394635
2023-10-14,8.404752669097709,0.8348301664312061,15.657763671875022,0.2446376178281527,0,0.001716613724056515,2.9168230421999664e-06
2023-10-15,9.477005743473146,3.506737502077815,16.111982629654275,0.22763702987779116,0,0.0012755393754559918,2.9168230421999664e-06
2023-10-16,9.329588469376816,2.6796686050739926,16.388679796584128,0.21458810035218584,0,0.0008606480470518818,2.9168230421999664e-06
2023-10-17,12.413518700024785,5.380018583257169,18.381413171646464,0.20358958142869013,0,0.005053966523799782,1.3823204852165058e-05
2023-10-18,10.119686429720412,6.072285818546399,14.342049067071168,0.2620779159221243,0,8.70875272254086,0.04882723727124803
2023-10-19,11.465710844215796,4.744187764918573,18.015068086664748,0.26700791703893784,0,0.0017225741544280027,2.9168230421999664e-06
2023-10-20,13.284278082340359,6.405740551238388,20.018355414207967,0.24576488792473541,0,0.0017116729509325523,2.9168230421999664e-06
2023-10-21,9.315615254936523,6.668236006067177,11.45288501496013,0.29507136514000853,0,8.007334839462455,0.052808066631885274
2023-10-22,10.889208448694129,4.800659893928713,16.524001296023126,0.28670437319058895,0,0.28990900262873226,0.0013479527006758018
2023-10-23,8.49683093618842,4.027180188767476,11.329097796501019,0.30141539336941764,0,4.351838852394539,0.026234667351905334
2023-10-24,10.389308534446346,3.3942481507646507,17.289637853744203,0.28219118591741466,0,0.0017276470365253714,5.833646084399933e-06
2023-10-25,13.494009320955769,5.378228629903612,19.921475998898792,0.2614093455862492,0,0.04239564241772236,0.0002041142037574281
2023-10-26,12.558261795585063,7.656053323948659,17.95650258165727,0.26111378500647575,0,1.8929558864657976,0.011774834166181847
2023-10-27,12.926419167484829,7.791124514316013,19.36792946673456,0.25024881565824464,0,0.20956993099616736,0.0011128948089924266
2023-10-28,14.516323444014773,7.5481514788688715,21.195173158036923,0.23711435033919964,0,1.033356511470629e-06,0
2023-10-29,15.193386480994288,8.589703109416579,22.510736408639485,0.22550713559414476,0,0.0012646932532334176,5.833646084399933e-06
2023-10-30,14.913508692531735,8.768193606112888,21.62689793363533,0.21534498769340785,0,0.001716028918963275,8.908992118023811e-06
2023-10-31,10.364403360786179,4.107319154130674,15.036059959898628,0.2150045706025252,0,0.9697129116544756,0.004746875864394168
2023-11-01,9.541380496735282,3.8153178762882534,16.652688079184696,0.21021239098082195,0,0.0017180245777126402,1.2237974937925946e-05
2023-11-02,9.34581205760337,3.123104728536425,17.400478801321498,0.20280539600561695,0,0.0025716951199683535,1.4901161193847656e-05
2023-11-03,10.428528952091327,2.8541233793218312,18.68071698127911,0.19630889622032216,0,-8.696304121258436e-06,0
2023-11-04,11.415552058118479,4.696878830930043,19.422548594373357,0.19058405017176416,0,0.0034391878216410987,1.7817984236047622e-05
2023-11-05,12.123793830601057,4.999741704413254,19.237774528341113,0.18556658156374664,0,0.0017089405446313322,2.9168230421999664e-06
2023-11-06,11.615246974322838,6.944242566697164,16.21310970225235,0.1859864579870346,0,1.0692734158193702,0.004685115306935412
2023-11-07,10.844909511052158,7.080100461269969,15.435295462101086,0.1926150274614916,0,1.2831938393572544,0.00590919814211257
2023-11-08,8.349867976303658,4.088268263796565,13.338060614403279,0.3312069290918661,0,27.757669876685195,0.22526982616870958
2023-11-09,4.126893599489913,-0.4110880750290663,7.35279618932848,0.3557765608983682,0,2.6103721148542913,0.022053084474928833
2023-11-10,6.817414377090791,-0.8643937780501767,13.915106915413089,0.32106752327993404,0,0,0
2023-11-11,8.567655019557254,4.319937848030275,13.681202600357402,0.306752154844027,0,1.2130771527463753,0.009797608598749688
2023-11-12,6.541966572213693,0.6389532860289455,12.207097479637655,0.301032606084296,0,0,0
2023-11-13,5.904797319993922,-0.00954570364442539,14.172516323657769,0.2898815804339469,0,0.001727127028061659,1.4901161193847656e-05
2023-11-14,6.1589210510254055,-0.9706163122298642,15.802775800989048,0.28094242718202844,0,0,0
2023-11-15,9.69049642035305,0.3784940679022833,18.30752271286987,0.2735839410876551,0,0.0008583068797918258,2.9168230421999664e-06
2023-11-16,10.905244467444492,5.395540213077648,19.93872057326299,0.26666199974979915,0,0.0017265305700675526,5.580009298121676e-06
2023-11-17,13.459396524632258,5.511960618039417,20.036318969726583,0.26237807848774797,0,0.6221872693812017,0.0038338468429890086
2023-11-18,9.929071296529587,7.635231115462955,11.816529618932867,0.3167982737223307,0,8.554017543690405,0.08039125736723554
2023-11-19,9.273847358108435,3.7553863525390847,14.83685094955122,0.3269742248751593,0,0.003535458466664769,2.073480727824759e-05
2023-11-20,9.487301795364308,3.149914420919238,18.35049074862868,0.3068871978326892,0,0.000870227722771233,2.9168230421999664e-06
2023-11-21,12.25288180087476,3.082535439349258,19.452355957031273,0.2989266280586838,0,2.1343995915059324,0.016579919673026876
2023-11-22,6.270676798177969,2.1623356595952687,9.414841022897296,0.40137863429725584,0,30.757757894513546,0.5098506491234961
2023-11-23,3.290888933763457,-0.3190239439619121,8.350870789872861,0.3825182272187362,0,0.11902971470112245,0.0015139579772949219
2023-11-24,7.230226719633076,0.22587410135474348,14.786932437977914,0.36164337861622475,0,0.0008523463748133508,2.9168230421999664e-06
2023-11-25,7.090909679223471,1.7780959758352954,15.448172776242542,0.34886076365802304,0,0,0
2023-11-26,8.922622672547723,3.275128498483234,17.00433232733546,0.33893422877534907,0,0.0017225742112714215,1.7817984236047622e-05
2023-11-27,9.188901901245147,4.521286010742211,15.695976874168904,0.32987295651266757,0,-9.528207556286361e-06,0
2023-11-28,9.824300793045818,4.27601156031834,16.93824592752662,0.3217067961997174,0,0.0721916238289173,0.0005568595642739153
2023-11-29,6.551686266635337,4.260960485580142,9.41545416649354,0.3671232480529352,0,13.427319108080715,0.17043057274311146
2023-11-30,4.866582142714928,0.62185519603975,9.387616291451984,0.3723299472890001,0,0.007185720382852757,7.926149571195561e-05
2023-12-01,5.201792344979392,-0.07283636864193208,11.682525699696665,0.3526394864346118,0,0.001704692635939864,1.2237974937925946e-05
2023-12-02,6.404370084722022,1.2001118112117912,11.940317941219272,0.341969840408217,0,0,0
2023-12-03,5.562631523186464,0.7222735465841317,12.77513148531003,0.33346074422200517,0,0,0
2023-12-04,6.033768246698062,0.26560948148689106,14.430402780086458,0.3260737263564522,0,0,0
2023-12-05,8.219665911518954,0.8668979725939389,16.761057167864884,0.31975056533272384,0,0.0004351138045421976,2.9168230421999664e-06
2023-12-06,7.164441364369527,0.8937554542054748,13.293809282018804,0.31388628804091867,0,0,0
2023-12-07,6.03709787679904,-0.44226346929020327,11.304127405044902,0.30954153453204647,0,0,0
2023-12-08,3.2869450589444025,0.8465116460272832,6.181666662337954,0.3205363740312292,0,2.9515004796863615,0.03091864129330249
2023-12-09,0.7963345818485953,-3.6413553440824242,4.832776658078481,0.32886195622437386,0,0.14145513798328155,0.0012757930349796376
2023-12-10,2.6379895311721104,-4.154926835729698,9.449233099754842,0.31896800047962376,0,0.0025560521521583723,2.073480727824759e-05
2023-12-11,3.134080064381298,-1.13964454163894,7.410058983336126,0.36469908098802495,1.100012813054078,15.791196899108837,0.18639234786337996
2023-12-12,-2.8922911082598874,-5.65106168706364,-1.065696164394924,0.37169292531114945,25.904808011968086,3.0763591856984545,0.0001518016165875374
2023-12-13,-1.5834114182925083,-5.457189032371985,3.200546849027615,0.35329476755561556,28.93744805518617,0.0020165391669871363,0.002310060440225804
2023-12-14,3.633077053313575,-0.847243418592065,8.65795593261721,0.3470271225516678,25.603256939827126,0.000852346317969932,0.008056392060949448
2023-12-15,1.2632170386348494,-2.6061814977767392,5.1992369956158795,0.344217600720994,21.859101423980498,0.28102784707979034,0.008064888893289768
2023-12-16,-1.02103905643975,-2.6975802807097513,1.1706794251787127,0.3392436331890999,30.00221873614805,2.0099408447987464,0.003107557905481216
2023-12-17,0.04767617029503229,-4.245463854201273,5.825982795877682,0.3406955773103321,28.901472462322694,0.02267690413941152,0.013360698172386656
2023-12-18,3.566159436381486,-2.326501075257623,11.8811729268825,0.34268002340979603,22.03827051473847,0.0020259237962915342,0.015218968087054313
2023-12-19,1.4085685567653,-0.9741173926819918,4.324879228307869,0.3404689382999501,17.18352518284574,0.0641398607416356,0.008566328819761883
2023-12-20,0.7038945056022742,-3.1394291654545983,6.184836140084797,0.33688172414793194,13.650124321254435,0.0004261732051702438,0.007683165529940991
2023-12-21,1.1097112398621218,-3.3478420176404353,9.027718791555873,0.3326445910947542,10.546164048648048,0,0.006603053275575028
2023-12-22,3.6927129515519685,-3.160041127306327,11.400137588825654,0.32943076816856437,7.759689439273049,0.000852346317969932,0.006203575337186772
2023-12-23,5.862690680754117,-0.8921815263463866,13.962975619701652,0.3260421022455743,5.224806765292553,0.0017106532936850272,0.005874227970204455
2023-12-24,7.739211151447735,4.826745475606739,12.041058349609399,0.3249695284146789,3.179581532579787,0.5706952074232736,0.009517339949912213
2023-12-25,9.458963212899297,3.419567026990548,16.434182479533764,0.32674986656675953,1.5531433538342196,3.281831487593903,0.04054130391871675
2023-12-26,4.877953674099981,2.871903829371698,7.268911158784929,0.3571466729996053,0.7547550282579787,3.625708818333351,0.04227002884479279
2023-12-27,3.9903249727073495,-1.7148350492436606,9.40338998348157,0.3699522221342046,0.4904566988031915,3.6843705049465556,0.0548064074617751
2023-12-28,6.845706390489101,-1.8762295337433281,14.377501142785924,0.3447940447651748,0.27875872672872337,0,0.0004788028432967815
2023-12-29,-0.6308328236248143,-4.70465847583525,4.634134040994868,0.3599783687726826,21.608445534131203,9.061977584208984,0.04497043629910084
2023-12-30,-1.6110318095971174,-5.438202358813973,3.3648514767910798,0.35190880687524245,32.622227185837765,0.00398932619297758,0.008217070965056722
2023-12-31,0.839035069350679,-3.692975048308654,8.281490049970932,0.34916285251049284,26.658056640625,0.0008583068797918258,0.016262049370623647
2024-01-01,4.109228107100716,-2.9341674155377095,11.865558056121198,0.3481816988464788,19.808128670766845,0.000852346317969932,0.015992940740382416
2024-01-02,2.232416899660808,-2.819533652447617,7.647048560609231,0.34468897826282685,14.712332737699468,0.0025868415605145856,0.01014394963041265
2024-01-03,1.684849748543841,-3.7687815564743787,9.241154577377017,0.3408857846090979,10.74442112699468,0.001716613667213096,0.009727224390557471
2024-01-04,4.717397922488835,0.10607890676947088,11.06586180342007,0.34197706127843114,7.151933732269503,1.1526469855166785,0.01990192748130636
2024-01-05,3.737964686941607,-0.2670796495802632,8.808516092503348,0.33991041792199966,4.5565370816711,0.10106975727892936,0.006372180390865244
2024-01-06,5.3460388372976295,-0.09381259350064212,10.908551999355906,0.33427065314976034,3.075899337876773,0.4090832902575324,0.006835638208592191
2024-01-07,3.442533942148222,0.5971345942071371,6.440748758518972,0.38396423826826376,2.7827020306959223,16.231583280720788,0.23838630382050854
2024-01-08,1.1280799351685473,-2.225635350004133,5.018310936461127,0.3871976757725925,5.481608765514184,0.9441847496794613,0.0171463540259828
2024-01-09,5.134606679280626,-2.054366481050509,11.10112525452961,0.3679437028600815,3.945654643173759,0.0013020682558817498,0.005415081977844237
2024-01-10,5.715299146395229,1.015517019718274,12.40250990847326,0.3558662739205868,2.4535291306515954,0.001713631718303077,0.004279550085676476
2024-01-11,1.9678068986175994,-2.1149519900057947,5.381013066717941,0.3609077480667871,1.7603439439273048,2.532980289865047,0.03150898091336514
2024-01-12,4.93923891486852,-1.6235544407621119,9.391471765396465,0.35946771878722705,1.3257417719414895,0.8534460625749952,0.011385184653261873
2024-01-13,6.687365262728225,2.6618839994390187,11.575594703187358,0.35722549925459185,0.7895854111258864,1.6375826394304316,0.019723050137783617
2024-01-14,6.745372831736912,1.8921489309757538,12.834748028694337,0.3500280772540586,0.43698505374556734,0.6735955146464607,0.008553266525268555
2024-01-15,2.6466144101839837,-1.41999505225646,6.203426604575323,0.36023223281752137,0.2992156333111702,2.39789346431164,0.03480847845686242
2024-01-16,1.5037216916997522,-3.9291706491023706,6.781303827813353,0.35576085300310284,0.1938646248891844,1.2222224727135287,0.01579947928164868
2024-01-17,1.2801332162627281,-4.1197145502617785,7.595776042532436,0.3472876880185824,0.1188566600177305,0.0029207543100691256,0.00025154428279146237
2024-01-18,2.8426320312716684,-1.7505315902385077,9.286652845017475,0.33984732391140987,0.06932173925088651,0.4342462154095198,0.0045861969602868915
2024-01-19,2.164384168259673,-3.4543611567070913,7.769584883020301,0.340362951941524,0.04026138630319148,1.345752274736445,0.01620314222701052
2024-01-20,1.3837387490779938,-4.1320104071434285,8.300603793529776,0.3371399493927651,0.023484250332446808,1.496457039041722e-05,4.1786660539343e-05
2024-01-21,2.8912700707185417,-3.2948211020611473,11.525407831719603,0.32948424968313667,0.013619237588652482,0,2.6631862559217085e-05
2024-01-22,4.3978415225414835,-0.6562414291056953,11.130765549680042,0.3231528802966395,0.008254377216312055,0.0017236881717508368,2.6631862559217085e-05
2024-01-23,3.0003576643923755,-1.5748982530958882,8.926260116252514,0.3177350767960785,0.004709663120567376,0.0008583068797918258,1.3315931279608543e-05
2024-01-24,3.413178401974088,-1.459416296126972,8.250910462724425,0.3155648116524337,0.002896096520390071,0.9464069883874121,0.009021987306310776
2024-01-25,0.22796511819178095,-1.5724107458236138,3.0792867457613258,0.36472476120536207,13.571522121564714,11.987018965614784,0.09027446838135415
2024-01-26,-1.230852619468713,-5.176938710314139,4.192117244639318,0.36389332493991716,54.27626814605496,4.194006387223589,0.03359951871506711
2024-01-27,2.2642885411039657,-5.447160436751972,7.883073587620535,0.37988340770099177,43.03824731272163,5.253498604957094,0.11831040078021109
2024-01-28,4.915280221709157,1.6827941245221307,9.604329275577648,0.41397808156114935,27.64149975066489,33.44471663860478,4.5213691097624755
2024-01-29,0.3114547080182336,-1.446953826254964,1.29594804479723,0.41958138756718194,46.99325098348847,15.7859858680165,0.35350018359245133
2024-01-30,-2.324942306085643,-4.948228746779399,0.019194647606405626,0.39679850855617654,64.86418578235816,2.7208803816030374,0.0032758459131768405
2024-01-31,-5.347694778442372,-8.070192312686977,-2.555939175220223,0.38326303197982464,79.00246356937056,1.3091494427327388,1.116001859624335e-05
2024-02-01,-4.6247285775258815,-8.051928970661546,-1.7692280870802632,0.3752457476676778,81.96444758421985,0.9315055411940057,0.0009382024724432761
2024-02-02,-2.718798985041601,-7.288298067133454,3.111416171459464,0.3761228899583749,77.9117499168883,0.000852346317969932,0.02449712854750613
2024-02-03,-1.4860238014383291,-4.198944026865835,2.1191645845454015,0.3818704997394101,81.79019316544769,10.738991292988972,0.046209388590873555
2024-02-04,-3.1690545562311154,-6.876970007064472,0.6004517900183073,0.376922104206491,96.27705701462766,0.2957648418296133,0.007832557597058885
2024-02-05,-2.254948682311552,-8.848807996384618,4.100530746135329,0.38064610907372004,90.42724124556736,0.06176715201519905,0.04153815989798687
2024-02-06,2.3258585828416036,-4.864515328914538,6.937490844726584,0.3858378065393326,78.97394309618794,1.2603145964261147,0.06629412478588996
2024-02-07,2.2710031306490093,-0.5728735741148375,4.777686196185195,0.39287504101475923,69.21139669215424,2.897159665044842,0.07422021094788896
2024-02-08,4.100012547919123,-0.46552981112863423,10.518221007002182,0.3980770273411527,56.75233924811614,0.1525311522883346,0.10939532137931661
2024-02-09,4.699529039098895,-0.8085286891206555,12.337250599962623,0.3964557106613267,37.12863786846188,0.013182645041127367,0.09020173803288886
2024-02-10,5.833154594475516,-0.07705584586932569,13.870131407392806,0.3903641883363115,21.00841921542553,0.0008583068797918258,0.0552585150333161
2024-02-11,6.123574347529877,-0.26017683313245726,12.51314703758729,0.3826938926750886,11.485301349179963,0,0.03271610178845994
2024-02-12,3.922479315683369,-1.8827623083236142,11.135901528216445,0.3746376497525695,6.289381441156914,0.0021767742067184256,0.01774404911284751
2024-02-13,4.572679554824314,-2.7187013666680286,12.357378241356404,0.3665027347862297,3.394306502105496,-9.610971574147698e-06,0.010001722802507117
2024-02-14,7.1067783680368315,-1.5808830748212868,15.838927378553045,0.3585652642216242,1.6655578180407802,0.001716971837595338,0.005956025833779193
2024-02-15,9.828851096511753,3.6712149112782804,16.3772039535198,0.3496392053915253,0.7331293633643619,0.004618535548219216,0.0027695868877654376
2024-02-16,7.652275558904561,2.3071046869805745,13.360367990047395,0.34515937642848243,0.3390244071365248,0.29589343578257454,0.005363340073443473
2024-02-17,2.155197116500122,-0.14688675251410627,3.3820978692237595,0.4102672198140029,1.5498697916666666,30.45812001886651,1.7725398565860504
2024-02-18,-1.869603174628923,-5.385068138609518,0.31610854128576077,0.40546540064169156,27.59512030418883,5.591691808497651,0.009852457553782362
2024-02-19,-5.4869823049991515,-6.417541503906227,-4.224278486535881,0.39045424765728887,72.70033313940603,10.375511280397964,1.5979117535530253e-05
2024-02-20,-7.859172566731743,-14.063211773811478,-3.2699432373046644,0.3826775949897495,99.81370442708332,1.5848293132024838,2.23200371924867e-05
2024-02-21,-5.958964811825558,-13.627244275681493,-0.9566445857920317,0.38303319241138206,99.51589684452571,0.002594269740692401,0.019698066914335212
2024-02-22,-2.501036951051529,-8.569956678025243,1.1258076769240588,0.3844148865828277,98.40586041389626,0.007472139621439326,0.027020243888205668
2024-02-23,-0.6678219734353996,-5.483510053918693,2.3675923448928087,0.3896714934220551,88.01755111369681,0.41663114049378175,0.052668629808628804
2024-02-24,-0.5077181525263954,-3.62816084192152,2.526086230988221,0.39824146514243264,77.33622665946366,3.125078329884082,0.10155230126482374
2024-02-25,-0.6013711266483597,-3.915403390437976,1.2468221461519509,0.3989628054571489,79.34476915724733,5.711494091076579,0.06941506203184736
2024-02-26,-0.2026813642352851,-3.3189776481465865,2.8610556095204682,0.4024806543444911,79.15034041167996,3.8035999558698985,0.08751293446155305
2024-02-27,-1.9182708496742917,-3.565424752742663,0.13991160291308788,0.3923983743004765,90.90116771941489,4.7257951626911465,0.008438749516263921
2024-02-28,-1.6998247593006963,-3.6210679074550964,0.7203489263007207,0.3899199844252133,93.74299091312056,0.7726363679195971,0.030063885323544766
2024-02-29,-1.498183768522618,-3.675978835085582,0.5317161397731277,0.3909945548848903,92.96888921210106,3.72388039497619,0.039554593410897766
2024-03-01,-3.2421277228821963,-5.237603110455429,-1.2376427183759746,0.38394035447573827,98.44154546210106,3.973260711911686,0.003986789825114798
2024-03-02,-5.170548367331184,-7.097728063705096,-3.1246445676113472,0.3774564675405515,99.91643118351062,2.8645124841016285,1.116001859624335e-05
2024-03-03,-5.278836300356153,-7.920546836041366,-1.9711583563621782,0.3737342076944121,99.91588264627659,0.7336602489334487,0.00201362244626309
2024-03-04,-2.820803492119957,-8.480720617416035,1.9503803658992913,0.3838826172740747,97.39990788453012,0.002778337174993098,0.05967382420884802
2024-03-05,0.9464265782782684,-4.615099837932158,5.251039870241877,0.3994456270907787,87.21797221298759,0.004221847694060805,0.14413474722111477
2024-03-06,1.59037631420381,-1.092799085251806,3.256085075216113,0.4072647175890334,76.85532261192375,3.6314876789465216,0.1581557570619786
2024-03-07,2.2010960572155,-3.593831813081759,7.325478866252515,0.41192947550022857,62.82317500554078,0.7744182296500804,0.18249290420653974
2024-03-08,5.359392975069973,-1.7894146858377433,10.390148601126185,0.4132832087523548,43.167201698249116,2.43637688606257,0.4198427530045205
2024-03-09,4.8901135140277106,2.0183856720620237,7.1239474032787795,0.4253653965943248,25.293603169326243,11.69794417437612,0.7457327969530795
2024-03-10,5.267619567221803,0.01864877254407189,10.647513012175885,0.416176237282178,12.261897440159576,2.20782255872767,0.14227121434313186
2024-03-11,6.997740855115544,-0.4217124776637073,13.916716815055707,0.41125401706560283,5.072611577460106,6.291465809902382,0.3928487605236946
2024-03-12,2.0701299275067075,-1.401703530169525,7.042619226333966,0.42648433117156326,29.31177658189273,26.438149243528617,1.403294154938231
2024-03-13,-0.686464393561586,-4.334937302609684,2.516640975627516,0.4132248898769947,64.30400979332889,0.06798049236865752,0.07026715481534916
2024-03-14,-2.619248643158145,-6.888579218438308,1.5326604315575358,0.4100226733701448,62.993743420323575,4.306919016634301,0.08370990448809684
2024-03-15,0.4411274957319008,-7.001915140354865,7.275211610185361,0.4115379522878227,50.48026512632978,0.002179921120309603,0.1686070827727622
2024-03-16,4.034782041725555,-4.9496605406416,13.073615605780441,0.4077219428745567,28.85490705341312,0.0008908895805921309,0.124052864439944
2024-03-17,9.196815060554693,-2.3622066416638736,16.845590080098926,0.4021191563166625,13.163660447140956,0.9956408054220904,0.11205863445363144
2024-03-18,8.547786128267356,2.6027684637840984,14.250476074218772,0.3983680319278798,4.586990594525709,0.7160422754337714,0.050365163924846246
2024-03-19,10.920316617708693,2.4233161439287123,18.893509105925887,0.3855520343104153,1.467362380873227,0.003427499905228615,0.011871850236933284
2024-03-20,11.857780710856149,6.9299681318567385,18.482791657143473,0.3957854548244612,0.40478550254875895,23.004962281977875,4.223923226620288
2024-03-21,7.696397746201126,4.682023003760827,10.737774203686026,0.4257328060501856,0.05531430075354609,20.361631220914123,2.5742493411327927
2024-03-22,5.388858911500767,1.1170578976895174,9.60613442278925,0.41634705455590654,0.013562098293439715,3.7070387220942487,0.21217782446678646
2024-03-23,8.938387617828166,1.306000729824657,14.664378778985228,0.39727375490445616,0.004109181072695035,0.000852346317969932,6.28385138004384e-05
2024-03-24,9.582284867848088,1.8936378641331675,16.537691416638985,0.38391740406658637,0.0010711020611702128,0.02698695395768849,0.0006482956257272274
2024-03-25,12.789804956422639,2.5996864481175432,20.530553874563687,0.37183521081369814,0.00012258976063829786,0.7955516330068657,0.015911776968773376
2024-03-26,11.159319451514746,7.211446234520468,16.196159460189516,0.3937304774074689,0,8.267130243017318,0.4046378617591046
2024-03-27,12.49366489708004,6.623452304271964,18.43596171926947,0.3912132127910641,0,0.7837414740492932,0.016020460331693607
2024-03-28,6.279844562719908,3.1125085708943048,10.584326301737056,0.4041899092653965,0,6.90227265053607,0.3566935341408912
2024-03-29,4.253240969502345,2.351067790579311,6.7256013910821375,0.4130442544923606,0.2806498642508865,5.569200439656035,0.16112910940292036
2024-03-30,4.319774405837929,-1.9514538704080555,8.628075652426883,0.39315152269728637,0.26328228889627664,0.0017046927496267017,0.0009905150596131668
2024-03-31,5.6391969342604025,-3.1826014741937936,12.143821683843106,0.37919680548052415,0.12066676363031914,0.0008550650818506256,0.0005753750496722282
2024-04-01,8.194913553007975,-0.3326186809133749,13.569641373005341,0.36879958835899407,0.055450396165780146,0.14022893083770116,0.002569150417409044
2024-04-02,5.944579101454312,0.9704094420088325,9.343301196808534,0.3717156078798551,0.02434203235815603,2.4030133438653603,0.05046763318650266
2024-04-03,5.659603113485577,0.04584162285989641,10.393139258851418,0.36778505203571726,0.010766082114361702,0.2902841314356378,0.006135790906053908
2024-04-04,8.38886453885561,-0.182812889586081,13.95231959566159,0.3557789904005984,0.003731022828014184,0.11444456316788072,0.0023552711973799036
2024-04-05,10.28512691200203,2.012320530668241,16.16113066977645,0.3524350051338791,0.0011015763519503547,2.51404871327337,0.0470470240775575
2024-04-06,7.570048292985214,1.5538402151554416,12.446393017058698,0.38607366034325136,0.00010215813386524823,5.811497822618635,0.27020573616027826
2024-04-07,10.025563495717183,0.8836895232505214,17.05304383622841,0.3617499412374293,0,0.0012874602930423862,1.7817984236047622e-05
2024-04-08,13.088410278753217,2.631857559528779,19.126360174950154,0.34671716892972904,0,0.020897134787359623,0.0003207871254454268
2024-04-09,11.592808348743638,4.847744361390482,16.580820935837785,0.33797320102123496,0,0.21125419664766476,0.0035833805165392286
2024-04-10,12.031753561682768,4.192368917262323,18.409009827958798,0.32888484440796756,0,0.06423869086512106,0.0012031895049074862
2024-04-11,14.580988620189924,5.173727287130176,20.414871670337455,0.31915894636871117,0,0.25398769277207395,0.003970049797220433
2024-04-12,12.113981842149272,8.752562892183366,15.985938603827318,0.34918189623677137,0,9.496714206452065,0.20767703969427878
2024-04-13,9.539486399440925,7.358482847822497,11.57109576286156,0.41078670582872756,0,14.891604984037508,0.9054794590523901
2024-04-14,10.94299244711587,6.538340272294737,13.946187575320002,0.39914754772862643,0,5.328709965051588,0.13085629077667885
2024-04-15,8.34566889012117,5.879993909470601,9.974666514295235,0.4235977632779601,0,14.510069185001234,1.0600790064385595
2024-04-16,8.617991611129021,4.3230699904421765,13.059110471035591,0.4013959492351991,0,0.9268065716812688,0.023050257500181807
2024-04-17,11.612815004714022,4.329379662047064,17.25313363582532,0.38262636441710995,0,0.0008261268077303805,1.9149577364008476e-05
2024-04-18,13.212035946135835,6.818773050511159,19.215784340716446,0.3680383046468099,0,0.07170730448783712,0.0016377961381952811
2024-04-19,13.35508026231266,9.41701880921711,17.167275286735393,0.3736431987573069,0,3.825330353695432,0.0962049403089158
2024-04-20,13.664476475817112,9.580966511178547,18.465507539789748,0.3830829403924604,0,3.5251640258951387,0.08654169579769702
2024-04-21,13.714915850483793,7.945915903943672,19.075248750727248,0.3745699185851618,0,0.8407625746219716,0.017631497788936534
2024-04-22,14.635706369927599,7.503477185837788,20.620673386594103,0.3616068305698692,0,0.8094178868914433,0.014394711940846544
2024-04-23,14.788728889844121,7.154773144011824,20.80450556328958,0.35448067577172676,0,1.347918594398805,0.02430880323369452
2024-04-24,15.294074636148252,8.107400577626352,21.647039989714948,0.3482211309121856,0,1.1708375221032348,0.02135488581150136
2024-04-25,13.525052117963233,8.634655112408598,18.8629036761345,0.36187254452536294,0,4.164772211134838,0.08271457032954438
2024-04-26,12.379284440710208,7.683542779151452,16.673050381274955,0.35418925454430544,0,8.978747918592217e-05,3.741142597604305e-06
2024-04-27,11.638193514668368,4.949915459815514,16.03402339854141,0.34024389009949163,0,0.784522327306275,0.012410004088219176
2024-04-28,6.939070675897285,3.2453383425449025,11.20698962921794,0.3420343899557777,0,1.5576567413319857,0.023875179442953552
2024-04-29,8.412895667975704,3.1261512918675427,11.700730603806539,0.3347594078550947,0,0.34630412682152784,0.006882275672669107
2024-04-30,9.789642214944186,5.095295877659597,13.890580132667075,0.32683097893464647,0,0.09479216926611368,0.001524737540711748
2024-05-01,11.788066477133048,4.995689619348427,18.014029709836294,0.3145952021822016,0,0.000852346317969932,9.32115189572598e-06
2024-05-02,15.098250636648634,6.341540916929875,20.896197120179544,0.30151670740005815,0,0.000852346317969932,2.9168230421999664e-06
2024-05-03,13.290764001075289,11.327283753740048,15.152024484188019,0.3177592338399684,0,5.701140393602087,0.10292923196833183
2024-05-04,14.874423913076436,10.461536099048391,19.269056214677548,0.39095545288518807,0,22.783020328911288,0.7671653590303786
2024-05-05,13.375180970861589,8.76751234987951,17.441216326774455,0.4134561011131773,0,11.346873704446033,0.9887283152722298
2024-05-06,15.302682790012234,8.171136214885328,21.126804562832465,0.39580685230011636,0,2.1665589606508298,0.05059001293588192
2024-05-07,18.02399349077376,8.954300381274955,24.34653157984959,0.3724733068587932,0,0.026590012455375126,0.00043384572292896027
2024-05-08,19.028467922345996,11.546020313019469,24.97748458537652,0.3552582706965453,0,0.0043073867179967175,6.943307024367311e-05
2024-05-09,16.412870055394833,12.169623971492706,23.54497726115777,0.3805001495577765,0,14.202563052429925,0.46529979147809614
2024-05-10,12.242130585257923,9.404198894094936,15.443168088223093,0.42602141360019113,0,23.971059728164665,3.147590287188266
2024-05-11,11.47904458553236,7.537250794755675,15.298119857463451,0.4068145427298039,0,1.7050866116868688,0.04696192893576114
2024-05-12,13.477817045712326,7.3462304947224295,18.624300822805875,0.3861220096019988,0,0.02713241475693723,0.0005537525136420067
2024-05-13,17.115507902321262,7.168253927027949,24.13957259807183,0.3684004438684342,0,0.002147589270862227,4.2293934111899515e-05
2024-05-14,20.930421634430605,9.844099718459132,28.36037240535657,0.3518583230093016,0,5.835545380250551e-07,0
2024-05-15,19.86624791300891,14.195640401637322,24.826575356341444,0.3411928055134225,0,0.6451880991830918,0.010287191005463296
2024-05-16,17.13654485120845,12.034024112782602,21.976673726832633,0.342696467189924,0,1.6799579534713203,0.028031176709114234
2024-05-17,17.597708549228983,11.54372928700551,21.882941582862387,0.3538774801484237,0,9.429176863136732,0.28902013251122005
2024-05-18,15.897327498848567,10.517174773520635,20.21393588451631,0.40285076114302826,0,13.69852804123087,1.9634798486182028
2024-05-19,10.359636885730966,8.429537184695002,13.413452083506506,0.41584421252527975,0,11.091743948509489,0.4983550690590067
2024-05-20,12.281844083637221,7.515800118953646,16.642312492208298,0.3989690740057762,0,0.21845165719377235,0.005335122980970017
2024-05-21,15.504586773054,7.8615642141788795,21.08106793342755,0.37812504869826297,0,0.25331077054783663,0.004655883667316842
2024-05-22,17.11541573274223,10.522116023936194,21.890078540558534,0.3649678467013311,0,0.4798365400142847,0.009272073177581138
2024-05-23,18.058172201603032,12.036844586311524,23.337078792490875,0.3539949024822695,0,2.8806029482090727,0.06464681726820924
2024-05-24,16.058806380143423,11.915161067881504,19.738837903611223,0.3941341805965342,0,6.668719395575775,0.2943087765511046
2024-05-25,15.883442211827502,8.430660621156106,20.59801940917971,0.36880152546767647,0,0.17356073602716973,0.0035062115243140687
2024-05-26,13.653062996289437,7.615300799430707,19.07927038314497,0.34928242838974544,0,0,0
2024-05-27,16.366641235351587,8.85176956501415,22.562564541431207,0.33294799750578313,0,0.0027241997776535696,4.3118253667303853e-05
2024-05-28,15.88215150224404,9.368117766684696,21.324168882978743,0.3195883838842946,0,0.05682262968509755,0.0009865202802292845
2024-05-29,15.44842928081542,9.14962904909826,21.030372846887488,0.3058605545801474,0,0.007145201901271005,0.00012637452876314203
2024-05-30,16.148851665199242,9.332410577003014,21.815520590924223,0.2939977929947224,0,0.021649041028912835,0.00028622911331501415
2024-05-31,17.49872635915772,9.859094692798394,23.875929812167573,0.28132226010586353,0,0,0
2024-06-01,18.424237726089835,10.802134022814185,24.767409304355073,0.26912487381738975,0,0.0008583068797918258,5.833646084399933e-06
2024-06-02,19.678789520263702,11.574329327522461,26.175115577210793,0.25655459951847154,0,0,0
2024-06-03,18.76618860123008,12.387581488426719,23.99234300978642,0.2488702814629737,0,0.4446870468009268,0.0048443992087181574
2024-06-04,17.83747409252412,11.623478861058036,23.783559985871033,0.2455432540136026,0,1.0414994777517115,0.012989881190847843
2024-06-05,17.825965773129322,11.585807637965448,24.099184141767807,0.2528193291197432,0,1.9702998881644391,0.025120060494605526
2024-06-06,18.887084533474994,11.572933375581805,25.220484567195832,0.2496231106156153,0,0.4479752575074348,0.004145503044128418
2024-06-07,19.51089367967972,11.544583844124023,25.70297734686671,0.2359797159830729,0,0.000852346317969932,2.9168230421999664e-06
2024-06-08,20.056949856264396,12.75357906260391,26.047805396546725,0.22203818787919713,0,0.0021447526647689493,2.4222313089573635e-05
2024-06-09,21.176610808676887,13.19900214012635,27.26778635877246,0.2106308335108114,0,0,0
2024-06-10,22.08521995273891,14.109393375477913,28.96716237169633,0.2008481154205106,0,0.23483862257931987,0.0019261811641936605
2024-06-11,22.540589390747947,14.878125584379177,29.26560253386804,0.1914407202538024,0,0.018088741425818875,0.0001562402603474069
2024-06-12,22.627407412157012,15.413151582758498,28.927755737304707,0.18188665403541943,0,0.002047182602653149,1.7817984236047622e-05
2024-06-13,22.31075511418336,15.91597374449387,28.336869130236057,0.17312921294083827,0,0.0017106522136600688,5.833646084399933e-06
2024-06-14,22.1992344119025,15.511204431412088,28.679748924742377,0.16513226826985675,0,0.001730909104935563,1.5725480749251995e-05
2024-06-15,22.642578246745668,15.592287169111556,28.82028815086854,0.15879212778510776,0,0.0019218851299286897,1.7817984236047622e-05
2024-06-16,23.69886996762974,15.543293015500353,30.18658804386222,0.15821250482653895,0,0.9278857327408427,0.008002304016275608
2024-06-17,22.09791525712252,15.963870498981903,27.376360564536256,0.17385258234984485,0,2.5614763607450186,0.02273111901384719
2024-06-18,22.64934863638373,15.482128971181039,28.68275841246262,0.17582460227587546,0,0.005022855671231422,2.9231639618569228e-05
2024-06-19,22.70203929928179,16.085940681619867,28.044170428336955,0.16569364290710883,0,0.19481828872193682,0.0014069866626820664
2024-06-20,23.030769878414542,16.531380576275787,28.78890783431684,0.16746338918699438,0,1.3982062009031708,0.012703715486729399
2024-06-21,22.691726427551718,15.941091659221266,28.444330288501515,0.16769132140680407,0,0.41959401091336523,0.0033497176271803835
2024-06-22,24.133024426724074,15.681364862969602,29.68979706459859,0.15936745176924033,0,0.001711709444407461,1.6359572714947638e-05
2024-06-23,23.33924040557647,16.98670829610624,29.04336775110125,0.1526882875050213,0,0.24868077782491338,0.0016794559803414851
2024-06-24,21.309490103755472,15.393500015583468,25.64344242177113,0.14861486177917912,0,0.06975100395029911,0.0004668185051451338
2024-06-25,23.223705221406128,15.01006800874753,28.839505848986057,0.1433470029357477,0,0.0008583068797918258,2.9168230421999664e-06
2024-06-26,24.66386719832185,18.029592765645795,30.18247089791807,0.13819627964750247,0,0.008221763234234188,6.068260111707322e-05
2024-06-27,26.636305399143982,17.991104385700652,32.94562027302196,0.13399315150917,0,0,0
2024-06-28,24.839558267255214,18.449607362138487,30.360566484167244,0.14356421342132786,0,2.0309043588319597,0.01621823361579408
2024-06-29,25.121128766756538,17.94047539893619,30.643983362076153,0.1459812759507632,0,0.09349217833375932,0.0005737898197579891
2024-06-30,23.962921359014867,17.927585423246367,29.29151494452296,0.1397028442815686,0,0.06541660902059371,0.0004012533958922041
2024-07-01,20.86383351535665,13.083511157746033,25.957476157330476,0.13701016852196224,0,0.24656851231839025,0.001561134419542678
2024-07-02,20.412873953961327,12.556087802318839,26.81539124833779,0.1329713726720066,0,0,0
2024-07-03,22.771366606367433,14.18210072618852,29.2654833205203,0.12949594267716644,0,0,0
2024-07-04,23.800757065901557,16.807525245179544,30.01803049939746,0.12698363446174785,0,0.0017170642081509868,2.9168230421999664e-06
2024-07-05,22.97850372098018,16.135489800635824,28.636889388713453,0.1252404449679327,0,0.001293420723413874,2.9168230421999664e-06
2024-07-06,23.146976324852496,15.854517575527783,28.826342903299558,0.12392096823834357,0,0.0021275669723763713,8.7504691265999e-06
2024-07-07,22.897902931051085,16.61031688933679,28.501668077834136,0.12326794617564964,0,0.16322529062311703,0.00089685967627992
2024-07-08,22.74142312935906,16.65714903486538,28.070128355634992,0.123748173274047,0,0.07904666535397792,0.0006044798708976582
2024-07-09,23.77991221272355,16.23607327075717,29.43492158930355,0.12283964224740967,0,0.0008583068797918258,9.32115189572598e-06
2024-07-10,24.202580077259295,17.324540807845768,29.670781237013813,0.12174150994483458,0,0.0020875575694632026,2.992914078083444e-05
2024-07-11,24.176420493159746,17.63298054147276,29.654807102933862,0.12098708727681044,0,0.000852346317969932,2.9168230421999664e-06
2024-07-12,23.639326330956006,17.399070512487555,29.250667555788752,0.12128507735881398,0,0.3785435189542339,0.0020717052703208114
2024-07-13,22.931473281535702,17.065651751579143,28.166986278777447,0.12273462173786569,0,0.00032123098982141373,0
2024-07-14,21.99700892833955,16.342050495553547,26.467002641393805,0.12347352859821724,0,0.33127361155073437,0.0017249837834784326
2024-07-15,21.008585966394328,15.82181325060258,25.316747657288918,0.12257303007951018,0,0.0004261732051702438,0
2024-07-16,21.90695428510086,15.894060175469603,26.763983219227914,0.12167770439851368,0,0.002570925777568637,1.2237974937925946e-05
2024-07-17,22.95224928619171,16.08862570904673,28.042221718646136,0.12092484548582251,0,0,0
2024-07-18,22.952860111209542,16.144316523125852,27.780742434237887,0.1203313408168495,0,0.000852346317969932,0
2024-07-19,22.653819523804604,17.038553700548558,27.610365782392805,0.1198732795444786,0,0.002139806667855737,2.9168230421999664e-06
2024-07-20,24.081907748499685,16.457652639835462,29.62083499989613,0.11945160128546098,0,0.0008595658194110456,2.9168230421999664e-06
2024-07-21,25.016603229062806,18.30238491626498,30.341453130194502,0.11910530793751384,0,0.00258088101645626,5.833646084399933e-06
2024-07-22,25.9875216544943,19.12104394790976,31.502379526990545,0.11881634056145417,0,0.000852346317969932,2.9168230421999664e-06
2024-07-23,25.42580035324641,19.060049568338616,30.902401019157267,0.11858544586398077,0,0,0
2024-07-24,25.400909910810768,18.51512860237286,31.077951699114884,0.11902771537185558,0,0.1418489089916604,0.0006780979481149226
2024-07-25,26.40761235825562,18.629588220474588,32.51178296677612,0.11914146098684757,0,0.0017106532936850272,5.833646084399933e-06
2024-07-26,27.42704673117781,19.93988855240195,33.61461798485291,0.11866485108720494,0,0,0
2024-07-27,27.354058451009987,20.47894981871262,33.78787783358962,0.1184014638264974,0,0,0
2024-07-28,28.127370358189815,21.731009105925885,34.39810758550118,0.11823743454953457,0,0.0008583068833445395,2.9168230421999664e-06
2024-07-29,27.212294891032787,21.2901467830577,32.801454000270134,0.11814404751392121,0,0.0021427869114631903,2.9168230421999664e-06
2024-07-30,26.678643292907292,20.442336841339785,33.158239096783596,0.11805696690336187,0,0.0008523463748133508,2.9168230421999664e-06
2024-07-31,27.213746916317795,20.02368508196894,33.384394284512155,0.11797156367741578,0,0.000852346317969932,0
2024-08-01,27.40731180339843,21.465699086290748,32.52429816063416,0.11792785969186337,0,0.002131228143298358,5.833646084399933e-06
2024-08-02,27.016701672601382,21.095759160467942,32.19304660228975,0.11789682537105911,0,0.000852346317969932,2.9168230421999664e-06
2024-08-03,25.30457634350935,19.874144274123193,31.17961107619268,0.11787976204080786,0,0.001300925475788972,5.833646084399933e-06
2024-08-04,25.492360073116675,19.16781635690245,31.20438836280338,0.11786435715695644,0,0,0
2024-08-05,25.467455551472128,19.921495283410927,31.261170407559028,0.11782910502548756,0,0,0
2024-08-06,24.992194266353124,19.142106725814514,30.83477205317073,0.11780847048928551,0,0,0
2024-08-07,25.609645824567668,19.073431006898293,31.717224770403945,0.11779190225804104,0,0,0
2024-08-08,26.914915847778346,19.58927268170298,33.78114072109793,0.11775103088811778,0,0,0
2024-08-09,27.778195033513082,19.71420229648024,34.05067463326963,0.11771876017252603,0,0,0
2024-08-10,25.16863824289743,19.117097765334133,30.551754955535262,0.11833960891615415,0,0.12666367469949924,0.0005385977156618808
2024-08-11,23.73768929285362,18.27116971929025,29.425299137196664,0.11845252936613475,0,0.0008583068797918258,2.9168230421999664e-06
2024-08-12,24.875850185096706,17.845746823574657,30.831411418509,0.11818160740196283,0,0.0008583068797918258,2.9168230421999664e-06
2024-08-13,26.985702008727603,18.7470416779214,33.26243545856884,0.11797881430767951,0,0,0
2024-08-14,27.7436346311096,21.167107180331637,34.03318371062585,0.11785247207533382,0,0,0
2024-08-15,27.79151682752247,21.181810484541245,34.058612450133,0.11828884368247174,0,0.12293121916182496,0.0005841255187988281
2024-08-16,24.97439102822163,19.0144541638963,30.208486678752514,0.11851623210501164,0,0.0008583068797918258,2.9168230421999664e-06
2024-08-17,24.846059923645466,18.088861603432537,31.833357855614214,0.1183098515720232,0,0.09890725003912093,0.000492562638952377
2024-08-18,20.58690104924197,16.31935320915062,24.875201610808695,0.12330859028701241,0,0.7550212297019545,0.0033959429314795956
2024-08-19,21.22992432506374,15.780031309736557,26.989464747652114,0.12274207527755845,0,0.004629885896723321,2.1812763619930185e-05
2024-08-20,22.244421221685762,15.442062767515813,27.932784190076482,0.12121405094227893,0,0.0015019639106944945,2.9168230421999664e-06
2024-08-21,22.09524771237206,16.811274297186692,27.32950848518536,0.1201699304242506,0,0.00615285761743043,3.829915472801695e-05
2024-08-22,22.694025599702893,16.193724352248193,27.861843482484236,0.11947093449585826,0,0.001284131258216803,2.9168230421999664e-06
2024-08-23,22.845616869554455,17.101246545669902,28.386268453395136,0.11899062082277122,0,0.0017153214457721333,2.9168230421999664e-06
2024-08-24,22.134477904840583,15.788053147336292,27.787756607380345,0.1186388705639129,0,0,0
2024-08-25,21.628691934355636,15.419986091776119,28.248745143159926,0.11839182157043024,0,0.000852346317969932,2.9168230421999664e-06
2024-08-26,22.03215365308398,15.259180077086127,28.635440712786753,0.11821505228678385,0,0,0
2024-08-27,22.391074528254553,15.013343129259496,28.81550156613616,0.11807941680258892,0,0,0
2024-08-28,20.372622951209987,13.074102588410096,25.831861260596764,0.11943978925123282,0,0.3010772644155558,0.0012217683995023687
2024-08-29,18.22525815490292,12.210618818567177,24.07587423121678,0.11940918239295904,0,0.000852346317969932,2.9168230421999664e-06
2024-08-30,20.210932413737,13.091711880298393,26.979878851707966,0.11897423385728333,0,0,0
2024-08-31,21.456865919397245,13.967219056474423,28.044021541514315,0.11862672846368019,0,0.002148747341834678,2.9168230421999664e-06
2024-09-01,21.011262847683966,15.229458098715945,27.46928931702961,0.11839729471409573,0,0.0008523463748133508,2.9168230421999664e-06
2024-09-02,18.977730971532544,13.034707576670566,25.361315982899793,0.11827125278770499,0,0.0008583068797918258,0
2024-09-03,19.634159136833052,11.879689188206472,27.3421457493559,0.11815118722036375,0,0.0004351138613856165,0
2024-09-04,20.239160045326198,11.39451118631568,28.044581181952314,0.11804254410114694,0,0.0004351138045421976,0
2024-09-05,21.324758959831104,12.470781107151783,29.055498553336957,0.11794793149258227,0,0,0
2024-09-06,19.957150844817473,11.780558679458965,27.815909267993703,0.11788734814799422,0,0,0
2024-09-07,16.374957053543014,10.972136412275622,22.716969007126853,0.11788672318695285,0,0,0
2024-09-08,17.024743040910007,10.122040833818174,22.87313141518453,0.1179028477229125,0,0.0017038444752870419,5.833646084399933e-06
2024-09-09,14.97561310571984,9.2221814094706,20.563092105946666,0.11790843720131733,0,0.0008523463748133508,0
2024-09-10,15.870340360817362,8.636129501018141,22.643926092918903,0.11791828507227252,0,0.000861427906784229,5.833646084399933e-06
2024-09-11,17.318573179312658,10.027898390749689,24.487879327003014,0.11790674087849068,0,0.000852346317969932,2.9168230421999664e-06
2024-09-12,18.126541107935292,10.727913584607734,24.39435320915062,0.11790337258196891,0,0.000870227722771233,-2.9168230421999664e-06
2024-09-13,17.647716308485556,11.245678191489384,23.730609974962622,0.11790131102217004,0,0.0017285346416429093,2.9168230421999664e-06
2024-09-14,17.8367913401719,10.820818832072828,23.461573888900453,0.11789980949239526,0,0.0004351138045421976,0
2024-09-15,17.217542291194846,12.292728310443007,22.321708062354574,0.11791418359634721,0,0.002989363736105588,1.4901161193847656e-05
2024-09-16,16.35131548347205,11.996184783286258,22.210283384931873,0.12143707004844717,0,1.3362959971102597,0.005821344700265438
2024-09-17,15.395713760159559,10.368551051363054,20.420263347219937,0.13222203626700327,0,0.37577589775653597,0.001713253082113063
2024-09-18,16.801184558192077,9.717148411527615,22.766561435131337,0.1302672230605538,0,0.24346360498548938,0.0009431483897757023
2024-09-19,17.159194721735986,11.331768604035096,23.112267611889152,0.13035163338302722,0,0.1598091690713308,0.0006231855838856799
2024-09-20,18.3589108514448,10.98704074291475,24.705255516539253,0.12848402253279448,0,-4.20983763027099e-06,0
2024-09-21,20.49153885537008,12.752452769178047,27.96896427235707,0.12611072350901067,0,0.0012904405366498395,2.9168230421999664e-06
2024-09-22,20.751415542169692,13.960902891767807,28.38414313133729,0.12421407226129626,0,0.0004351138045421976,0
2024-09-23,20.523977723358385,13.653362517661257,27.795479048059367,0.12282099892907108,0,0.000865351637457934,1.4584115210999832e-06
2024-09-24,20.96551999031231,13.798719820063186,29.018176269531274,0.12172533941607104,0,0.0008516840921402036,2.9168230421999664e-06
2024-09-25,21.84598356206368,13.92106505049038,29.618447356528446,0.12083521633283466,0,0,0
2024-09-26,18.04881559601913,11.45516214573639,22.87296571122841,0.12328024789796654,0,0.4907421609188648,0.001923581387134308
2024-09-27,14.4187453763705,9.777715804729079,19.674116094061688,0.1258847933289007,0,0.4916663195761797,0.0019848346710205074
2024-09-28,14.528450823844777,9.07362190408912,20.496899933510658,0.12642262235600898,0,0.05678480470921985,0.00023531152846965384
2024-09-29,15.525181695924603,9.52375014284826,21.620346653715117,0.13286548912102447,0,4.151330983282809,0.023833614714602207
2024-09-30,12.245752088397973,9.630192923038587,15.14803830410574,0.22459227649878102,0,6.5547508966349275,0.036701306383660495
2024-10-01,15.400934765863104,8.887998085833633,20.5858528948845,0.23066970608758589,0,0.07276554056938658,0.00034431193737273524
2024-10-02,17.036167615525276,12.104666851936523,23.213083664914418,0.2138123965432458,0,0.05676682948979818,0.00023791130552900598
2024-10-03,18.14672757141982,12.216247298869703,25.36897258352728,0.20123897579544828,0,0.40044189833989025,0.0017021564727133893
2024-10-04,18.96093568734246,12.351657883664418,26.838837059508,0.19152980831497948,0,0.8415545066008178,0.003594160079956055
2024-10-05,15.860110357298083,11.41952988644866,20.262579800220266,0.220779849113302,0,6.733094896654824,0.03794495095597937
2024-10-06,14.870524129123579,10.578953974297729,19.759289031333132,0.24837727107054797,0,0.7543378053777752,0.004376185701248493
2024-10-07,14.326912286095595,9.095457750685695,19.83694646307765,0.2357283815424493,0,0.9759861738123791,0.0053081106632313834
2024-10-08,14.707303348838883,8.594537288584629,20.59967755256817,0.22237193330805352,0,0.0025886804272151026,1.198433815164769e-05
2024-10-09,15.184439498143865,8.661463311378014,20.81564227165062,0.2079852056841478,0,0,0
2024-10-10,15.696101038506715,10.166697530543573,21.000532953789914,0.1959120811300075,0,0.029676544585420718,0.0001625177708077938
2024-10-11,16.969345939582137,11.966527086623191,23.75723896432432,0.18445968627929688,0,0.04285909799485106,0.00020861625671386713
2024-10-12,16.02742822254806,11.338630449010994,21.207660236764482,0.18100334329808013,0,0.7355597425014414,0.0031067969951223823
2024-10-13,14.252925861980934,9.44171532164231,20.026108826982234,0.18337104743254096,0,1.6050017605222935,0.007608786542364892
2024-10-14,10.934949271560585,9.249505680165415,12.790802326608233,0.255058705214913,0,14.024436410346288,0.09849077843605203
2024-10-15,10.032085946265713,7.03678127856967,13.097261534345934,0.38390233465965756,0,20.898962147692416,0.18824630595268085
2024-10-16,7.87083402593088,3.023253940014151,13.63676140967838,0.340973557817175,0,0.21527450961581931,0.0020799484658748546
2024-10-17,8.809169650246936,2.16702121166475,15.935407533036921,0.3076047829702391,0,0.0008523463748133508,2.9168230421999664e-06
2024-10-18,11.253154608543902,3.1698112974775823,19.611963475004178,0.2886141892020584,0,0.000852346317969932,2.9168230421999664e-06
2024-10-19,13.672774124145521,5.92495818442489,22.35794469955122,0.2741305520348515,0,0.0017184114540214068,9.32115189572598e-06
2024-10-20,15.214835051949164,7.914174506004843,23.2364283135597,0.2615982813192598,0,0.001716613724056515,9.32115189572598e-06
2024-10-21,14.224166285738056,9.457451418612889,19.406128384204642,0.2513621986335051,0,0.0008583068797918258,2.9168230421999664e-06
2024-10-22,12.356689940107644,7.040674217711127,18.635943343791578,0.25886794286416775,0,3.204344054440414,0.025136293248927334
2024-10-23,8.220058722529886,3.2508436487076358,12.709015152302216,0.27050778815086846,0,0.06819608363202026,0.0005000449241475855
2024-10-24,8.443607828126773,2.187118919859564,14.721528138505672,0.2602074805726396,0,0.0008583068797918258,2.9168230421999664e-06
2024-10-25,10.483789132841945,3.952589968417576,18.296610730759664,0.3125389829595038,0,25.65930173812211,0.7354682430307915
2024-10-26,7.283931954025391,5.6519816946476285,9.71737326764048,0.3725470739053496,0,1.4703336649844498,0.015096207882495634
2024-10-27,8.683451837850823,5.593947844809697,12.482453756129509,0.34732670614905387,0,1.7785275236089175,0.020088730974400296
2024-10-28,4.972470517530529,1.1679240774601292,8.06688764856219,0.35596771240234376,0,2.067593183923275,0.0229202686472142
2024-10-29,4.982809459064035,0.09070337173788841,9.135496034013487,0.33732729702131115,0,0,0
2024-10-30,6.161939761655572,2.869048942403613,10.662633952688685,0.3245331649239181,0,0,0
2024-10-31,6.928988174005622,1.45506981382981,13.814356767370366,0.3144285161444481,0,0,0
2024-11-01,11.441274391336659,2.3345689489486596,17.42694643710524,0.30622369482162154,0,0.000852346317969932,2.9168230421999664e-06
2024-11-02,10.51125508572194,4.923935001454478,17.4165139705577,0.2986165878620553,0,0.0008612870487922919,2.9168230421999664e-06
2024-11-03,12.871696020356325,4.3561343578582346,20.71787037950883,0.29114577922415225,0,0.0025779399948078208,1.7817984236047622e-05
2024-11-04,15.045368711322785,10.573426981175222,20.109142482027117,0.28905495718015844,0,1.095270349624309,0.010179966054064161
2024-11-05,15.12296940688547,11.079799181349754,18.830397131087953,0.30438937735050287,0,3.8611802013875565,0.03778490614383779
2024-11-06,7.3255477120690555,3.05222388734211,11.567299116418738,0.39332689325860204,0,18.67160174543966,0.25062770285504926
2024-11-07,4.949202576765811,2.116776162005508,8.397706636469437,0.3657527625983488,0,0.014171045273648833,0.0001512309338184113
2024-11-08,3.5639386819609817,-0.34745217181264343,8.724530743538088,0.3478860273428842,0,0.000852346317969932,2.9168230421999664e-06
2024-11-09,3.6101522350987802,-0.9851107982878763,9.652599383415081,0.336633151981002,0,0,0
2024-11-10,5.116029744790827,-1.8549537171708548,10.369115951213452,0.3279414156649975,0,0.000852346317969932,2.9168230421999664e-06
2024-11-11,4.575540023154421,0.22258028070979666,9.749425100772962,0.32052022514613804,0,0.0008583068797918258,2.9168230421999664e-06
2024-11-12,6.457337954365642,-0.24062649341337491,11.48397197317572,0.31681410336325355,0,2.254501302191551,0.025246213091180678
2024-11-13,3.096015188880019,-0.3424270305227499,5.110635116252516,0.4008107990237838,0.10322715813386525,16.231229584165483,0.22681044771316203
2024-11-14,0.8673808699804245,-2.948859032164206,5.160700696579975,0.37385213324364197,1.0625380928634751,0.03669877002219261,0.0004766469306134163
2024-11-15,1.93108877357865,-3.7732076441987803,8.329895409117375,0.35770368914232187,0.8744926723182624,0.0004351138045421976,0.0004533757554723861
2024-11-16,3.716936157443011,-2.543951091360516,10.830917747984564,0.3474565681836283,0.6907714843749999,0.000852346317969932,0.0005919882591734542
2024-11-17,7.0627278916379455,0.02680216038482995,13.91344805778343,0.3392287179933372,0.49455410571808506,0.024216669671078946,0.0008053602056300385
2024-11-18,7.387175780492487,2.9680441998421103,13.054290641622362,0.33825166039433036,0.31702820257092196,1.3933434130274476,0.013124372096771888
2024-11-19,7.804969314142356,3.0526397705078345,14.13037758685175,0.33940647747499725,0.19192500554078012,1.0029435157093758,0.00988898125100643
2024-11-20,8.381854272396017,5.173077002992044,12.942013419942676,0.35960125483519645,0.10451746730939714,7.041840921057031,0.09717751056589978
2024-11-21,6.737997623200125,1.8321194912525156,11.96397705078127,0.3665674169012841,0.05155453512854609,0.22390784885993387,0.002960575387832966
2024-11-22,5.276917767355656,0.9697116932970637,11.912862704662588,0.34638533355496454,0.02916285738031915,0.0004261732051702438,5.427827226354721e-05
2024-11-23,4.895742667989536,-0.3457381228182951,11.620033621280772,0.335531491759821,0.01685643838652482,0.0008642672355563263,3.829915472801695e-05
2024-11-24,4.338158092092983,-0.4155738992893722,11.411536099048393,0.3277980317460729,0.00970502271719858,0,1.623275432180851e-05
2024-11-25,6.722594189474792,-0.21453818463262356,13.26147876496013,0.3213470026110926,0.005704579454787234,0.0008583068797918258,1.623275432180851e-05
2024-11-26,6.733049525267709,1.374204595038254,14.075965978744204,0.3155423861023382,0.0032129598847517728,0,4.787394341002119e-06
2024-11-27,7.014848776742943,0.5309947561710666,16.02695916358463,0.31013333746727473,0.001456532579787234,0,2.9168230421999664e-06
2024-11-28,8.63758129363366,2.0511958345454016,17.26912614538317,0.31256766623639043,0.0008726728723404255,2.1432740567770163,0.022965289176778588
2024-11-29,5.462556132864458,2.975999028632004,7.2597771827211,0.39875465284848044,0.0003386801861702127,22.84497225531392,0.35597181066553646
2024-11-30,2.490103171057772,0.9132725492437063,4.163000358419238,0.4126433947407607,1.823506759751773,8.336550504603284,0.13354889889980884
2024-12-01,0.1560792287191098,-1.9632759905875767,2.2126266154837326,0.3931069854303455,5.157417026817376,0.8844051907670559,0.011661204885929187
2024-12-02,-0.35277235152872494,-3.4630426934424636,4.610653491730408,0.3764241022421113,4.385795863807624,7.871580856636742e-06,0.004485566565330992
2024-12-03,-0.0540030892013475,-3.472894027385283,5.483338051653945,0.3665228498742935,3.2751284768395386,0.0004351138045421976,0.003758897172643783
2024-12-04,1.0779978380135826,-3.6422982723154687,6.323069341132004,0.3588001738203333,2.361640486480496,0.002139806724699156,0.0029832124710083003
2024-12-05,1.0392131913638614,-2.601860208714239,5.271314385596765,0.3524163077063594,1.694380263741135,0.0013008654747786652,0.001977542613415008
2024-12-06,-0.17024050773455154,-3.2286028273561937,4.1204684643035465,0.34679674189141446,1.2698238724512412,0.007332258990650285,0.0011678705824182387
2024-12-07,-1.8186443382966364,-3.902860795690635,0.8791245480801424,0.3423241852023077,2.0136628712322695,0.5225551888160942,0.00052997406492842
2024-12-08,-5.17802579081648,-6.852226809237843,-3.844592090363175,0.3383001016386856,9.669090065381205,0.9165141176670156,5.370758949442113e-05
2024-12-09,-3.849275645803878,-7.162349944419026,0.6906257142412128,0.3352668924534574,10.198240456006205,0.002588491270216764,0.0016029844892785903
2024-12-10,-3.1972405886818924,-6.301274206283222,1.8848314650515519,0.33237501103827294,8.992606867796987,0.000852346317969932,0.001534185511000613
2024-12-11,-3.454511867009135,-6.759117483585416,1.5735307409408472,0.3305195206446005,8.230395680961879,0,0.0015970240248010512
2024-12-12,-1.7274816986516635,-7.199308484665868,5.730257139814683,0.32953039128729633,7.105717046210106,0.0025736953261912277,0.003552690465399559
2024-12-13,3.978138029490832,-2.224880851583255,10.798485678814849,0.32930685543844884,5.3441911846187935,0.0296256643660525,0.00554006150428285
2024-12-14,5.81033799462287,2.6590401507438726,11.893043940118039,0.32883106799835854,3.652212156471631,0.29436451314393974,0.007041844915836416
2024-12-15,-6.869430247097113,-12.14848983439991,1.278146167511658,0.3293187540473667,58.356754557291666,11.428977073507106,0.003714891190224505
2024-12-16,-6.473960508522377,-13.028090391767762,-1.1538723560089534,0.32726635763831174,77.3001953125,0.0005350467956801861,0.002692227667950569
2024-12-17,0.4061135907545405,-7.52669528393033,6.725224985974922,0.3352053216163148,67.74637148160461,0.0008596848033448623,0.019691123607310842
2024-12-18,-0.5295979520107671,-5.460603689640102,4.9929310900099955,0.3403194454544825,59.53726728723404,0.0034562681367362453,0.015880643053257718
2024-12-19,0.10807245132773478,-3.210616675843561,4.78132687832449,0.3408383119190838,57.359188691267725,5.870471136168566,0.012860336202256222
2024-12-20,-3.6721650576760214,-7.082591604679165,-1.1456376096035346,0.33683109959812035,90.6203848764406,0.6782283174230698,0.002265039910661413
2024-12-21,-4.506408234183642,-8.466332748088407,1.9385869452294109,0.33850267288532665,85.49532946863918,0,0.014108546236728099
2024-12-22,-2.2689443737056774,-8.529444657995322,4.817375215571,0.34550494200794407,76.16005616965869,0.0008580373673794384,0.023453666808757375
2024-12-23,-1.056460268277622,-5.256419859541201,4.639667527219105,0.35040799675258333,65.9522737976507,0,0.02402916867682274
2024-12-24,-0.16728628983733157,-4.85443777530749,7.366049259266976,0.35546188625038094,54.73161395999556,0.002147676639197016,0.03078795493917262
2024-12-25,2.3173802341975396,-3.7685150146484143,9.441263077106905,0.3583557751161832,43.46897544049202,-2.8733211365761235e-06,0.02927811855965472
2024-12-26,2.2408176151573422,-1.9357760165599838,7.075531590238553,0.35759584413352585,34.274853515625,0.0012889990443909483,0.022753565869432814
2024-12-27,-0.06702461513220971,-4.157369670462078,5.97883307274354,0.3556534300459192,27.08568400930851,0.0008524961572220491,0.018847749588337348
2024-12-28,0.13811055717742127,-4.554387194045024,8.557104232463452,0.353702312496537,21.003452598625884,0,0.016803183454148312
2024-12-29,3.1720027409547136,-2.490544225814472,11.529976637820004,0.35450891805878765,15.704518852504432,1.0248884241581953,0.028476753133408566
2024-12-30,1.6979973786266445,-1.0832039041721848,4.671496192445169,0.3699052147831477,13.164610344636523,2.980218098513722,0.05299642365029517
2024-12-31,1.4015135420129818,-1.5619178284989799,5.349915784470601,0.3657704617114777,10.63640985150709,3.5196234571172833,0.04563318922164592
2025-01-01,-0.6443061855667666,-2.4163246317112472,1.7062422732089653,0.37546210593365603,40.01620782081117,5.564725018562154,0.02309743394242956
2025-01-02,-1.0507245300509158,-2.9260531811003765,2.7330785223778484,0.36552062338971075,39.101890791223404,0.01261855693573647,0.012417740010200663
2025-01-03,-0.49838874221690044,-2.3038756025598173,1.7324657034366915,0.36178266647014207,34.97979138962766,0.3512695747732091,0.014079885279878654
2025-01-04,-1.890993212977185,-3.644859541223382,-0.656637183656061,0.3557135020587461,49.77717718029699,3.747970182844933,0.0012127008843929208
2025-01-05,-1.3874090532884382,-5.140002506337244,2.749401985330807,0.357599028458832,53.950335909796095,0.743449368375413,0.02189513216627405
2025-01-06,0.18912362984733588,-4.042537413252138,5.491835379093274,0.3632842016558275,49.74462578956116,0.6282103836049808,0.025828594857073842
2025-01-07,-0.30051709709434926,-3.154336677713574,2.135240465529444,0.3578181868749307,44.80354609929078,0.5783194746154936,0.006564976053035005
2025-01-08,-2.5907314814574076,-6.077256158057657,2.060168911548393,0.353264171519178,44.002765541888294,0.05276995760242882,0.005914017241051856
2025-01-09,-1.3488548224699162,-5.464278070977371,4.960430388755009,0.35554761413141345,37.86353266289893,0,0.02363831438916795
2025-01-10,1.0948072014125705,-4.056751007729365,6.251238559154776,0.35826365152994794,29.964806696032802,0.0021506901930479216,0.023973368583841526
2025-01-11,-0.443953136687557,-4.608882043716732,6.2462035483502545,0.35780395345484955,23.14944142010195,0.000852346317969932,0.019172404674773522
2025-01-12,-0.13731919958234096,-5.055732434861181,8.179340054126518,0.3562600453694661,17.484838347739363,0,0.016824045079819702
2025-01-13,1.2874178027430514,-4.449748587101041,9.968648707613056,0.35430282971537697,12.67560706172429,0.0008612871056357108,0.014313294532451224
2025-01-14,2.0708563270298406,-2.3853642889793654,7.62340477476731,0.35128694087901013,8.978241702681737,0.001275539318612573,0.010417370086020611
2025-01-15,1.6752044001369681,-1.2272135633103163,5.117743504301053,0.34725458131614306,6.741754626551418,0.0033760324096507015,0.00538559670143939
2025-01-16,2.092192188560565,-0.6393938429811941,5.816047441198493,0.34855213571102056,5.336279643173758,2.0830671203101545,0.03552925079426866
2025-01-17,1.6918072396136636,-0.492374176674678,4.914807583423394,0.3771077582176695,5.36056834552305,4.9228816590360855,0.0822122426743203
2025-01-18,-0.8127008370473603,-2.975122784553667,1.2537809331366583,0.3838759429065894,23.360794132313824,7.966411494091874,0.04338381138253719
2025-01-19,-0.8147906256059956,-4.098751766123647,3.860170275099757,0.3752964209157524,34.99624681405142,0.11024158657067909,0.027358595361100864
2025-01-20,0.6735278028123064,-4.271755981445289,6.908304806973095,0.37448848156218834,26.708012660682623,0.8132126737148203,0.03289364753885472
2025-01-21,-0.23147976652101926,-2.2958679848528694,3.6178025265957676,0.38802074675864356,42.51191787178634,13.539954512620449,0.09116403600002856
2025-01-22,-3.4475887190365477,-6.3545119265292325,-0.6938619410737805,0.3791251865684564,83.1649867713874,2.1989750100983847,0.003173630288306703
2025-01-23,-5.182616383978641,-9.312999319522914,-0.9371934606673642,0.3707785072056114,84.89925788175974,0.21580026428671073,0.005335693663739143
2025-01-24,-3.0983199829750547,-9.223592100752137,3.9148497885846303,0.3753677016454385,77.75933067375887,0.0017159440212611674,0.035143659469929145
2025-01-25,3.154784006429919,-3.8017488520195917,8.27761477206618,0.38224615002354834,63.411441710992904,0,0.052313379784847826
2025-01-26,3.276861999728192,-0.15333498690988415,7.169130300968273,0.3838874654566988,48.31688725897606,0.005157513730429197,0.04697511804864762
2025-01-27,1.8999919187938215,-1.5614609089303295,6.323356855676552,0.38363847394361567,34.92688559674201,0.0005061955138966794,0.04593381222258223
2025-01-28,0.9942689395120171,-2.0135735045087872,5.430177599318506,0.38008973141934005,27.794391345301417,2.8552388256145522,0.03206222615343459
2025-01-29,-2.5191781280733867,-4.051696777343727,-1.196018689743993,0.3729388000271843,55.41837876773049,3.7400745039071026,0.00012092133785815948
2025-01-30,-1.8199957367375958,-4.782552191551672,1.1440264113406144,0.3718650060342558,57.82305206948138,0.05101859559317744,0.01997281896307113
2025-01-31,-1.6755734761555843,-3.7411202288688266,1.5758698808386196,0.3700233892346104,52.058496440048756,0.03807842721244015,0.014305431792076597
2025-02-01,-1.2380530066523847,-4.269678059030064,3.0717422810006876,0.3731415687723363,43.53120913674645,0.0010468858303897106,0.03334994011736931
2025-02-02,-0.3987150936261778,-4.51115547342501,5.922465937188353,0.37663671615275923,32.27080632203014,0.0034286841632535925,0.040685750068502224
2025-02-03,1.5484757010818595,-4.297492623836413,7.070812144178047,0.37567875097829395,22.464298329454785,0.0008745352602090861,0.03118318446139072
2025-02-04,0.6479776477137427,-3.3974459384349838,5.461231312853247,0.37223549971343783,15.552745110261524,0.0011950097981307988,0.02213374097296532
2025-02-05,0.27188464496155335,-4.142856808926174,7.045162314557036,0.36940355503812744,10.316875138519503,0.3828056314135094,0.023108530551829237
2025-02-06,1.5200558817978602,-4.324014022502471,8.48117656301947,0.3644025680866647,6.606303676307624,0.00300407407394232,0.01158238725459322
2025-02-07,4.328705361548909,-0.6295057580825902,10.130827169215447,0.3597832402438982,4.2219868544991135,0.4721030274849231,0.01440828150891243
2025-02-08,1.8850453045351534,-2.998511716152737,8.05619552287652,0.36533806983460765,10.52270230773493,7.2625168460480705,0.033686008859188
2025-02-09,0.9582218575985101,-3.134688616813474,5.459063071392975,0.3717276309398894,32.11387965425532,0.23096216485855425,0.03161709359351624
2025-02-10,-2.108073035706845,-4.477523284262777,-0.1808596347240464,0.36483365052135275,38.60894697473404,2.5753489833401213,0.0019237082055274476
2025-02-11,-1.9140033180831744,-4.937208264939305,1.7654058578166785,0.3649322915584483,39.86146006482713,0.14718346128986126,0.021758992621239193
2025-02-12,-1.8738262771714425,-5.109088459420689,1.5055634843542447,0.36445339013498723,35.25421064660904,0.47150102057269166,0.01509417878820541
2025-02-13,-0.3032442160531649,-5.6740849271733484,4.449544573844769,0.36696899359953317,28.50551134474734,0.7689813556378388,0.034833398271114265
2025-02-14,0.598005086479472,-2.36944333340257,3.4782800552693045,0.37408086086841336,27.165056723736697,2.277084233833435,0.040241505237335856
2025-02-15,0.8574700889858127,-3.1736313190865797,5.149613205930042,0.38321025929552444,27.29536375221631,12.29490657691195,0.10198938085677775
2025-02-16,-1.9091011696673321,-4.22252190772521,0.9638882251496237,0.3842215653006912,80.5838396221188,1.8505309484990382,0.008186190686327345
2025-02-17,-1.1939694451947511,-5.688766934009286,5.545996158681039,0.38821780698519226,66.50388547207446,0.0008960986636029314,0.06886866498500742
2025-02-18,0.768566015257086,-5.016886804458919,5.508303897938851,0.3901475216480011,54.77706809618794,4.433966443893758,0.0735938549041748
2025-02-19,0.7477263132731349,-2.741718373400077,3.5528410566614252,0.40248844606656553,54.32044755651596,2.2465591735028205,0.10556052339837906
2025-02-20,1.278580545195476,-3.497625927214904,8.373204527509996,0.3992115751225898,35.72720973238031,0.0025779008296922257,0.0789161058182412
2025-02-21,4.073272448059523,-2.9362366371966195,11.039587272481736,0.39329876189536234,21.298445118572694,0.0004351138045421976,0.04624775115479814
2025-02-22,6.776441563274855,-2.0508639071849837,14.29780182534078,0.38736657487585185,11.568006496564717,0.3561164470429116,0.040844526696712416
2025-02-23,6.388402389634606,-0.2604795415350504,12.529523224526285,0.3844620508505098,6.2924828928413135,1.1211735135942305,0.03224814191777655
2025-02-24,5.783823987270943,2.2070848830203023,9.885366301840948,0.396690433583361,3.652395348515071,4.398942688873318,0.10634537072891885
2025-02-25,0.8237279202075907,-4.439951990005794,7.200059866397961,0.4053469691716187,34.24468396775266,24.76004929259696,0.12994614687371758
2025-02-26,-3.4235765200134467,-5.717582280585083,-0.2148384256565597,0.3936455178768076,99.94998337765955,1.3382129935868103,0.010821793941741294
2025-02-27,-1.2778940620151586,-5.121231338825608,2.377716389108234,0.3975751782139988,98.14480967420215,0.014968605718267814,0.06875741354962613
2025-02-28,-1.9959960612844627,-5.288691743891267,1.2394777338555742,0.395027853242049,92.09848909851506,0.655216611861751,0.036608665547472365
2025-03-01,-0.13201208723350982,-5.307004758144924,4.033947429251187,0.4023873241235178,78.14359243406471,0.1602612911386693,0.11304433041430534
2025-03-02,-1.9141878033360322,-8.954914953353533,3.1055943915184727,0.40566715754515736,76.90324758976064,12.915896544906047,0.10976613836085541
2025-03-03,-6.752738227573668,-9.846616120034053,-3.3578460693359142,0.39309617441596717,99.93142453457445,1.776680477122043,1.116001859624335e-05
2025-03-04,-1.5736885206073619,-6.567229445437144,3.191851417054544,0.39337296181536735,97.88008366578013,0.0004351138045421976,0.036386194381308044
2025-03-05,2.742874719065151,-2.1951980266164997,7.059575831636492,0.40356139595626933,86.84359936003989,0.0004351138045421976,0.12235853900300694
2025-03-06,4.2520422455267095,-0.03980602507893343,9.149480486930706,0.4105159326648036,64.9276055518617,0.00014216341870896358,0.18241158191193924
2025-03-07,1.2943784808436436,-1.4985893087183948,3.082351424846266,0.4117319742838541,57.16098147994237,6.163727349423347,0.13032168784040085
2025-03-08,4.458081722935898,-1.5332795488073243,9.507880158120035,0.4106384737271789,41.053291569703006,0.003424527676543221,0.16247002368277694
2025-03-09,6.594737441150884,1.0594323340882872,11.610414870241877,0.4049164034796099,20.449376315935282,0.1331933002050275,0.09805458657285
2025-03-10,7.170096590840235,2.9691665974069372,10.967787008082635,0.3971064222619888,9.282521955341313,0.309235788618122,0.05692960099971041
2025-03-11,7.196200994396918,2.9574304458943046,12.157150852933864,0.4005034020606507,3.660683316710993,4.649405778743109,0.4472585434609271
2025-03-12,6.490286971829492,1.3182987294298762,11.911554929043405,0.4006501569815561,1.3547422152039008,3.5774811785222087,0.15649313622332633
2025-03-13,6.7703152433354985,0.34206672830786844,13.757739063019471,0.38861511717451375,0.46182021553634744,0.000852346317969932,0.003558967975859947
2025-03-14,7.418757821482154,0.8049697551321703,14.525193884017643,0.3754885003921833,0.1402451102615248,0.0017225742112714215,0.001037818320254062
2025-03-15,7.9168385823568,0.25699956366358656,14.38584250592173,0.3660071406804078,0.041103931183510634,0.029433937536734754,0.0009725068477874106
2025-03-16,8.231555873789706,0.4149337443899828,14.672007069689183,0.3574263552401928,0.01163494570035461,0.0017225742112714215,0.00010728836059570311
2025-03-17,9.40979868570966,1.2745650271152156,16.274345040828646,0.34926294637910016,0.0032493212544326237,0,1.3315931279608543e-05
2025-03-18,10.340541301213285,2.0310126122008203,18.28113870823639,0.3410284813414229,0.000566544769503546,0.0017046928064701206,3.5635968472095244e-05
2025-03-19,10.988328230296492,2.1997922207447034,18.622674170960792,0.3328005824528687,0,0,0
2025-03-20,11.591778475172996,2.7689080420960996,19.74672760659078,0.32404603890493405,0,0.0004351138045421976,2.9168230421999664e-06
2025-03-21,13.777438035248046,4.4287195083943045,21.90911884713682,0.314561172918225,0,0.001718067892397812,2.447594987585189e-05
2025-03-22,14.38124536284321,7.7072743517287465,21.959420386781105,0.3085393838003172,0,0.013103383550389208,0.00023753085034958858
2025-03-23,15.948975518409268,7.5552500623337995,24.310547004862055,0.3070882729604734,0,4.061609173299501,0.07329900214012633
2025-03-24,7.169208981128471,4.912177877223261,10.084833348051053,0.39739050898991574,0,20.16692795652024,0.6289821355900865
2025-03-25,3.800430076003939,1.8359076317320706,5.425228427318839,0.4192985426449607,0.05899995844414894,10.542405856371104,0.2781958656108125
2025-03-26,3.258933937126885,1.0759792246717312,5.058351687167576,0.4129778760544797,2.6062867076684397,5.119996375123641,0.12108093880592509
2025-03-27,1.1103600116486352,-1.0501006430767725,3.762647523271299,0.4241587402127313,18.129532358156027,13.365422411122399,0.3269336325057009
2025-03-28,1.8375858198666561,-2.91279218957777,6.900403870927549,0.4094373202493004,15.829349858710104,1.9654792257955354,0.11461878076512763
2025-03-29,4.030035982064326,-3.048861499542863,9.82164572857798,0.39907246582896994,8.576084261414007,0.5451663158816036,0.04859687166011079
2025-03-30,6.27609435007084,-1.4968615592793988,13.337937505194503,0.3861818164798385,3.841608488475177,0.0008583068797918258,0.022390865265054904
2025-03-31,8.302837674837606,-0.9079043124584213,16.69082615629158,0.3736829771217725,1.3958253684618795,0.001284479992591514,0.009164594589395727
2025-04-01,10.575484850727934,0.5452110128200027,19.026894167636325,0.36174828820194754,0.42260915336879434,0.0008583068620282575,0.003156890260412338
2025-04-02,11.859430540368942,4.023148816697164,17.930819507355405,0.35106247435224813,0.10911908521719858,0.0004286470129954978,0.0008373184407010991
2025-04-03,12.60856239914052,6.611386433053546,18.19630951577047,0.3411711456082391,0.022873725620567376,0.09500764783655193,0.001773808864836997
2025-04-04,14.941797026505718,6.279066759474755,22.41919925770863,0.3494426456749016,0.0038210605053191488,4.09132051975169,0.07785324086534215
2025-04-05,13.893543503132282,8.208918080431372,18.80768328727562,0.3693169073010167,0.0002635333554964539,2.0441995737278473,0.046708418967876024
2025-04-06,15.503502205923116,8.012835498566345,21.776542241522627,0.36623336575555454,0,3.700762226124164,0.06736612066309502
2025-04-07,15.979348294954796,10.19275480229806,21.812992047249026,0.35589865014908156,0,0.007715757754659592,0.00012244315857582903
2025-04-08,16.09195822587253,10.238024188102584,22.239460592067008,0.34384494808548727,0,3.800571979360377,0.0761753701149149
2025-04-09,12.984334366710488,7.477267975502849,17.553728339012658,0.3718681660104305,0,2.6805768621274026,0.060937189041300015
2025-04-10,13.759515083258888,6.465687009121532,20.737734141248357,0.3474978291396554,0,0.0024942640539422347,3.829915472801695e-05
2025-04-11,15.836791564724987,5.637825499189683,22.9095905060464,0.33046572529677803,0,0.0017228005049219064,2.447594987585189e-05
2025-04-12,16.935950943426054,8.048725598923726,23.816131916451983,0.3176295693039048,0,0.03162420591513395,0.00043587481721918636
2025-04-13,17.189061766820615,11.073217838368539,22.59193355479141,0.3150328210059632,0,1.4618528015046919,0.02154384521727866
2025-04-14,16.128751265072665,10.143748441655607,22.04667501246678,0.31588817082398324,0,1.252631101050988,0.017606704793077833
2025-04-15,17.088335551268703,10.466178731715448,23.001522632355407,0.3081934611002604,0,0.4118695637902071,0.005480900723883446
2025-04-16,15.761972110829474,10.64994097770531,21.53770732473822,0.3011787441605372,0,0.895132282946972,0.012212611259298121
2025-04-17,14.667808061964987,9.154157273312855,20.594379571143637,0.33332747060356405,0,12.844332771871759,0.4618677687137685
2025-04-18,8.837759136984554,5.166061076712124,12.486961592004674,0.4038343659529449,0,24.574889591297342,1.6704762869692862
2025-04-19,5.954840821070042,3.3419564105094977,8.010708942819171,0.42381156217967364,0,10.157587490080923,0.29105442635556483
2025-04-20,7.216766392592858,1.8217835121966648,12.286860559341777,0.3987316402137702,0,0.32705487083269846,0.006100852438744078
2025-04-21,8.108169915490139,1.4805048516456345,13.269981936191012,0.39060049665735125,0,2.5132103539832276,0.057502249453930135
2025-04-22,9.843063703496423,2.758048134661758,15.1973872407954,0.3778884508931045,0,0.42276871097377067,0.009860320294156988
2025-04-23,10.955174471807847,3.0465782652510196,17.03711729658413,0.36173736355828895,0,0.03869134057469366,0.0006255317241587536
2025-04-24,13.175697039881525,4.28493275743852,20.029320315097262,0.3466836158265459,0,0.0008633459387397124,1.7817984236047622e-05
2025-04-25,14.466807799643671,6.726127072598094,20.70040315668636,0.3362441854274019,0,0.15886375497831776,0.002356032107738738
2025-04-26,16.47439967486876,7.089506628158267,23.382801851313186,0.3251648111546293,0,0,0
2025-04-27,19.310700369219408,8.993696756565846,26.255951836768638,0.31191809633944895,0,0.0017225872284143406,2.1146967055949757e-05
2025-04-28,20.890596084053666,11.787394616958965,28.356462129633496,0.29868948375079646,0,0.002568228921973059,3.379710177157787e-05
2025-04-29,19.392626804324777,12.953558414540414,25.127251028507334,0.285632021207336,0,0,0
2025-04-30,18.727596737476116,12.283344739548726,23.582844381129508,0.2742258599463929,0,0,0
2025-05-01,18.486840073605826,13.821173030772128,23.169293862200817,0.2652595628237893,0,0.11895234997972635,0.0013618393147245365
2025-05-02,17.899032936366748,12.590024777676218,23.008095079787257,0.2629574281949523,0,0.9672533193972238,0.013758083607288115
2025-05-03,18.224205347155856,11.561423248940347,25.1438836280336,0.25336352138654555,0,-2.536367862782575e-07,0
2025-05-04,19.347151400518783,11.230844440866045,26.878383230655775,0.2394670824632577,0,0.0008630463774750297,5.833646084399933e-06
2025-05-05,19.918185319291805,11.836502140126353,26.867245743122524,0.22580986022949218,0,0.0008523463748133508,2.9168230421999664e-06
2025-05-06,21.03996123997034,12.816450468022794,27.94601881960607,0.21372797539893615,0,0.0017171240642710472,1.7817984236047622e-05
2025-05-07,22.071921539306665,12.994092640978247,28.979433944377515,0.20396061890514183,0,0.0008588312034873979,2.9168230421999664e-06
2025-05-08,18.98156142268623,13.774122652094437,23.27918941416641,0.19791275457287508,0,1.0942957551665429,0.010233800461951721
2025-05-09,16.581049804146414,10.64769650723074,21.645930123836454,0.1994029295359943,0,0.037520806737807395,0.00037094379993195226
2025-05-10,17.786403775046082,10.50894275421794,23.66770259776016,0.1920154977352061,0,0.02251108910032971,0.00019834396686959775
2025-05-11,18.67998961320161,12.296640534096598,24.341954722303047,0.18362501157936476,0,0.001309146267401429,1.2237974937925945e-05
2025-05-12,19.605496042670953,12.037827447120202,26.253700548537253,0.17533372919610207,0,0.0021457671550706436,5.833646084399933e-06
2025-05-13,20.756441343591593,12.021627937479243,27.532548295690678,0.16855093773375165,0,0.0008583068797918258,5.833646084399933e-06
2025-05-14,22.1371183895896,12.864458319481404,29.05457192278925,0.16200099701577045,0,0,0
2025-05-15,22.890196374122148,14.178324403154111,30.61310678035657,0.15577476447355662,0,0.001711839331619558,1.6359572714947638e-05
2025-05-16,23.95587417386104,13.875878386801885,31.76844112315079,0.1500123558314979,0,0.000852346317969932,2.9168230421999664e-06
2025-05-17,22.44885672440767,14.00283255069816,29.144918693380173,0.14550674925459192,0,0.0017166137808999338,1.7817984236047622e-05
2025-05-18,17.461982916432948,11.211041454558696,22.612236964448993,0.1424891559790212,0,0.0021517271306947805,5.833646084399933e-06
2025-05-19,18.895650877174763,10.891089061980574,25.63039381960607,0.14001343909730302,0,0.00210706537961627,2.238344638905627e-05
2025-05-20,19.991634999268474,11.737175604637653,26.875571392952146,0.13735756299174423,0,0.0008484290106025583,5.833646084399933e-06
2025-05-21,22.546652362363577,12.04190368652346,29.706103645487055,0.13463762161579537,0,0.002145117605323321,1.7817984236047622e-05
2025-05-22,23.768634606760475,14.989104510368207,30.98083892172958,0.1338046053622631,0,0.32983213029009223,0.0021236374023112844
2025-05-23,20.421443993318192,12.492089908681038,27.015765640583464,0.13409991162888546,0,0.24690209551060452,0.0016500975223297768
2025-05-24,20.058266865615316,12.011897115504508,26.73099202906834,0.13251260256936365,0,0.0017046927496267017,5.833646084399933e-06
2025-05-25,21.27197282398848,13.6747242379696,27.621785525058204,0.13066911359205313,0,0.29757022857666016,0.0018273896359382788
2025-05-26,19.949061992997,14.839494745782103,24.947101089802214,0.13503689867384888,0,0.7848366777947609,0.004675730745843116
2025-05-27,14.68088707890073,11.070772016809364,17.184899577688686,0.17743798384429715,0,6.13231620888892,0.04907240892978425
2025-05-28,17.119791093109377,9.75241582342921,22.29789707914314,0.19009263058926193,0,0.013695371911880817,0.00010576653987803357
2025-05-29,15.955556826219494,9.167800708527283,21.00725337901016,0.1776585653318581,0,0.1951476994981157,0.0011875274333548037
2025-05-30,15.02535628460825,8.950657296688021,20.45398001163566,0.17533918069609514,0,1.2626081071001418,0.008792255787139243
2025-05-31,17.30388312644148,8.899220308344438,23.405951057596432,0.1704082191413176,0,0.000864594085214776,2.9168230421999664e-06
2025-06-01,18.44446393817876,10.505494008165748,24.680826195250187,0.15926219859021776,0,0.000855822065659595,2.9168230421999664e-06
2025-06-02,19.419593949013603,11.080013908223927,25.91299600804108,0.14965089568009612,0,0,0
2025-06-03,20.35533691298034,12.178428682367873,27.149212191967276,0.14175269755911318,0,0.0008583068797918258,2.9168230421999664e-06
2025-06-04,22.13820630607877,12.207518687146797,29.615365340861892,0.13554811951116466,0,0.0008583068797918258,2.9168230421999664e-06
2025-06-05,24.59133638422542,13.504632698221432,31.238006137279772,0.1310612644709594,0,0.002414305159386168,1.7817984236047622e-05
2025-06-06,17.97530685316587,13.683524403673557,21.846840456698825,0.14731603852400543,0,4.601347700078437,0.033326415305441996
2025-06-07,18.354119058703724,12.875743654941012,23.486115281125358,0.17934575723418106,0,0.6958035078404786,0.0055275698925586455
2025-06-08,21.445642904186954,13.22160722448473,26.28735065866026,0.1683549407526111,0,0.25416320942320464,0.0014981056781525307
2025-06-09,20.005119091061026,15.393179581013152,24.125754888007002,0.16525344848632814,0,0.7532056341438932,0.004350885431817237
2025-06-10,20.537810575877558,14.119831036506836,25.343148284262817,0.15832356121523158,0,0.2981065434589274,0.002180642270027323
2025-06-11,20.964710819974865,14.12428316156917,26.607935414415746,0.15022648479921596,0,0.004743388358582842,5.903396200626455e-05
2025-06-12,20.148487867531223,14.201480621987221,24.82617038158662,0.14865525969376797,0,1.2099662993766882,0.007021490563737584
2025-06-13,21.65211754386307,13.752659249813021,27.6870270424701,0.14779277558022355,0,0.29331103280897647,0.0014281019251397315
2025-06-14,22.95252817302734,15.939266513256335,28.21926230572642,0.14178178124393978,0,0.15551263982813984,0.0008061211159888735
2025-06-15,23.70468324160747,16.80647206407914,29.59721036870431,0.1355054922983156,0,0.0025796844056458212,1.7817984236047622e-05
2025-06-16,24.576876971738578,16.237798098300388,31.263264887383666,0.1301214448103668,0,0.0021457652792378212,2.9168230421999664e-06
2025-06-17,25.736462272481738,16.26435670243935,32.678846773188184,0.1262535663361245,0,0,0
2025-06-18,27.45747813772649,17.08796029598157,34.31494601635225,0.12367095406173814,0,0.0012874602930423862,1.4584115210999832e-06
2025-06-19,25.07064167320308,17.94251624574055,30.979901577564018,0.12231749406097628,0,0.04930768875365562,0.0002084260291241585
2025-06-20,23.449465371530962,17.556693089261987,28.415206194938516,0.12144034906482018,0,0.0018894671711677802,5.833646084399933e-06
2025-06-21,25.379993184407574,17.7737841017703,31.168598905522792,0.12109137190149186,0,0.11386173833317755,0.0005862180222856238
2025-06-22,25.11501942357275,17.773794555664086,31.35758024175119,0.1204570878482034,0,0.0008583068797918258,0
2025-06-23,26.074278938347586,17.35138900432183,32.403256939827145,0.11966581141695062,0,0.00043682769046426984,0
2025-06-24,27.739323330601913,19.08039661163982,35.117985112616374,0.11906961481621925,0,0.0012837981557822786,2.9168230421999664e-06
2025-06-25,26.895658639136794,18.31119501641458,34.20621500218171,0.11869728954125802,0,0.00966381514851317,4.8698262965425524e-05
2025-06-26,22.989471178528284,16.240325927734396,28.727129282849923,0.11849176393333057,0,0,0
2025-06-27,23.637799478084517,15.776846313476586,30.183814710251845,0.11833489330102365,0,0,0
2025-06-28,23.539517682663952,15.813634539665081,29.70377366086272,0.11820054561533826,0,0.0012970361922270968,2.9168230421999664e-06
2025-06-29,23.3225312469699,15.367617213472428,29.606387264170568,0.11810204796757257,0,-4.755293048219755e-06,0
2025-06-30,24.307044706953356,16.038086781603248,30.933425189079145,0.11801157741681904,0,0.0004261732051702438,0
2025-07-01,25.948043671736514,16.70483021837602,32.4803758986453,0.11791911023728391,0,0,0
2025-07-02,27.250184230939745,19.3174097588722,34.28776991823888,0.11785062424680018,0,0.000852346317969932,2.9168230421999664e-06
2025-07-03,28.576465896173595,19.397392565138816,35.65426570811172,0.1177960470213112,0,0.0004351138045421976,0
2025-07-04,31.707093954424515,22.23437026003576,38.82901955462519,0.1177221636400155,0,0.000852346317969932,2.9168230421999664e-06
2025-07-05,30.518075942993182,23.65153964428194,37.21757552775932,0.1176855425462655,0,0.0004351138613856165,0
2025-07-06,29.005630923332085,22.54826705607964,35.69981715425534,0.11766670443487506,0,0.0004351138045421976,0
2025-07-07,27.87805285622889,22.064113730572664,34.07199733003659,0.1176567699892301,0,0,0
2025-07-08,26.73083859436903,21.665716682596432,32.17057417199969,0.11765861781776372,0,0,0
2025-07-09,25.145507826027327,18.033770362367044,30.235517331387157,0.11768023984652039,0,0.00343952706316486,1.4076841638443316e-05
2025-07-10,22.730131463125268,16.258809580701485,28.279469396712955,0.11769080736958387,0,0.00042021277479875607,0
2025-07-11,22.547903821147106,16.04307939245348,28.49074369389962,0.11770102859388852,0,0.0004351138613856165,0
2025-07-12,24.84434123208338,16.585287280792908,31.106988914976753,0.11769022569588737,0,0.0012993812106287805,5.833646084399933e-06
2025-07-13,25.442850810923485,18.94514900369849,31.38068003553027,0.11766516232321449,0,0.000870227722771233,0
2025-07-14,25.262328679510905,18.57778177464264,31.128265315928378,0.11771658498344692,0,0.016940908229097402,6.778443113286444e-05
2025-07-15,25.22975123790986,18.271216339760656,31.158165010492873,0.11773853978366718,0,0.0008583068797918258,2.9168230421999664e-06
2025-07-16,25.89028062482255,18.25297000966176,31.631931710750518,0.11768757164055574,0,0.0008560235578158881,2.9168230421999664e-06
2025-07-17,26.892949089429074,19.6852342970828,32.52009205919633,0.11766040071528008,0,0.0008560787136957515,0
2025-07-18,28.393155545714922,21.357930414727416,34.64728387061588,0.11763546720464178,0,0.0021388107711572957,2.9168230421999664e-06
2025-07-19,28.534455717370882,21.340972900390646,34.575741577148456,0.11761356380814354,0,0.0008789251246810181,2.9168230421999664e-06
2025-07-20,29.062696048384897,20.941971993953644,35.18516176913649,0.11758951227715674,0,0.0004410743663640915,-2.9168230421999664e-06
2025-07-21,28.963437160194356,22.85505728214347,34.74850710605055,0.11756772521539782,0,0,0
2025-07-22,29.19536045426175,21.888282353827314,35.91312392214514,0.11754172845935144,0,0,0
2025-07-23,29.066155378192885,21.05020641570398,35.92143866356385,0.1175182450747659,0,0.0012847321499975806,2.9168230421999664e-06
2025-07-24,27.49945016955655,20.024291472739385,34.15580230063583,0.11751089704797622,0,0.0012814997489840607,2.9168230421999664e-06
2025-07-25,27.341943224102064,19.239390271775285,33.95359711342672,0.11750544825344222,0,0,0
2025-07-26,26.799222161583888,19.728518352102746,32.88166023416724,0.11760994660938885,0,0.02509710636544735,7.913467731881648e-05
2025-07-27,24.577483846786183,19.16111852767622,28.86891252233629,0.11767295675074799,0,1.8705712988021526e-05,0
2025-07-28,23.96462389087003,17.39021846690079,29.197227575423888,0.11764129205798425,0,0,0
2025-07-29,23.994494214971027,16.774536262674555,29.77950179729058,0.11761555773146608,0,0,0
2025-07-30,25.207488845933423,16.988697912337955,30.92087298454124,0.11839073668134974,0,0.1914992611458961,0.0007432191929918654
2025-07-31,23.910330903614668,17.973698003241378,28.98848688653177,0.11877211983322253,0,0.0017106522136600688,2.9168230421999664e-06
2025-08-01,23.245663403450198,16.195041737657935,28.954364792844103,0.11835046321787732,0,0.0004351138613856165,1.4584115210999832e-06
2025-08-02,23.076525245828872,15.45821228027346,29.195621636573325,0.11808712736089177,0,0.001293420723413874,1.4584115210999832e-06
2025-08-03,23.6074363465005,16.563746675531934,29.925585288189847,0.11793310557696834,0,0.0021517275854421314,5.833646084399933e-06
2025-08-04,24.146166678354266,17.343680458880506,30.245349510679876,0.1185660017297623,0,0.16887720598425457,0.0006654161088010097
2025-08-05,24.23488562834181,17.836029247527446,30.352619771754508,0.11878291190938745,0,0.002584924004622735,5.833646084399933e-06
2025-08-06,24.62959340954507,17.745184585895963,30.849539768949487,0.11833859436900904,0,0.001279668822462554,2.9168230421999664e-06
2025-08-07,24.69984843477293,17.69093640915893,31.20092357878991,0.11804730841454038,0,1.8302444004802965e-06,0
2025-08-08,24.65664738323674,17.153527442445167,31.09713537337934,0.11786152995224539,0,0,0
2025-08-09,25.61609314992918,17.331397653133333,32.245231790745535,0.11774958076206504,0,0.0012874602930423862,2.9168230421999664e-06
2025-08-10,26.402868725391162,18.16743891289896,32.96759539665062,0.11768770691350841,0,0.0008583068833445395,2.9168230421999664e-06
2025-08-11,27.102945414333508,19.59798291794799,33.57426277322974,0.11763988521927637,0,0,0
2025-08-12,26.076890718176045,19.62268955961189,32.65092974723656,0.11761465410814215,0,0.0012846361983065435,2.9168230421999664e-06
2025-08-13,24.929412349403343,18.932383305975755,31.44610459347991,0.11761106666943705,0,-7.456947059836239e-06,0
2025-08-14,24.197876717858293,17.852715869660095,30.259160143263813,0.11760236861857962,0,0.0004261732051702438,1.4584115210999832e-06
2025-08-15,22.59679640641451,16.26197659106967,28.585237348840614,0.1176125167954898,0,0.0025678098722892173,5.833646084399933e-06
2025-08-16,22.012484346213924,15.515285930227748,28.111457922103583,0.1176258384758699,0,0.0008594739142608887,2.9168230421999664e-06
2025-08-17,22.39127948842152,14.933820099526287,28.19880948979806,0.11770086897180435,0,0.041468092735777506,0.00016644914099510678
2025-08-18,21.814616910785652,16.444902135970768,27.43511612263134,0.11790874291819037,0,0.0005158688843360981,0
2025-08-19,22.901898834553197,15.700386729138986,29.708907107089452,0.11780006192254679,0,0.000852346317969932,1.4584115210999832e-06
2025-08-20,23.42751916114323,15.514844464241213,30.374723328935364,0.11772894352040392,0,0.000852346317969932,4.37523456329995e-06
2025-08-21,23.687974540223475,15.995600144406605,30.63890971731635,0.11769843405865607,0,0.00257171825523983,2.9168230421999664e-06
2025-08-22,25.08788820631964,17.932541997382003,32.154551404587785,0.11766710213735593,0,0,0
2025-08-23,24.360852413312795,17.366070816364715,30.62169734873672,0.11764820991678439,0,0.0014943011249372714,1.0399108237408577e-05
2025-08-24,23.377327582176715,16.91741683635308,30.209821011157768,0.11763595959818955,0,0,0
2025-08-25,24.58933435264211,16.130695229388316,32.020170171210125,0.11761409137265902,0,0,0
2025-08-26,25.365271096195755,17.048245109395797,33.467368397814184,0.11759613524092004,0,0.000852346317969932,0
2025-08-27,25.322923852365935,16.962195473528944,33.19941289374171,0.11757507594764653,0,0,0
2025-08-28,25.11501498661989,16.830439725835294,32.9958262342088,0.11755618913799311,0,0.000863488196500839,2.9168230421999664e-06
2025-08-29,25.53712336222332,16.626108632189183,33.70869893824803,0.11756060174170961,0,0.0017040895272657508,2.9168230421999664e-06
2025-08-30,24.974634205703204,17.616273855655773,32.31321599432765,0.11757084460968667,0,0.0017076895346690435,2.9168230421999664e-06
2025-08-31,22.158335186572813,16.07169358273772,29.605384794194666,0.11760033952428937,0,0.0025699700927361846,5.833646084399933e-06
2025-09-01,21.557915469771604,14.664488382542409,29.08443558063915,0.11761364767737421,0,0.0004584670350027409,0
2025-09-02,21.75043611188309,14.816663506690515,28.95785652322974,0.11762185874560199,0,0.0008515731337865873,2.9168230421999664e-06
2025-09-03,21.895764114163466,15.219567871093773,29.38659317341259,0.11761924256669715,0,0.0004261732051702438,0
2025-09-04,23.064415570522886,14.581562902572328,29.823894614361723,0.1176184038743905,0,0.0008583068797918258,2.9168230421999664e-06
2025-09-05,22.29091302046541,15.449044540080642,28.71637255080205,0.11762198319671846,0,0,0
2025-09-06,22.48817234445128,15.049077005589284,29.238094508394305,0.11762137987934951,0,0.0008583068797918258,2.9168230421999664e-06
2025-09-07,22.53515491891416,15.580825935526118,28.538339168467438,0.11762271637612201,0,0.0004410743663640915,0
2025-09-08,22.010223832367195,15.752345762861559,27.784709070083963,0.11763894371952571,0,0.0016057109824129277,2.9168230421999664e-06
2025-09-09,22.073307846285797,15.799318159387491,28.494612803357732,0.11765466514208639,0,0.0017106532936850272,5.833646084399933e-06
2025-09-10,21.89974132023807,14.207398045316678,28.640242036860062,0.11765721097905585,0,0.0008583068051848386,1.4584115210999832e-06
2025-09-11,22.215949354780495,13.69763716028094,30.347381591796896,0.11765565804555905,0,0,0
2025-09-12,23.72095230860071,15.759081836456971,32.370780522772634,0.11764188725897605,0,0.000852346317969932,2.9168230421999664e-06
2025-09-13,23.12682664208381,16.44799116418719,29.797441977642972,0.11763798869247977,0,0.000852346317969932,0
2025-09-14,20.6284919332951,15.19023820593004,25.398927534387486,0.11766024650411401,0,0.00044107436991680515,0
2025-09-15,17.814186272046275,12.151460947888987,22.803432383435858,0.11770438065765595,0,0.002570709511928726,2.9168230421999664e-06
2025-09-16,15.047035531118423,10.96620691177695,19.226828976894968,0.11775296258588208,0,0,0
2025-09-17,15.979865962901044,10.604653865733068,21.17607993267954,0.117778280271706,0,0.001957441795784302,1.0399108237408577e-05
2025-09-18,14.418671847404337,8.948203618475754,19.672605733668572,0.1259372792345412,0,1.0693471482459536,0.004055398575803067
2025-09-19,15.779663475523622,8.358525377638818,22.616835379093274,0.12480708453672153,0,0.0004261732051702438,0
2025-09-20,18.381462002476923,9.44776013962768,26.10940668633646,0.12317482427502355,0,0.0012934207802572928,2.9168230421999664e-06
2025-09-21,21.194800172629954,13.077552438289581,28.404157987554047,0.12185404621962959,0,0.0004351138045421976,0
2025-09-22,17.64856142084653,12.141431962682868,22.808866005755508,0.12093141163494571,0,0.0017046927496267017,2.9168230421999664e-06
2025-09-23,15.988792506008311,10.287121711893306,21.960564016788588,0.1203563149093736,0,0,0
2025-09-24,16.726662220515298,10.297052261677218,23.419923628137486,0.11988087106258309,0,0,0
2025-09-25,17.245429532747757,11.712471625145469,23.238854980468773,0.11950396544544409,0,0,0
2025-09-26,16.510242702944083,10.758903341090448,21.883177931765317,0.11924864045271635,0,0.006255317236613738,1.864230379145196e-05
2025-09-27,16.751229766412838,10.303171685401452,23.519695135887655,0.11901803253390261,0,0,0
2025-09-28,17.33814893140863,9.935328057471763,24.62384046189331,0.11878877463915669,0,0.0025725383352437348,2.9168230421999664e-06
2025-09-29,18.743408903838915,10.412900624376684,25.91708848019866,0.11860133502500275,0,0.0017242139733752992,2.9168230421999664e-06
2025-09-30,17.561955158423043,11.028517572930541,24.012908221305704,0.11845004846018256,0,0.0004351138045421976,0
2025-10-01,15.636722194049415,9.113681419859564,23.097007783930373,0.1183444192223515,0,0,0
2025-10-02,14.292454117578828,8.820001675220269,20.62894650723074,0.11829453596832058,0,0.004360396731721885,2.1559126833651927e-05
2025-10-03,13.690722796933898,7.969837984125687,20.169041670129676,0.11827545166015624,0,0.0008523463748133508,2.9168230421999664e-06
2025-10-04,13.823564586233607,7.1232009563040455,20.423415098799055,0.11829325358072915,0,0.08648494446444911,0.0003067102838069834
2025-10-05,12.937766990932177,6.964649216672229,18.631964890500353,0.11939807648354388,0,0.08404850961554189,0.00032693781751267454
2025-10-06,12.448050080968988,5.584546028299557,19.606171628262157,0.11924817511375914,0,0.002571940399320738,2.9168230421999664e-06
2025-10-07,13.622328645963226,6.887765762653779,20.170164717004674,0.11903878611030308,0,0,0
2025-10-08,13.797685677278137,6.82032094103227,20.16200678399271,0.11885375976562498,0,0.001293420723413874,0
2025-10-09,14.218077130689718,7.160542264897794,20.115182560048222,0.11870468085539256,0,0.0017225738702109084,2.9168230421999664e-06
2025-10-10,12.802249995021985,6.8111988473446035,19.340155418882997,0.11857924765728889,0,0,0
2025-10-11,15.075576178909206,7.17003803658995,22.867252755672396,0.11845243467506787,0,0.0004351138045421976,0
2025-10-12,16.367020978995264,9.843374179271963,23.343412228848095,0.11834844765088234,0,0.0008626453222859709,1.4584115210999832e-06
2025-10-13,15.894939244047142,8.937107556931537,23.71841326774437,0.11826032543858737,0,0.0004276632239452738,1.4584115210999832e-06
2025-10-14,16.690451945311654,8.586415262425222,25.837745374314352,0.11817027423398713,0,0.0012889503864244034,0
2025-10-15,17.645131123319597,9.189559871592444,26.087348970453814,0.11809794649164726,0,0,0
2025-10-16,17.186519703966518,10.49307627576465,24.336309359936024,0.11805192933860398,0,0.0017195939108205494,2.9168230421999664e-06
2025-10-17,16.11769052870731,9.444411647066179,23.01297659366691,0.11803435738205063,0,0.0008583068797918258,2.9168230421999664e-06
2025-10-18,13.441779021675725,7.211857507583965,20.376898712807538,0.1180313137406153,0,0.0004351138045421976,0
2025-10-19,11.758440696770439,6.061833418176552,18.495303149933534,0.11803631883986451,0,0,0
2025-10-20,12.831827041950662,5.196792342815016,19.04444820322891,0.118048298612554,0,0.001716613667213096,2.9168230421999664e-06
2025-10-21,13.503494646870532,7.963245537940514,19.703558933988553,0.11806176909318207,0,0,0
2025-10-22,14.669561096624292,7.519386583693506,22.568606307658765,0.11803894042968749,0,0.0008558877198083792,2.9168230421999664e-06
2025-10-23,15.305398307962651,7.856221949800553,22.7514974391207,0.11803821807212017,0,0.0027186057914053534,9.32115189572598e-06
2025-10-24,15.47987694165387,8.987809266435361,21.617358268575487,0.11830767097202598,0,0.05418303157071892,0.00019688555534849773
2025-10-25,14.632505368171875,8.598604112990381,20.631187211706305,0.11846335661326737,0,0,0
2025-10-26,14.262369991870667,7.189968417553213,20.597679949821334,0.11840845202723292,0,0.004481001007254714,1.7817984236047622e-05
2025-10-27,15.24070309307561,6.3468102637757875,22.563650707488385,0.11884166636365524,0,0.1520475174063594,0.0005486163687198719
2025-10-28,13.674690373738613,7.4303231746592635,19.96238870823639,0.15257883815900652,0,10.299253589654015,0.060062522583819444
2025-10-29,10.815159385085979,4.645705072930541,17.68322598071811,0.24155643814844444,0,0.0024634471844094267,8.7504691265999e-06
2025-10-30,13.014416666233824,3.8957849380818046,21.53435117031668,0.22400352532136525,0,0.0004351138045421976,0
2025-10-31,10.83517155478187,4.448136349941844,18.676858780231903,0.2123666668614597,0,0.26308957566606234,0.0010492953848331532
2025-11-01,9.054376174710358,3.6743729611660796,15.822125698657766,0.20430115233076376,0,0.000852346317969932,0
2025-11-02,10.634256679453765,5.29989760378576,17.063137687520797,0.19597157688005595,0,0.0004351138045421976,0
2025-11-03,6.9607852773463605,1.2576299789104282,12.815683957363719,0.20542941803627823,0.21007417719414892,5.444419891276258,0.028751632000537628
2025-11-04,0.8091966750774052,-0.9566429625165995,2.731377589448992,0.32831470137792274,16.189041722074467,14.613117055587715,0.07377545884315002
2025-11-05,0.8852065093128657,-3.1465680710812602,5.635595378469936,0.3057367230138034,20.21447909740691,0.08467347069459027,0.004236495241205744
2025-11-06,3.2491528125519613,-3.8107071247506417,11.926016819730739,0.2847846200280156,16.361945229388297,0.0004351138045421976,0.005086875976400172
2025-11-07,4.8970747115764475,-0.9351740410987138,11.355990210999854,0.27335623612640597,12.225708527260638,0,0.005240960324064214
2025-11-08,4.634386920252597,-0.3703051627950238,10.82537984645115,0.26457210838371975,8.77375505596188,0.0017106532936850272,0.004170866722756243
2025-11-09,5.359963104572721,-0.13147784293963813,11.78921158161571,0.25655130426934425,6.056777413009752,0.0008612763018334135,0.003377998128850409
2025-11-10,5.376330452776985,0.0722193291846969,11.580806391289919,0.24912507348026788,3.9828589040336877,0.0008553265615773853,0.002471056390315928
2025-11-11,5.5499724124340375,-0.009186180601706033,12.731960410260164,0.24211162269538172,2.5062704316267728,0.0017195939108205494,0.0017766622786826276
2025-11-12,6.190521797558967,0.2006037935297767,14.136187744140647,0.2354065130788384,1.494679465868794,0.0008523463748133508,0.001197989950788782
2025-11-13,7.455716391489043,0.2487997501454682,16.46727061170215,0.22862789072888962,0.8372129183289007,0,0.0007480382919311523
2025-11-14,8.356387943240799,2.373311468895468,16.379331678025288,0.22200194013879654,0.44499078845301426,0.0017104184735217132,0.0004412011897310298
2025-11-15,7.8716593072769685,0.9209347339386863,17.3854972027718,0.21585867320392146,0.23374092697251775,0,0.00022009332129295834
2025-11-16,11.190246281725326,4.135219427879843,15.636778551466941,0.21137972622052997,0.12902468417553192,0.0012785195266928895,0.00010405449157065532
2025-11-17,10.448762766520199,3.767262495324989,17.08627579060009,0.2063950910635874,0.06756254155585106,0.0004351138045421976,7.558376231092086e-05
2025-11-18,9.98177799468347,4.618465147627184,16.878157595370702,0.2010978509348335,0.03258047983156028,0.005948615520576416,6.359942415927317e-05
2025-11-19,8.213474203339716,2.526543799867044,14.67728823398024,0.1964191896695617,0.016322099401595746,0.0008583068797918258,1.3315931279608543e-05
2025-11-20,6.243968741775438,0.5950276476271835,13.438832644198826,0.19231385575964097,0.008533494015957448,0.0008523463748133508,9.574788682004238e-06
2025-11-21,5.731126744696449,0.042305284865381765,13.600339848944504,0.1887541128388533,0.004223805961879433,0.0017066367945517413,8.496832340321642e-06
2025-11-22,5.890576694028621,0.049231021962290004,13.464325470620034,0.18551724210698553,0.002122465093085106,0.0008463859444418631,2.9168230421999664e-06
2025-11-23,6.404989794467373,1.0813379165974295,13.155187403902117,0.18271516299416835,0.001117506094858156,0,0
2025-11-24,5.622489926493787,0.5154529977352288,13.247670210168739,0.18007502995484262,0.0003566877216312057,0,0
2025-11-25,6.888831507906026,0.08668297300949745,14.957439276512654,0.17746843919686392,0,0.0004410743663640915,0
2025-11-26,9.50046724901132,5.214393258602084,14.975099474318506,0.17499965911215926,0,0,0
2025-11-27,8.045652330006288,2.741237364424059,14.117169514108234,0.17262331915239915,0,0.0012848941537413339,2.9168230421999664e-06
2025-11-28,6.22952976091536,1.0820557939245574,12.355580041763652,0.17053721813445394,0,0.00045381979774106185,0
2025-11-29,5.212141385991555,1.674327509453979,10.581037870366545,0.16874162660422898,0,0.0008581437214161269,2.9168230421999664e-06
2025-11-30,3.049870730460989,-1.8641063933676634,10.002521725918406,0.16706110095301416,0,0,0
2025-12-01,3.4003214788775344,-1.9235302214926633,10.058962298454144,0.16555072973805962,0,0,0
2025-12-02,3.7993838262896387,-2.0736743683510412,11.581652702169238,0.16417395138571447,0,0.000852346317969932,1.4584115210999832e-06
2025-12-03,7.029848550566581,-1.0134192284117125,13.4854836971202,0.16272542967018502,0,0.0353605188198789,0.00017754575039478056
2025-12-04,4.914261959968752,2.518894666306539,7.919181012092775,0.179187517639593,0,3.4568850664382285,0.01750765962803617
2025-12-05,2.0635592656778177,-2.926206937749312,6.547413732650455,0.1992283597905585,0,0.24695117422874935,0.0018776731288179438
2025-12-06,3.356628712863807,-3.4011292153216197,10.356215651491876,0.19651679181038065,0,0.20247735875718134,0.0008763150965913812
2025-12-07,5.617424728177142,1.3095551186419774,11.064205737824159,0.1950876844690201,0,0.04988059074234347,0.0002219321879934757
2025-12-08,4.66368706885807,2.466366317424391,7.400209857047895,0.27324443573647356,0,8.14922198336175,0.05745722892436575
2025-12-09,6.5769727909818885,3.883539922186691,8.90929701784826,0.2976062531166888,0,3.1590855502067727,0.021853155278144996
2025-12-10,6.487487259993331,3.2135576613406145,12.425807936648127,0.2838034447203291,0,0.04941294791764294,0.000300940046919153
2025-12-11,10.277880989237069,3.708776011365548,17.39267727466342,0.26911358123129986,0,0.28933705167567475,0.0015003250000324654
2025-12-12,7.963273157971987,4.602531660364051,11.961898219331804,0.26298375231154425,0,1.2437977688354622,0.007442464219762924
2025-12-13,6.084195103205705,4.728938001267476,8.095602936440349,0.30800747431761827,0,8.83482361724162,0.07204289766068155
2025-12-14,6.186298884398566,0.7620363925365917,11.784684656021465,0.36167712921791895,0.02224588597074468,14.569316566917221,0.1343085727793105
2025-12-15,0.49911496047435516,-1.852502571268262,4.246525541264982,0.3546035252564342,7.3883719802748224,1.8708735656663849,0.006347704440989393
2025-12-16,4.7693583765774115,-1.764930303046021,10.583276561980574,0.33437679101389356,6.872735552415779,3.1400202436650053,0.03384770231044039
2025-12-17,4.710334574922622,2.9582435120927753,6.406344279837122,0.3989816354521623,4.395078055740249,16.997626106687452,0.21264496001791447
2025-12-18,0.32457859228691754,-0.9825197260430291,3.676591978681871,0.40345201965764893,16.299584787788117,13.295620756216374,0.15368284063136325
2025-12-19,1.8274322699147971,-1.1667556438039997,5.184053331740382,0.37853904886448636,22.15247984541223,0.09657049417934646,0.011436482693286652
2025-12-20,-1.1664171827600036,-4.187763490068128,2.0474423672290785,0.38317657633030666,60.81562534629875,15.063280247525102,0.03798686443491185
2025-12-21,-2.392182684282876,-4.541947450029066,-0.16574538210602777,0.36689058669069974,99.46609458111702,1.9508442979950484,0.0017013955623545543
2025-12-22,-1.9548537504588241,-5.2978007215134415,1.9653344336976624,0.3629148875567931,96.00945430241578,0.46564809811527197,0.011745792754152986
2025-12-23,-0.14521254681525264,-6.890256516476872,4.37692351645614,0.36467745084289116,88.16973141068263,0.000852346317969932,0.019420588270146793
2025-12-24,0.7484151718464581,-3.1532001901179956,8.215546628262157,0.36984862469612284,76.34643554687499,0,0.03409474454027541
2025-12-25,1.3601918863066818,-1.919418399891932,7.229865086332302,0.37094911886445175,62.28271796043883,0.12266318839697593,0.030953579760612325
2025-12-26,-0.37483832988330645,-3.3904957872755754,4.091417483066014,0.3695641781421418,51.73146920711436,0.4619325728899252,0.02639877035262737
2025-12-27,2.563829925212477,-3.344141534034219,9.21914328717173,0.3682029372411416,40.67658812610816,0.0021311834643711336,0.029147495614721422
2025-12-28,5.375047415875407,2.455347978307868,9.982950283618706,0.368753684835231,30.503070631094854,1.3778720129856934,0.03532748273078431
2025-12-29,6.795552628429235,0.86800160509477,14.980495436648129,0.38393237337153,19.9710625831117,6.141838367846822,0.12415203642337878
2025-12-30,4.643767642298507,2.315109382791745,7.728193567154278,0.40969844033532105,12.05504418772163,11.72201119829782,0.19998883313321053
2025-12-31,-0.31409764932399503,-2.8206052090259077,2.9499488343584,0.4066114303913523,25.55917276152482,7.2900025926331065,0.06906919656915868
